customerID,gender,SeniorCitizen,Partner,Dependents,tenure,PhoneService,MultipleLines,InternetService,OnlineSecurity,OnlineBackup,DeviceProtection,TechSupport,StreamingTV,StreamingMovies,Contract,PaperlessBilling,PaymentMethod,MonthlyCharges,TotalCharges,Churn
CUST-00001,Female,0,Yes,No,63,Yes,Yes,DSL,Yes,No,No,Yes,No,Yes,Two year,Yes,Mailed check,90.96,5630.99,No
CUST-00002,Male,0,Yes,No,16,Yes,No,No,No internet service,No internet service,No internet service,No internet service,No internet service,No internet service,Month-to-month,Yes,Electronic check,90.6,1395.26,Yes
CUST-00003,Male,0,No,Yes,58,Yes,Yes,DSL,No,Yes,No,No,No,No,Two year,No,Bank transfer (automatic),65.96,3877.65,No
CUST-00004,Female,0,Yes,No,28,Yes,Yes,DSL,No,Yes,No,No,No,No,One year,No,Mailed check,38.11,1095.01,No
CUST-00005,Female,0,No,Yes,8,Yes,Yes,Fiber optic,No,Yes,Yes,Yes,Yes,No,Month-to-month,Yes,Electronic check,46.88,399.99,Yes
CUST-00006,Male,0,No,No,35,Yes,No,Fiber optic,Yes,No,Yes,Yes,No,Yes,Two year,Yes,Bank transfer (automatic),30.25,998.97,No
CUST-00007,Female,0,No,No,34,Yes,No,DSL,No,No,No,No,No,No,One year,No,Bank transfer (automatic),43.13,1443.14,No
CUST-00008,Male,0,Yes,No,37,Yes,No,Fiber optic,Yes,No,No,No,Yes,Yes,Two year,Yes,Bank transfer (automatic),100.81,3780.44,Yes
CUST-00009,Female,0,Yes,No,62,Yes,Yes,Fiber optic,Yes,No,No,No,No,Yes,Month-to-month,No,Credit card (automatic),61.64,3757.13,Yes
CUST-00010,Female,0,No,Yes,21,Yes,Yes,No,No internet service,No internet service,No internet service,No internet service,No internet service,No internet service,One year,Yes,Electronic check,39.37,794.53,No
CUST-00011,Male,0,No,No,46,Yes,No,Fiber optic,No,No,No,No,No,No,Month-to-month,Yes,Electronic check,57.09,2558.4,No
CUST-00012,Male,0,No,Yes,15,No,No phone service,DSL,No,Yes,Yes,Yes,No,Yes,One year,No,Bank transfer (automatic),56.6,876.05,No
CUST-00013,Male,0,Yes,Yes,64,Yes,Yes,No,No internet service,No internet service,No internet service,No internet service,No internet service,No internet service,One year,No,Electronic check,101.32,6453.48,No
CUST-00014,Male,0,Yes,Yes,33,Yes,No,Fiber optic,No,No,No,No,No,No,One year,Yes,Credit card (automatic),54.39,1850.81,No
CUST-00015,Male,0,Yes,No,58,Yes,No,Fiber optic,No,No,No,Yes,No,No,Two year,No,Electronic check,63.95,3715.96,No
CUST-00016,Male,0,No,No,20,Yes,Yes,DSL,No,No,No,No,No,Yes,Month-to-month,Yes,Electronic check,37.4,765.67,Yes
CUST-00017,Male,0,Yes,No,23,Yes,No,Fiber optic,Yes,No,No,No,No,Yes,One year,Yes,Mailed check,109.77,2546.99,Yes
CUST-00018,Female,0,No,No,71,Yes,Yes,DSL,No,No,No,Yes,Yes,No,Month-to-month,Yes,Electronic check,71.64,5154.01,No
CUST-00019,Male,1,Yes,No,15,Yes,Yes,Fiber optic,No,No,Yes,Yes,No,Yes,One year,Yes,Bank transfer (automatic),39.79,626.05,Yes
CUST-00020,Female,0,Yes,No,41,Yes,Yes,DSL,No,Yes,No,No,No,No,Month-to-month,No,Bank transfer (automatic),41.22,1741.27,Yes
CUST-00021,Male,1,No,No,24,Yes,Yes,Fiber optic,No,No,No,Yes,No,No,Month-to-month,No,Mailed check,96.96,2299.39,No
CUST-00022,Female,0,No,No,29,Yes,Yes,DSL,No,Yes,No,No,Yes,No,Month-to-month,No,Electronic check,105.22,3019.8,No
CUST-00023,Female,0,No,No,51,Yes,No,Fiber optic,No,No,Yes,No,No,No,Month-to-month,No,Bank transfer (automatic),66.07,3301.52,No
CUST-00024,Male,0,Yes,No,57,Yes,No,Fiber optic,No,No,Yes,No,No,No,Month-to-month,No,Mailed check,104.84,5999.38,No
CUST-00025,Male,0,No,Yes,35,Yes,No,Fiber optic,No,No,Yes,No,Yes,No,One year,Yes,Mailed check,93.14,3241.41,No
CUST-00026,Male,1,Yes,No,46,No,No phone service,No,No internet service,No internet service,No internet service,No internet service,No internet service,No internet service,Month-to-month,No,Mailed check,121.75,5595.22,No
CUST-00027,Female,0,No,No,4,No,No phone service,Fiber optic,No,No,No,Yes,No,Yes,Month-to-month,Yes,Credit card (automatic),55.21,221.71,No
CUST-00028,Male,1,No,No,17,Yes,Yes,Fiber optic,Yes,No,No,No,No,No,Month-to-month,Yes,Electronic check,125.0,2146.65,Yes
CUST-00029,Male,1,Yes,Yes,54,Yes,Yes,Fiber optic,Yes,No,Yes,No,No,No,One year,Yes,Mailed check,105.28,5659.56,No
CUST-00030,Female,0,No,Yes,48,Yes,No,No,No internet service,No internet service,No internet service,No internet service,No internet service,No internet service,Month-to-month,No,Mailed check,45.7,2208.61,No
CUST-00031,Female,0,Yes,No,4,Yes,Yes,No,No internet service,No internet service,No internet service,No internet service,No internet service,No internet service,Month-to-month,No,Electronic check,92.9,316.7,No
CUST-00032,Female,0,Yes,No,65,Yes,Yes,Fiber optic,No,No,No,No,No,No,Month-to-month,No,Electronic check,61.9,4077.69,No
CUST-00033,Female,0,Yes,No,30,Yes,No,No,No internet service,No internet service,No internet service,No internet service,No internet service,No internet service,Month-to-month,Yes,Mailed check,79.85,2295.45,Yes
CUST-00034,Male,0,Yes,No,22,Yes,Yes,DSL,Yes,Yes,No,No,No,No,Two year,No,Electronic check,87.67,1879.71,No
CUST-00035,Male,0,No,No,34,Yes,No,No,No internet service,No internet service,No internet service,No internet service,No internet service,No internet service,Month-to-month,Yes,Mailed check,54.25,1874.44,No
CUST-00036,Female,1,No,No,29,No,No phone service,Fiber optic,No,Yes,No,Yes,Yes,No,Month-to-month,Yes,Credit card (automatic),125.0,3651.63,No
CUST-00037,Male,0,No,Yes,37,No,No phone service,DSL,Yes,No,No,No,No,No,Month-to-month,Yes,Bank transfer (automatic),72.58,2713.04,No
CUST-00038,Male,0,No,Yes,12,Yes,No,Fiber optic,Yes,No,Yes,Yes,Yes,No,Two year,No,Electronic check,83.45,942.44,No
CUST-00039,Female,0,No,No,11,Yes,Yes,DSL,Yes,No,No,No,No,No,Two year,Yes,Electronic check,94.31,902.14,No
CUST-00040,Male,0,Yes,No,72,Yes,Yes,No,No internet service,No internet service,No internet service,No internet service,No internet service,No internet service,One year,No,Mailed check,92.19,6699.14,No
CUST-00041,Female,1,Yes,No,54,Yes,No,No,No internet service,No internet service,No internet service,No internet service,No internet service,No internet service,One year,Yes,Electronic check,96.79,5227.27,No
CUST-00042,Male,0,Yes,No,27,Yes,No,Fiber optic,No,No,No,Yes,Yes,No,Two year,No,Electronic check,103.36,2817.8,No
CUST-00043,Male,1,No,Yes,62,Yes,Yes,DSL,No,No,No,Yes,Yes,Yes,Month-to-month,Yes,Electronic check,121.75,7508.8,Yes
CUST-00044,Female,0,No,No,58,Yes,Yes,No,No internet service,No internet service,No internet service,No internet service,No internet service,No internet service,Month-to-month,Yes,Credit card (automatic),80.4,4661.62,No
CUST-00045,Female,1,No,Yes,51,Yes,Yes,No,No internet service,No internet service,No internet service,No internet service,No internet service,No internet service,Month-to-month,Yes,Credit card (automatic),78.95,3953.91,No
CUST-00046,Male,0,Yes,No,52,Yes,Yes,Fiber optic,No,Yes,No,No,No,No,Month-to-month,No,Electronic check,125.0,6486.75,No
CUST-00047,Female,0,Yes,Yes,69,Yes,No,Fiber optic,No,No,No,No,No,No,Month-to-month,Yes,Electronic check,85.27,5922.35,No
CUST-00048,Male,0,No,No,61,Yes,Yes,Fiber optic,No,Yes,No,Yes,No,No,Month-to-month,No,Credit card (automatic),50.17,2964.21,No
CUST-00049,Male,0,Yes,No,19,Yes,No,DSL,Yes,No,Yes,Yes,No,Yes,Month-to-month,No,Bank transfer (automatic),58.21,1204.1,Yes
CUST-00050,Male,0,No,No,53,Yes,No,No,No internet service,No internet service,No internet service,No internet service,No internet service,No internet service,Month-to-month,Yes,Bank transfer (automatic),58.33,3029.82,No
CUST-00051,Male,0,Yes,Yes,12,Yes,No,DSL,Yes,No,No,No,Yes,No,Two year,No,Mailed check,118.75,1396.99,Yes
CUST-00052,Female,0,Yes,Yes,37,Yes,Yes,DSL,No,Yes,No,Yes,No,No,One year,No,Mailed check,46.89,1719.25,No
CUST-00053,Female,0,No,No,5,Yes,No,DSL,Yes,No,No,No,No,No,Two year,Yes,Electronic check,34.24,267.86,Yes
CUST-00054,Female,0,No,Yes,13,Yes,No,Fiber optic,No,No,Yes,No,Yes,No,One year,Yes,Credit card (automatic),108.05,1393.89,Yes
CUST-00055,Female,0,No,Yes,52,No,No phone service,Fiber optic,Yes,No,Yes,Yes,No,No,Month-to-month,Yes,Credit card (automatic),125.0,6527.29,No
CUST-00056,Female,0,No,No,27,Yes,Yes,No,No internet service,No internet service,No internet service,No internet service,No internet service,No internet service,One year,No,Mailed check,27.22,682.63,No
CUST-00057,Male,0,Yes,Yes,12,Yes,No,No,No internet service,No internet service,No internet service,No internet service,No internet service,No internet service,One year,No,Electronic check,118.75,1400.52,No
CUST-00058,Female,0,No,Yes,71,Yes,No,DSL,Yes,Yes,No,No,Yes,No,Month-to-month,Yes,Mailed check,44.42,3155.81,No
CUST-00059,Male,0,No,No,68,Yes,Yes,DSL,Yes,No,No,No,Yes,No,Month-to-month,Yes,Credit card (automatic),21.25,1360.78,No
CUST-00060,Male,0,No,No,17,No,No phone service,Fiber optic,No,No,No,No,Yes,No,Month-to-month,Yes,Mailed check,40.26,629.75,No
CUST-00061,Male,0,No,No,44,Yes,Yes,No,No internet service,No internet service,No internet service,No internet service,No internet service,No internet service,Two year,No,Credit card (automatic),71.83,3135.71,No
CUST-00062,Male,0,Yes,No,22,Yes,Yes,No,No internet service,No internet service,No internet service,No internet service,No internet service,No internet service,One year,No,Bank transfer (automatic),57.22,1280.66,No
CUST-00063,Female,1,Yes,No,58,Yes,Yes,DSL,No,Yes,No,Yes,No,No,One year,Yes,Mailed check,67.31,3902.04,No
CUST-00064,Male,0,No,No,50,Yes,Yes,DSL,Yes,No,No,Yes,No,Yes,Two year,No,Bank transfer (automatic),53.49,2705.34,No
CUST-00065,Female,0,No,No,32,Yes,No,No,No internet service,No internet service,No internet service,No internet service,No internet service,No internet service,Month-to-month,Yes,Credit card (automatic),33.29,1025.34,Yes
CUST-00066,Female,0,Yes,Yes,68,No,No phone service,Fiber optic,No,Yes,Yes,No,No,Yes,Month-to-month,No,Bank transfer (automatic),105.11,7204.93,No
CUST-00067,Male,0,Yes,No,53,No,No phone service,Fiber optic,No,No,No,Yes,No,Yes,Month-to-month,No,Credit card (automatic),68.7,3671.51,No
CUST-00068,Female,0,No,No,11,Yes,No,DSL,No,Yes,Yes,No,No,No,Month-to-month,Yes,Mailed check,106.76,1158.07,No
CUST-00069,Female,0,No,No,32,Yes,No,DSL,Yes,No,No,No,No,No,Month-to-month,No,Electronic check,93.31,2963.65,No
CUST-00070,Female,0,No,No,60,Yes,No,DSL,No,No,No,No,No,No,Month-to-month,No,Electronic check,62.14,3705.83,No
CUST-00071,Male,0,Yes,No,39,Yes,Yes,Fiber optic,No,Yes,Yes,No,Yes,Yes,Month-to-month,Yes,Electronic check,69.1,2653.15,No
CUST-00072,Female,0,No,No,8,Yes,Yes,Fiber optic,No,Yes,No,Yes,No,No,Month-to-month,Yes,Bank transfer (automatic),33.25,242.27,No
CUST-00073,Female,0,No,No,56,Yes,No,Fiber optic,No,No,No,Yes,Yes,Yes,Month-to-month,No,Electronic check,109.92,6151.18,No
CUST-00074,Female,1,No,No,35,Yes,Yes,Fiber optic,No,Yes,No,Yes,Yes,No,One year,Yes,Electronic check,87.36,3067.43,No
CUST-00075,Male,1,Yes,No,18,Yes,Yes,DSL,No,No,Yes,No,Yes,No,Month-to-month,No,Credit card (automatic),87.15,1606.81,No
CUST-00076,Female,1,No,No,59,Yes,No,DSL,No,Yes,Yes,No,No,No,Month-to-month,No,Credit card (automatic),45.34,2683.89,No
CUST-00077,Female,1,No,No,64,No,No phone service,DSL,No,No,No,Yes,Yes,Yes,Month-to-month,No,Electronic check,73.16,4621.19,No
CUST-00078,Female,0,No,No,43,Yes,No,DSL,No,Yes,Yes,Yes,No,No,Month-to-month,No,Bank transfer (automatic),35.54,1521.43,No
CUST-00079,Male,0,No,Yes,52,Yes,Yes,No,No internet service,No internet service,No internet service,No internet service,No internet service,No internet service,One year,Yes,Mailed check,38.8,2048.66,No
CUST-00080,Male,0,No,Yes,18,Yes,No,DSL,Yes,No,No,Yes,No,No,Month-to-month,Yes,Electronic check,112.43,2107.8,Yes
CUST-00081,Male,0,Yes,No,54,Yes,Yes,DSL,No,No,No,No,No,No,Month-to-month,No,Mailed check,62.21,3356.63,No
CUST-00082,Female,0,No,Yes,66,Yes,No,No,No internet service,No internet service,No internet service,No internet service,No internet service,No internet service,Month-to-month,No,Bank transfer (automatic),68.4,4511.99,No
CUST-00083,Female,1,No,Yes,18,No,No phone service,Fiber optic,No,Yes,No,No,No,No,Month-to-month,Yes,Credit card (automatic),40.35,719.45,Yes
CUST-00084,Male,0,Yes,Yes,68,No,No phone service,DSL,No,No,No,No,Yes,No,One year,Yes,Mailed check,40.55,2767.94,No
CUST-00085,Male,0,Yes,No,7,Yes,No,DSL,Yes,No,No,No,Yes,No,Month-to-month,Yes,Credit card (automatic),38.51,234.03,Yes
CUST-00086,Male,0,No,No,33,Yes,No,DSL,No,No,Yes,Yes,Yes,Yes,One year,Yes,Electronic check,60.67,2044.9,No
CUST-00087,Female,0,Yes,No,6,Yes,No,DSL,No,Yes,Yes,Yes,No,Yes,Two year,No,Electronic check,50.74,315.53,Yes
CUST-00088,Female,0,No,No,33,Yes,Yes,Fiber optic,No,No,No,No,No,No,Two year,Yes,Credit card (automatic),71.45,2460.52,No
CUST-00089,Male,0,Yes,No,47,Yes,No,Fiber optic,No,No,Yes,No,Yes,No,Two year,No,Mailed check,97.7,4589.02,No
CUST-00090,Male,0,Yes,No,63,No,No phone service,DSL,Yes,Yes,No,No,No,No,Month-to-month,Yes,Electronic check,115.85,7334.96,No
CUST-00091,Female,0,Yes,No,11,Yes,No,No,No internet service,No internet service,No internet service,No internet service,No internet service,No internet service,One year,Yes,Credit card (automatic),83.69,900.92,No
CUST-00092,Male,1,No,No,64,Yes,Yes,DSL,No,No,No,No,No,No,Month-to-month,No,Electronic check,41.39,2662.19,No
CUST-00093,Male,0,No,No,72,Yes,Yes,Fiber optic,No,Yes,No,No,No,No,One year,No,Bank transfer (automatic),42.41,3079.78,No
CUST-00094,Female,0,Yes,No,5,Yes,Yes,DSL,Yes,Yes,No,Yes,Yes,No,Month-to-month,Yes,Mailed check,42.44,294.77,No
CUST-00095,Male,0,Yes,Yes,70,Yes,No,DSL,No,Yes,No,No,No,No,Two year,Yes,Electronic check,74.34,5186.58,No
CUST-00096,Female,0,Yes,Yes,66,Yes,Yes,Fiber optic,No,No,No,No,No,No,Month-to-month,Yes,Credit card (automatic),115.07,7575.73,Yes
CUST-00097,Female,0,No,No,3,Yes,No,DSL,No,No,No,Yes,No,No,Two year,No,Bank transfer (automatic),98.66,297.26,No
CUST-00098,Male,1,No,No,5,No,No phone service,DSL,No,No,No,No,No,No,Month-to-month,Yes,Credit card (automatic),121.75,530.83,Yes
CUST-00099,Male,0,No,No,53,Yes,Yes,Fiber optic,No,No,No,Yes,No,Yes,Month-to-month,Yes,Mailed check,81.63,4364.68,No
CUST-00100,Female,0,Yes,Yes,31,Yes,No,No,No internet service,No internet service,No internet service,No internet service,No internet service,No internet service,One year,Yes,Credit card (automatic),53.73,1662.98,No
CUST-00101,Male,0,No,No,19,Yes,Yes,Fiber optic,No,No,No,Yes,No,Yes,One year,No,Electronic check,80.06,1541.55,Yes
CUST-00102,Female,0,Yes,No,30,Yes,No,DSL,No,No,No,No,No,Yes,Month-to-month,Yes,Mailed check,21.25,616.13,No
CUST-00103,Male,0,Yes,No,25,Yes,No,DSL,No,Yes,No,Yes,No,Yes,Month-to-month,No,Mailed check,72.43,1806.0,Yes
CUST-00104,Female,0,Yes,No,71,Yes,No,Fiber optic,No,No,No,Yes,Yes,No,Two year,No,Mailed check,70.99,5068.49,No
CUST-00105,Male,1,Yes,No,18,Yes,Yes,DSL,No,Yes,No,No,Yes,No,Month-to-month,Yes,Mailed check,36.65,680.76,Yes
CUST-00106,Male,0,Yes,No,7,Yes,Yes,DSL,No,No,Yes,No,Yes,No,One year,Yes,Electronic check,108.42,713.86,Yes
CUST-00107,Male,0,No,No,60,No,No phone service,Fiber optic,No,Yes,No,No,No,Yes,Month-to-month,Yes,Bank transfer (automatic),62.61,3795.23,No
CUST-00108,Male,0,Yes,No,61,No,No phone service,No,No internet service,No internet service,No internet service,No internet service,No internet service,No internet service,Month-to-month,No,Electronic check,58.03,3549.36,No
CUST-00109,Female,0,No,No,65,Yes,No,No,No internet service,No internet service,No internet service,No internet service,No internet service,No internet service,One year,Yes,Electronic check,23.21,1496.66,No
CUST-00110,Male,1,No,No,70,Yes,Yes,DSL,Yes,Yes,No,No,No,No,Month-to-month,No,Bank transfer (automatic),77.46,5403.15,No
CUST-00111,Female,0,No,Yes,3,Yes,Yes,No,No internet service,No internet service,No internet service,No internet service,No internet service,No internet service,One year,Yes,Credit card (automatic),118.75,382.55,Yes
CUST-00112,Male,0,No,No,56,Yes,No,Fiber optic,Yes,No,No,Yes,No,No,Month-to-month,Yes,Credit card (automatic),91.0,5047.96,No
CUST-00113,Male,0,No,No,20,Yes,Yes,No,No internet service,No internet service,No internet service,No internet service,No internet service,No internet service,Month-to-month,Yes,Electronic check,105.7,2062.34,Yes
CUST-00114,Female,0,Yes,Yes,31,Yes,Yes,Fiber optic,No,No,No,Yes,Yes,No,Month-to-month,Yes,Credit card (automatic),65.05,2065.66,No
CUST-00115,Male,0,Yes,No,33,Yes,No,Fiber optic,No,Yes,No,Yes,No,Yes,Month-to-month,Yes,Electronic check,104.67,3466.81,Yes
CUST-00116,Male,0,No,No,71,Yes,Yes,Fiber optic,No,No,No,No,No,No,Two year,No,Electronic check,59.18,4223.64,No
CUST-00117,Female,0,No,Yes,38,Yes,No,Fiber optic,No,No,Yes,Yes,Yes,Yes,Month-to-month,No,Electronic check,53.1,2006.62,No
CUST-00118,Female,0,No,No,17,No,No phone service,Fiber optic,No,No,No,No,Yes,No,One year,Yes,Mailed check,94.75,1635.48,No
CUST-00119,Female,0,No,Yes,7,Yes,No,Fiber optic,Yes,No,Yes,No,No,Yes,Two year,Yes,Credit card (automatic),124.06,836.85,Yes
CUST-00120,Female,0,No,No,43,Yes,No,Fiber optic,No,Yes,No,Yes,Yes,No,Month-to-month,Yes,Credit card (automatic),58.84,2550.45,Yes
CUST-00121,Female,0,No,No,60,Yes,No,DSL,Yes,No,No,No,Yes,Yes,One year,No,Mailed check,79.32,4710.31,No
CUST-00122,Male,0,No,No,52,Yes,No,Fiber optic,No,No,Yes,Yes,No,No,Two year,No,Mailed check,30.25,1619.64,No
CUST-00123,Male,0,No,No,68,Yes,Yes,DSL,Yes,No,No,No,Yes,No,Month-to-month,Yes,Electronic check,40.33,2785.05,No
CUST-00124,Female,0,No,Yes,4,Yes,Yes,DSL,No,Yes,No,Yes,Yes,Yes,Two year,No,Electronic check,118.75,461.09,No
CUST-00125,Male,0,No,No,30,Yes,Yes,Fiber optic,Yes,Yes,No,No,No,No,Two year,Yes,Mailed check,67.61,2007.17,No
CUST-00126,Male,0,No,Yes,45,Yes,No,Fiber optic,Yes,No,No,No,No,No,Month-to-month,Yes,Electronic check,66.09,3000.29,No
CUST-00127,Female,0,No,No,62,No,No phone service,DSL,No,No,No,Yes,No,No,Month-to-month,Yes,Bank transfer (automatic),91.72,5642.62,No
CUST-00128,Male,1,Yes,No,23,Yes,No,DSL,No,No,Yes,No,Yes,Yes,Two year,Yes,Credit card (automatic),37.82,841.16,Yes
CUST-00129,Male,0,Yes,Yes,49,Yes,No,Fiber optic,Yes,Yes,Yes,No,No,No,Month-to-month,No,Electronic check,103.36,5116.69,Yes
CUST-00130,Male,0,No,No,15,Yes,Yes,No,No internet service,No internet service,No internet service,No internet service,No internet service,No internet service,Month-to-month,Yes,Mailed check,91.69,1363.28,No
CUST-00131,Male,0,Yes,No,43,Yes,No,Fiber optic,Yes,Yes,Yes,No,No,Yes,Month-to-month,No,Mailed check,74.7,3223.69,Yes
CUST-00132,Male,0,Yes,No,56,Yes,No,Fiber optic,Yes,No,Yes,Yes,No,No,One year,Yes,Mailed check,125.0,6940.2,No
CUST-00133,Female,0,No,Yes,59,Yes,No,Fiber optic,Yes,No,Yes,No,No,No,Two year,Yes,Electronic check,34.24,2043.34,No
CUST-00134,Male,0,No,No,33,Yes,Yes,DSL,Yes,No,No,No,Yes,No,Month-to-month,Yes,Bank transfer (automatic),61.75,2106.69,Yes
CUST-00135,Male,0,No,Yes,35,No,No phone service,DSL,Yes,Yes,Yes,No,No,Yes,Two year,Yes,Bank transfer (automatic),109.6,3848.17,No
CUST-00136,Female,0,No,No,64,Yes,No,Fiber optic,No,No,Yes,No,Yes,No,Month-to-month,Yes,Electronic check,112.97,7286.56,No
CUST-00137,Male,1,Yes,No,40,Yes,Yes,No,No internet service,No internet service,No internet service,No internet service,No internet service,No internet service,One year,Yes,Mailed check,56.0,2209.72,No
CUST-00138,Female,0,Yes,No,26,Yes,No,DSL,No,No,Yes,No,Yes,No,Month-to-month,Yes,Credit card (automatic),52.64,1467.5,No
CUST-00139,Female,0,No,No,20,Yes,No,Fiber optic,No,No,Yes,No,Yes,No,Two year,Yes,Mailed check,88.89,1774.27,No
CUST-00140,Female,1,Yes,No,52,Yes,No,Fiber optic,Yes,No,No,No,Yes,No,Month-to-month,Yes,Credit card (automatic),33.25,1685.89,No
CUST-00141,Male,1,No,No,52,Yes,Yes,Fiber optic,No,No,No,No,No,Yes,One year,No,Credit card (automatic),82.47,4214.49,No
CUST-00142,Female,0,No,No,39,Yes,Yes,Fiber optic,Yes,No,Yes,No,Yes,No,Month-to-month,No,Credit card (automatic),93.33,3670.7,No
CUST-00143,Female,0,No,No,12,No,No phone service,DSL,Yes,No,No,No,No,Yes,One year,Yes,Electronic check,46.96,615.89,No
CUST-00144,Female,0,No,No,12,Yes,Yes,No,No internet service,No internet service,No internet service,No internet service,No internet service,No internet service,One year,Yes,Credit card (automatic),69.66,757.11,No
CUST-00145,Male,0,No,No,18,Yes,Yes,Fiber optic,No,Yes,No,Yes,No,No,Month-to-month,No,Bank transfer (automatic),85.05,1555.11,No
CUST-00146,Male,0,No,Yes,1,Yes,No,DSL,Yes,No,Yes,No,No,No,Month-to-month,Yes,Electronic check,28.19,17.88,Yes
CUST-00147,Female,0,Yes,No,35,Yes,No,No,No internet service,No internet service,No internet service,No internet service,No internet service,No internet service,Month-to-month,Yes,Bank transfer (automatic),70.92,2530.46,No
CUST-00148,Female,0,No,No,30,Yes,Yes,No,No internet service,No internet service,No internet service,No internet service,No internet service,No internet service,Month-to-month,Yes,Bank transfer (automatic),30.5,881.6,Yes
CUST-00149,Male,0,Yes,No,28,Yes,No,No,No internet service,No internet service,No internet service,No internet service,No internet service,No internet service,Month-to-month,No,Mailed check,53.11,1517.89,No
CUST-00150,Female,0,No,No,68,Yes,No,Fiber optic,No,No,No,Yes,Yes,Yes,Two year,No,Bank transfer (automatic),66.41,4602.46,No
CUST-00151,Male,0,Yes,Yes,18,Yes,Yes,No,No internet service,No internet service,No internet service,No internet service,No internet service,No internet service,Month-to-month,No,Credit card (automatic),118.43,2107.35,No
CUST-00152,Female,0,No,Yes,59,Yes,Yes,DSL,No,No,Yes,Yes,No,No,Month-to-month,No,Mailed check,98.72,5784.43,No
CUST-00153,Male,0,No,No,14,Yes,No,No,No internet service,No internet service,No internet service,No internet service,No internet service,No internet service,Month-to-month,No,Mailed check,118.92,1751.49,No
CUST-00154,Female,1,Yes,No,45,Yes,Yes,Fiber optic,Yes,Yes,Yes,Yes,No,Yes,Month-to-month,No,Bank transfer (automatic),66.82,3011.42,No
CUST-00155,Female,0,No,No,62,No,No phone service,Fiber optic,No,No,Yes,Yes,No,Yes,Two year,Yes,Electronic check,73.34,4539.28,No
CUST-00156,Male,0,Yes,No,61,Yes,Yes,DSL,No,Yes,No,No,Yes,Yes,One year,No,Credit card (automatic),77.88,4721.02,No
CUST-00157,Female,0,Yes,Yes,43,No,No phone service,Fiber optic,No,Yes,No,No,No,No,Month-to-month,Yes,Electronic check,87.88,3832.46,No
CUST-00158,Male,0,Yes,No,15,Yes,No,Fiber optic,Yes,Yes,No,No,No,Yes,One year,Yes,Bank transfer (automatic),115.46,1722.28,Yes
CUST-00159,Male,0,Yes,No,28,Yes,No,No,No internet service,No internet service,No internet service,No internet service,No internet service,No internet service,Month-to-month,No,Electronic check,93.23,2602.46,No
CUST-00160,Male,0,No,No,31,Yes,Yes,No,No internet service,No internet service,No internet service,No internet service,No internet service,No internet service,Month-to-month,No,Credit card (automatic),100.5,3092.65,No
CUST-00161,Male,0,No,Yes,61,No,No phone service,No,No internet service,No internet service,No internet service,No internet service,No internet service,No internet service,Month-to-month,No,Credit card (automatic),64.45,3933.57,No
CUST-00162,Male,0,No,No,28,Yes,No,DSL,No,No,Yes,No,Yes,Yes,Month-to-month,Yes,Electronic check,95.82,2698.84,Yes
CUST-00163,Female,0,No,No,60,Yes,Yes,Fiber optic,No,Yes,No,Yes,No,Yes,One year,No,Bank transfer (automatic),67.42,4100.99,No
CUST-00164,Female,0,No,No,69,Yes,Yes,Fiber optic,Yes,No,No,No,No,No,Month-to-month,Yes,Electronic check,125.0,8572.24,No
CUST-00165,Female,0,No,No,8,Yes,Yes,Fiber optic,No,No,Yes,Yes,Yes,No,Month-to-month,Yes,Credit card (automatic),75.7,587.01,No
CUST-00166,Male,1,No,Yes,68,Yes,Yes,DSL,Yes,Yes,No,Yes,No,Yes,Month-to-month,No,Credit card (automatic),77.31,5337.14,No
CUST-00167,Female,0,Yes,No,41,Yes,Yes,Fiber optic,No,Yes,Yes,Yes,No,Yes,One year,Yes,Mailed check,105.08,4313.18,Yes
CUST-00168,Female,0,No,Yes,44,Yes,No,DSL,No,No,No,Yes,Yes,No,Month-to-month,Yes,Electronic check,121.75,5385.57,No
CUST-00169,Female,0,No,No,23,Yes,No,DSL,No,No,No,Yes,Yes,No,Month-to-month,No,Bank transfer (automatic),105.26,2406.67,Yes
CUST-00170,Female,0,Yes,No,25,Yes,No,DSL,Yes,No,No,No,Yes,No,Month-to-month,No,Bank transfer (automatic),47.49,1174.04,No
CUST-00171,Female,0,Yes,Yes,39,Yes,Yes,DSL,No,No,No,Yes,No,No,Month-to-month,Yes,Credit card (automatic),105.1,4137.26,No
CUST-00172,Female,0,Yes,No,15,Yes,No,Fiber optic,No,Yes,Yes,No,Yes,No,One year,Yes,Mailed check,34.26,500.28,No
CUST-00173,Male,0,Yes,Yes,52,Yes,Yes,DSL,No,No,No,No,No,No,Month-to-month,Yes,Mailed check,57.34,3012.41,No
CUST-00174,Male,0,No,No,49,Yes,Yes,Fiber optic,No,Yes,Yes,No,No,No,Two year,Yes,Mailed check,58.87,2932.16,No
CUST-00175,Male,0,Yes,Yes,1,Yes,No,No,No internet service,No internet service,No internet service,No internet service,No internet service,No internet service,Month-to-month,Yes,Electronic check,60.35,0.0,No
CUST-00176,Female,0,No,No,16,Yes,Yes,Fiber optic,No,No,No,Yes,Yes,Yes,Month-to-month,No,Electronic check,108.28,1735.85,Yes
CUST-00177,Male,0,No,No,37,Yes,Yes,Fiber optic,No,No,No,Yes,No,No,Month-to-month,No,Credit card (automatic),117.95,4361.28,No
CUST-00178,Female,0,Yes,Yes,54,Yes,No,DSL,No,Yes,No,No,No,Yes,Month-to-month,No,Mailed check,110.58,5996.33,Yes
CUST-00179,Male,1,No,No,22,Yes,No,Fiber optic,No,Yes,Yes,No,No,Yes,One year,Yes,Bank transfer (automatic),66.83,1524.77,Yes
CUST-00180,Male,0,No,Yes,64,Yes,No,Fiber optic,Yes,Yes,No,No,No,No,Month-to-month,Yes,Bank transfer (automatic),41.59,2640.91,Yes
CUST-00181,Male,0,No,No,39,Yes,Yes,No,No internet service,No internet service,No internet service,No internet service,No internet service,No internet service,Month-to-month,No,Mailed check,87.58,3458.18,No
CUST-00182,Female,0,No,Yes,39,Yes,No,No,No internet service,No internet service,No internet service,No internet service,No internet service,No internet service,Month-to-month,No,Mailed check,79.65,3147.21,No
CUST-00183,Female,0,No,No,8,Yes,Yes,Fiber optic,No,No,Yes,No,No,No,One year,Yes,Credit card (automatic),30.25,249.03,No
CUST-00184,Male,0,Yes,Yes,46,Yes,Yes,DSL,No,No,Yes,Yes,No,No,Month-to-month,Yes,Credit card (automatic),62.15,2871.27,No
CUST-00185,Female,0,Yes,Yes,59,Yes,No,Fiber optic,Yes,No,No,No,Yes,Yes,Month-to-month,No,Bank transfer (automatic),54.09,3182.53,No
CUST-00186,Female,0,Yes,Yes,16,Yes,No,No,No internet service,No internet service,No internet service,No internet service,No internet service,No internet service,Two year,Yes,Electronic check,18.25,255.31,Yes
CUST-00187,Female,0,Yes,No,40,Yes,No,No,No internet service,No internet service,No internet service,No internet service,No internet service,No internet service,One year,No,Electronic check,74.66,3019.14,No
CUST-00188,Female,0,No,No,1,Yes,No,No,No internet service,No internet service,No internet service,No internet service,No internet service,No internet service,Month-to-month,Yes,Credit card (automatic),53.56,67.43,No
CUST-00189,Female,1,Yes,No,16,Yes,Yes,DSL,Yes,Yes,No,No,No,Yes,Month-to-month,Yes,Mailed check,54.23,880.79,No
CUST-00190,Female,0,No,No,6,Yes,No,No,No internet service,No internet service,No internet service,No internet service,No internet service,No internet service,Month-to-month,Yes,Electronic check,75.19,507.6,Yes
CUST-00191,Male,1,Yes,Yes,56,Yes,Yes,DSL,Yes,No,Yes,No,Yes,No,Month-to-month,Yes,Credit card (automatic),21.25,1162.48,No
CUST-00192,Male,0,No,No,72,Yes,No,DSL,Yes,Yes,Yes,Yes,No,No,Month-to-month,No,Electronic check,39.38,2823.46,No
CUST-00193,Male,1,No,No,3,Yes,No,Fiber optic,No,No,Yes,No,No,No,One year,No,Mailed check,89.09,159.91,Yes
CUST-00194,Female,0,No,No,51,Yes,No,DSL,No,No,Yes,No,No,No,Month-to-month,Yes,Mailed check,89.35,4578.3,No
CUST-00195,Male,0,No,No,43,Yes,No,Fiber optic,No,No,Yes,No,Yes,No,Two year,No,Electronic check,122.5,5222.86,Yes
CUST-00196,Female,0,Yes,No,51,Yes,No,DSL,No,Yes,Yes,Yes,No,No,Month-to-month,Yes,Bank transfer (automatic),79.2,4046.88,Yes
CUST-00197,Female,1,No,Yes,37,Yes,Yes,DSL,No,No,Yes,Yes,No,No,One year,No,Electronic check,87.28,3157.51,No
CUST-00198,Female,0,Yes,No,72,Yes,No,DSL,No,No,Yes,No,No,Yes,One year,Yes,Electronic check,72.72,5242.41,No
CUST-00199,Female,0,No,Yes,3,Yes,No,Fiber optic,No,No,No,No,No,Yes,Two year,Yes,Mailed check,108.19,334.82,Yes
CUST-00200,Male,0,No,No,11,Yes,Yes,DSL,No,Yes,No,Yes,No,No,Two year,Yes,Credit card (automatic),35.44,383.29,No
CUST-00201,Female,1,Yes,Yes,18,Yes,Yes,Fiber optic,No,No,No,Yes,No,Yes,Two year,No,Electronic check,60.73,1082.65,No
CUST-00202,Male,0,Yes,No,57,Yes,Yes,Fiber optic,Yes,No,No,No,No,No,Month-to-month,No,Credit card (automatic),81.73,4630.78,No
CUST-00203,Female,0,Yes,No,6,Yes,Yes,DSL,Yes,No,No,No,No,No,Month-to-month,No,Credit card (automatic),72.57,500.13,No
CUST-00204,Male,0,No,No,9,Yes,No,No,No internet service,No internet service,No internet service,No internet service,No internet service,No internet service,Two year,No,Electronic check,32.54,248.91,No
CUST-00205,Female,1,No,No,53,Yes,No,DSL,No,No,No,Yes,Yes,No,Two year,No,Electronic check,21.92,1239.59,No
CUST-00206,Female,0,Yes,No,31,Yes,No,No,No internet service,No internet service,No internet service,No internet service,No internet service,No internet service,Two year,Yes,Electronic check,42.27,1298.6,No
CUST-00207,Male,0,Yes,No,51,Yes,Yes,No,No internet service,No internet service,No internet service,No internet service,No internet service,No internet service,One year,Yes,Mailed check,47.69,2499.49,No
CUST-00208,Male,0,Yes,No,27,Yes,Yes,No,No internet service,No internet service,No internet service,No internet service,No internet service,No internet service,Two year,No,Credit card (automatic),79.82,2159.65,No
CUST-00209,Female,1,No,No,7,Yes,Yes,Fiber optic,No,Yes,No,No,Yes,Yes,Month-to-month,Yes,Credit card (automatic),33.25,269.86,Yes
CUST-00210,Male,1,Yes,Yes,43,Yes,Yes,Fiber optic,Yes,No,Yes,No,No,No,Month-to-month,Yes,Bank transfer (automatic),125.0,5324.25,No
CUST-00211,Female,0,Yes,No,8,Yes,No,DSL,No,Yes,Yes,No,No,Yes,Two year,Yes,Credit card (automatic),43.3,269.94,No
CUST-00212,Male,0,No,No,35,Yes,No,No,No internet service,No internet service,No internet service,No internet service,No internet service,No internet service,Month-to-month,Yes,Mailed check,23.85,895.08,No
CUST-00213,Male,0,Yes,No,64,Yes,No,DSL,Yes,No,Yes,No,No,No,Two year,No,Credit card (automatic),29.06,1928.47,No
CUST-00214,Female,1,No,Yes,14,Yes,Yes,Fiber optic,No,Yes,No,No,No,No,Month-to-month,Yes,Electronic check,80.36,1091.03,Yes
CUST-00215,Male,0,No,No,15,Yes,No,Fiber optic,Yes,Yes,No,No,Yes,No,One year,Yes,Credit card (automatic),53.28,879.78,Yes
CUST-00216,Female,0,Yes,No,69,Yes,Yes,No,No internet service,No internet service,No internet service,No internet service,No internet service,No internet service,Month-to-month,No,Electronic check,66.9,4529.95,No
CUST-00217,Female,0,No,No,22,Yes,Yes,Fiber optic,No,Yes,Yes,No,Yes,No,One year,Yes,Electronic check,69.54,1529.38,No
CUST-00218,Female,0,Yes,No,27,Yes,Yes,DSL,No,No,No,No,No,No,Two year,Yes,Mailed check,72.69,1936.9,No
CUST-00219,Female,0,Yes,Yes,50,No,No phone service,DSL,No,Yes,Yes,No,Yes,No,One year,Yes,Bank transfer (automatic),66.11,3299.87,No
CUST-00220,Male,0,No,No,10,Yes,No,No,No internet service,No internet service,No internet service,No internet service,No internet service,No internet service,Two year,No,Electronic check,81.9,876.9,No
CUST-00221,Female,1,No,No,5,Yes,No,No,No internet service,No internet service,No internet service,No internet service,No internet service,No internet service,Month-to-month,No,Credit card (automatic),121.75,532.54,Yes
CUST-00222,Female,0,No,No,61,Yes,No,DSL,Yes,Yes,Yes,Yes,Yes,No,Month-to-month,Yes,Credit card (automatic),60.65,3710.31,No
CUST-00223,Male,0,Yes,No,69,Yes,Yes,Fiber optic,No,Yes,No,Yes,No,No,Two year,Yes,Electronic check,50.2,3392.64,No
CUST-00224,Female,0,Yes,Yes,72,Yes,No,Fiber optic,Yes,No,No,No,Yes,Yes,Two year,Yes,Electronic check,109.27,7829.72,No
CUST-00225,Male,0,Yes,No,2,Yes,No,DSL,No,No,No,Yes,Yes,Yes,Month-to-month,Yes,Credit card (automatic),84.32,189.03,No
CUST-00226,Female,1,No,Yes,39,No,No phone service,DSL,No,Yes,No,No,Yes,No,Two year,Yes,Electronic check,66.26,2585.35,No
CUST-00227,Male,0,No,No,62,Yes,Yes,Fiber optic,No,No,Yes,No,No,No,One year,No,Electronic check,87.18,5413.08,No
CUST-00228,Male,0,No,No,61,Yes,No,DSL,No,No,No,No,No,Yes,Month-to-month,Yes,Mailed check,56.1,3362.15,Yes
CUST-00229,Male,0,No,Yes,26,Yes,No,No,No internet service,No internet service,No internet service,No internet service,No internet service,No internet service,Month-to-month,No,Bank transfer (automatic),112.98,2991.31,Yes
CUST-00230,Female,0,Yes,No,36,Yes,No,DSL,No,Yes,Yes,Yes,No,No,Two year,Yes,Electronic check,97.9,3489.07,Yes
CUST-00231,Female,0,No,No,11,Yes,Yes,Fiber optic,No,Yes,No,No,No,Yes,Two year,No,Mailed check,89.47,1027.34,Yes
CUST-00232,Male,0,Yes,No,11,Yes,Yes,DSL,Yes,No,No,No,No,Yes,Month-to-month,No,Electronic check,62.94,686.54,Yes
CUST-00233,Female,0,Yes,Yes,28,Yes,No,Fiber optic,Yes,No,Yes,Yes,Yes,No,Month-to-month,Yes,Electronic check,33.25,972.39,Yes
CUST-00234,Male,0,No,No,17,Yes,Yes,DSL,Yes,No,No,No,Yes,No,Month-to-month,Yes,Electronic check,96.18,1716.34,Yes
CUST-00235,Female,0,No,No,71,Yes,No,Fiber optic,No,No,No,Yes,No,Yes,Two year,Yes,Mailed check,84.53,5994.64,No
CUST-00236,Male,0,Yes,No,6,No,No phone service,Fiber optic,No,No,No,No,No,Yes,Two year,No,Electronic check,111.16,753.82,Yes
CUST-00237,Male,1,Yes,No,39,No,No phone service,Fiber optic,No,No,Yes,Yes,No,Yes,Month-to-month,Yes,Bank transfer (automatic),42.12,1672.76,No
CUST-00238,Female,0,No,No,41,Yes,Yes,Fiber optic,No,No,Yes,Yes,Yes,No,Two year,Yes,Mailed check,77.09,3173.09,No
CUST-00239,Female,1,Yes,No,5,Yes,No,DSL,Yes,Yes,No,No,No,No,Month-to-month,Yes,Bank transfer (automatic),65.74,275.79,No
CUST-00240,Male,0,No,Yes,32,Yes,Yes,DSL,No,Yes,Yes,Yes,Yes,No,One year,No,Electronic check,18.25,560.94,No
CUST-00241,Female,0,No,Yes,68,Yes,No,DSL,No,No,Yes,No,No,No,One year,No,Credit card (automatic),24.7,1696.57,No
CUST-00242,Male,0,Yes,No,8,Yes,No,DSL,No,No,No,Yes,No,No,Month-to-month,No,Credit card (automatic),80.89,634.11,Yes
CUST-00243,Female,0,Yes,No,11,Yes,Yes,DSL,No,No,No,No,No,No,Month-to-month,Yes,Mailed check,121.75,1357.14,Yes
CUST-00244,Male,0,Yes,No,12,Yes,Yes,DSL,No,No,Yes,No,No,No,Month-to-month,No,Mailed check,111.53,1353.72,Yes
CUST-00245,Male,0,No,Yes,4,Yes,No,Fiber optic,No,No,No,Yes,No,No,Two year,No,Mailed check,30.25,71.42,No
CUST-00246,Female,0,Yes,Yes,64,Yes,No,DSL,Yes,No,Yes,No,No,Yes,Month-to-month,No,Mailed check,78.64,5010.48,No
CUST-00247,Male,0,No,No,4,Yes,Yes,Fiber optic,No,No,No,No,Yes,Yes,Month-to-month,Yes,Mailed check,63.54,314.94,Yes
CUST-00248,Female,0,Yes,Yes,21,Yes,Yes,Fiber optic,No,No,No,Yes,No,No,Month-to-month,No,Mailed check,104.46,2171.04,No
CUST-00249,Male,1,No,No,60,Yes,No,Fiber optic,Yes,No,Yes,No,No,No,Two year,Yes,Bank transfer (automatic),85.38,5065.69,No
CUST-00250,Female,1,Yes,No,72,Yes,Yes,Fiber optic,No,No,No,No,No,No,Month-to-month,Yes,Mailed check,65.92,4708.24,No
CUST-00251,Female,0,Yes,Yes,12,Yes,Yes,DSL,Yes,Yes,No,No,No,No,Two year,Yes,Electronic check,94.85,1173.51,Yes
CUST-00252,Female,0,No,No,26,Yes,No,Fiber optic,No,No,No,No,No,Yes,One year,Yes,Bank transfer (automatic),83.78,2155.09,No
CUST-00253,Female,0,No,No,13,Yes,Yes,DSL,Yes,No,Yes,Yes,Yes,No,Month-to-month,Yes,Electronic check,80.46,984.95,Yes
CUST-00254,Female,0,Yes,No,14,Yes,Yes,Fiber optic,Yes,No,No,Yes,Yes,No,Month-to-month,Yes,Electronic check,84.85,1171.92,Yes
CUST-00255,Male,0,Yes,Yes,68,Yes,No,No,No internet service,No internet service,No internet service,No internet service,No internet service,No internet service,Month-to-month,No,Mailed check,73.22,5004.6,No
CUST-00256,Female,0,No,No,25,No,No phone service,Fiber optic,No,No,Yes,Yes,No,No,Two year,Yes,Bank transfer (automatic),84.8,2085.92,No
CUST-00257,Male,0,Yes,No,45,Yes,No,No,No internet service,No internet service,No internet service,No internet service,No internet service,No internet service,Month-to-month,Yes,Electronic check,112.6,5088.86,No
CUST-00258,Female,1,Yes,No,12,Yes,Yes,DSL,No,Yes,No,No,No,No,Month-to-month,Yes,Credit card (automatic),99.72,1211.43,Yes
CUST-00259,Female,0,Yes,Yes,21,Yes,No,DSL,No,Yes,No,No,No,No,One year,Yes,Credit card (automatic),105.31,2220.22,Yes
CUST-00260,Male,0,Yes,Yes,26,Yes,Yes,DSL,Yes,No,Yes,Yes,Yes,No,Month-to-month,Yes,Electronic check,21.25,511.68,No
CUST-00261,Male,1,No,No,43,Yes,No,DSL,No,No,Yes,Yes,No,No,Month-to-month,Yes,Credit card (automatic),85.92,3642.4,No
CUST-00262,Female,0,No,No,65,No,No phone service,DSL,No,No,No,Yes,No,No,Month-to-month,Yes,Electronic check,41.48,2747.25,No
CUST-00263,Female,0,No,No,18,Yes,Yes,No,No internet service,No internet service,No internet service,No internet service,No internet service,No internet service,One year,Yes,Credit card (automatic),75.53,1389.78,No
CUST-00264,Male,1,No,No,47,Yes,No,Fiber optic,No,No,No,No,No,Yes,One year,Yes,Electronic check,117.44,5534.74,No
CUST-00265,Male,1,Yes,No,36,No,No phone service,No,No internet service,No internet service,No internet service,No internet service,No internet service,No internet service,Two year,Yes,Mailed check,37.64,1371.29,No
CUST-00266,Male,0,No,No,58,Yes,No,No,No internet service,No internet service,No internet service,No internet service,No internet service,No internet service,Month-to-month,Yes,Credit card (automatic),80.02,4673.78,No
CUST-00267,Female,0,Yes,Yes,25,No,No phone service,Fiber optic,No,Yes,No,No,Yes,No,Two year,No,Mailed check,65.43,1610.06,No
CUST-00268,Female,0,Yes,Yes,31,Yes,Yes,No,No internet service,No internet service,No internet service,No internet service,No internet service,No internet service,Month-to-month,No,Electronic check,103.08,3239.26,Yes
CUST-00269,Male,0,No,Yes,45,Yes,No,DSL,No,Yes,Yes,No,Yes,Yes,Month-to-month,Yes,Credit card (automatic),79.48,3563.14,Yes
CUST-00270,Male,0,Yes,No,32,Yes,No,No,No internet service,No internet service,No internet service,No internet service,No internet service,No internet service,One year,Yes,Mailed check,60.54,1927.78,No
CUST-00271,Female,0,Yes,Yes,55,Yes,Yes,Fiber optic,No,No,Yes,No,No,Yes,Month-to-month,No,Bank transfer (automatic),77.6,4339.89,No
CUST-00272,Female,0,Yes,No,1,No,No phone service,Fiber optic,Yes,No,No,No,No,No,Month-to-month,No,Credit card (automatic),93.59,122.93,Yes
CUST-00273,Female,0,No,No,26,Yes,No,Fiber optic,No,Yes,No,Yes,No,No,Month-to-month,Yes,Mailed check,125.0,3219.64,Yes
CUST-00274,Male,0,Yes,No,13,Yes,Yes,No,No internet service,No internet service,No internet service,No internet service,No internet service,No internet service,Two year,Yes,Electronic check,77.92,1036.3,Yes
CUST-00275,Female,0,No,No,11,Yes,No,No,No internet service,No internet service,No internet service,No internet service,No internet service,No internet service,One year,Yes,Credit card (automatic),85.05,919.79,Yes
CUST-00276,Female,0,No,Yes,4,Yes,No,DSL,No,Yes,No,No,No,No,Two year,No,Electronic check,99.01,396.27,Yes
CUST-00277,Female,0,No,No,26,Yes,Yes,DSL,No,Yes,No,Yes,Yes,No,Two year,Yes,Mailed check,64.83,1698.58,No
CUST-00278,Male,0,Yes,No,16,Yes,No,DSL,No,No,No,No,No,No,One year,Yes,Mailed check,40.42,571.56,No
CUST-00279,Female,0,No,No,55,Yes,No,No,No internet service,No internet service,No internet service,No internet service,No internet service,No internet service,Month-to-month,Yes,Electronic check,76.32,4177.41,No
CUST-00280,Female,0,Yes,No,37,Yes,Yes,DSL,Yes,No,No,No,No,No,Month-to-month,Yes,Electronic check,100.39,3699.47,No
CUST-00281,Female,0,No,No,57,Yes,Yes,Fiber optic,No,Yes,No,No,Yes,No,Month-to-month,Yes,Credit card (automatic),82.79,4726.03,No
CUST-00282,Female,0,No,No,64,Yes,Yes,Fiber optic,No,No,Yes,No,Yes,No,Month-to-month,Yes,Bank transfer (automatic),53.76,3378.24,No
CUST-00283,Male,0,Yes,Yes,57,Yes,No,No,No internet service,No internet service,No internet service,No internet service,No internet service,No internet service,Month-to-month,Yes,Mailed check,93.31,5248.83,Yes
CUST-00284,Female,0,No,No,31,Yes,No,No,No internet service,No internet service,No internet service,No internet service,No internet service,No internet service,Month-to-month,Yes,Credit card (automatic),121.75,3781.18,No
CUST-00285,Female,0,No,No,71,Yes,No,Fiber optic,No,No,Yes,Yes,No,No,Two year,Yes,Mailed check,83.79,6001.92,No
CUST-00286,Male,0,Yes,Yes,28,Yes,No,Fiber optic,No,Yes,No,No,Yes,No,Month-to-month,No,Credit card (automatic),60.88,1717.44,Yes
CUST-00287,Female,1,Yes,Yes,60,No,No phone service,No,No internet service,No internet service,No internet service,No internet service,No internet service,No internet service,Month-to-month,Yes,Electronic check,104.66,6394.84,Yes
CUST-00288,Male,0,No,No,13,Yes,Yes,DSL,Yes,No,Yes,No,Yes,No,One year,No,Credit card (automatic),97.84,1264.57,Yes
CUST-00289,Male,0,No,No,70,Yes,No,Fiber optic,No,Yes,No,No,No,Yes,Month-to-month,Yes,Credit card (automatic),102.67,7182.66,No
CUST-00290,Female,0,No,Yes,22,Yes,Yes,No,No internet service,No internet service,No internet service,No internet service,No internet service,No internet service,One year,Yes,Credit card (automatic),77.32,1667.28,No
CUST-00291,Male,0,Yes,No,46,Yes,Yes,Fiber optic,Yes,Yes,No,No,No,No,Two year,Yes,Electronic check,87.55,4090.17,No
CUST-00292,Female,0,No,No,26,Yes,Yes,No,No internet service,No internet service,No internet service,No internet service,No internet service,No internet service,Month-to-month,Yes,Electronic check,119.68,3079.26,No
CUST-00293,Male,0,No,No,17,Yes,Yes,Fiber optic,No,No,No,No,Yes,No,Month-to-month,Yes,Bank transfer (automatic),107.0,1823.48,Yes
CUST-00294,Female,0,No,No,24,Yes,No,Fiber optic,No,No,No,No,No,No,Two year,Yes,Mailed check,80.36,1824.13,No
CUST-00295,Male,0,No,No,44,Yes,No,No,No internet service,No internet service,No internet service,No internet service,No internet service,No internet service,Two year,No,Credit card (automatic),82.48,3689.3,No
CUST-00296,Male,0,Yes,Yes,9,Yes,No,Fiber optic,Yes,Yes,Yes,No,No,Yes,Month-to-month,No,Mailed check,80.21,757.35,No
CUST-00297,Male,0,No,No,15,Yes,Yes,No,No internet service,No internet service,No internet service,No internet service,No internet service,No internet service,Month-to-month,No,Electronic check,67.03,996.13,Yes
CUST-00298,Female,1,Yes,Yes,67,Yes,Yes,No,No internet service,No internet service,No internet service,No internet service,No internet service,No internet service,Month-to-month,Yes,Electronic check,66.26,4431.77,No
CUST-00299,Female,0,Yes,No,7,Yes,No,DSL,Yes,No,No,Yes,No,No,Two year,No,Credit card (automatic),91.4,653.88,No
CUST-00300,Female,0,No,No,53,Yes,No,DSL,No,No,No,Yes,Yes,No,Month-to-month,Yes,Mailed check,67.11,3649.25,No
CUST-00301,Female,0,Yes,No,22,No,No phone service,Fiber optic,No,Yes,No,No,Yes,No,Two year,No,Mailed check,80.92,1759.64,Yes
CUST-00302,Male,0,Yes,No,23,Yes,Yes,No,No internet service,No internet service,No internet service,No internet service,No internet service,No internet service,Month-to-month,Yes,Credit card (automatic),79.77,1850.59,Yes
CUST-00303,Female,0,Yes,No,27,Yes,Yes,No,No internet service,No internet service,No internet service,No internet service,No internet service,No internet service,Month-to-month,No,Credit card (automatic),96.65,2552.4,No
CUST-00304,Male,0,No,No,28,Yes,No,DSL,No,Yes,Yes,No,No,No,Month-to-month,No,Electronic check,110.98,3151.76,Yes
CUST-00305,Male,0,No,Yes,52,No,No phone service,Fiber optic,No,Yes,No,No,Yes,No,Month-to-month,No,Electronic check,66.49,3512.32,No
CUST-00306,Female,0,Yes,No,58,Yes,Yes,Fiber optic,No,No,Yes,No,No,No,Two year,No,Electronic check,98.48,5673.3,No
CUST-00307,Female,1,Yes,No,27,Yes,No,Fiber optic,Yes,Yes,Yes,Yes,Yes,Yes,Month-to-month,Yes,Credit card (automatic),102.93,2764.94,Yes
CUST-00308,Male,0,No,No,13,Yes,No,Fiber optic,No,Yes,No,No,No,No,Month-to-month,No,Mailed check,90.48,1234.86,No
CUST-00309,Female,0,Yes,No,1,Yes,Yes,No,No internet service,No internet service,No internet service,No internet service,No internet service,No internet service,One year,Yes,Mailed check,18.64,28.77,No
CUST-00310,Female,0,No,No,53,Yes,No,Fiber optic,Yes,Yes,Yes,Yes,No,No,Month-to-month,Yes,Mailed check,84.33,4403.46,No
CUST-00311,Male,0,No,No,67,Yes,Yes,DSL,No,No,Yes,No,No,Yes,Month-to-month,No,Bank transfer (automatic),79.1,5349.25,No
CUST-00312,Male,0,Yes,No,3,Yes,No,Fiber optic,Yes,No,No,No,No,No,Month-to-month,Yes,Electronic check,124.08,355.55,Yes
CUST-00313,Female,0,No,Yes,43,Yes,Yes,DSL,No,Yes,Yes,No,Yes,Yes,Month-to-month,Yes,Bank transfer (automatic),109.78,4671.72,No
CUST-00314,Female,0,Yes,No,16,Yes,No,Fiber optic,No,No,Yes,No,No,No,One year,No,Mailed check,101.58,1656.64,No
CUST-00315,Female,0,No,No,16,Yes,No,No,No internet service,No internet service,No internet service,No internet service,No internet service,No internet service,Month-to-month,No,Mailed check,121.75,2051.8,No
CUST-00316,Male,0,Yes,No,60,Yes,No,Fiber optic,Yes,Yes,No,Yes,Yes,Yes,Month-to-month,Yes,Mailed check,101.8,6113.24,No
CUST-00317,Male,0,No,No,19,Yes,No,No,No internet service,No internet service,No internet service,No internet service,No internet service,No internet service,Month-to-month,No,Bank transfer (automatic),58.93,1111.48,No
CUST-00318,Male,0,No,No,22,Yes,No,Fiber optic,No,Yes,No,No,No,No,Month-to-month,Yes,Mailed check,113.77,2430.01,No
CUST-00319,Male,0,No,No,9,Yes,No,Fiber optic,No,Yes,Yes,Yes,No,Yes,One year,No,Bank transfer (automatic),78.25,644.53,No
CUST-00320,Male,0,No,No,66,Yes,No,Fiber optic,Yes,No,No,Yes,No,Yes,Month-to-month,No,Mailed check,98.04,6375.51,No
CUST-00321,Female,0,Yes,No,66,Yes,Yes,Fiber optic,No,No,Yes,No,No,Yes,Month-to-month,Yes,Electronic check,57.64,3764.51,No
CUST-00322,Female,0,No,No,66,Yes,No,Fiber optic,No,No,Yes,No,No,No,Month-to-month,Yes,Mailed check,69.21,4532.3,No
CUST-00323,Male,1,No,No,17,Yes,Yes,DSL,No,No,Yes,No,No,No,Month-to-month,No,Mailed check,28.93,454.12,Yes
CUST-00324,Male,0,Yes,No,14,Yes,No,Fiber optic,No,No,No,No,No,No,Month-to-month,Yes,Credit card (automatic),85.7,1187.82,Yes
CUST-00325,Male,0,Yes,Yes,68,Yes,No,DSL,Yes,No,No,No,Yes,No,Month-to-month,No,Bank transfer (automatic),53.55,3638.53,No
CUST-00326,Female,0,Yes,No,45,Yes,No,DSL,Yes,No,No,Yes,No,Yes,Two year,No,Mailed check,118.75,5294.27,No
CUST-00327,Female,0,Yes,Yes,20,Yes,No,Fiber optic,No,Yes,No,No,No,No,Two year,Yes,Credit card (automatic),119.3,2380.41,Yes
CUST-00328,Female,0,No,No,4,Yes,No,No,No internet service,No internet service,No internet service,No internet service,No internet service,No internet service,Month-to-month,Yes,Credit card (automatic),59.68,266.6,Yes
CUST-00329,Female,0,Yes,Yes,58,Yes,No,DSL,No,Yes,No,Yes,No,Yes,Month-to-month,No,Mailed check,50.6,2980.13,No
CUST-00330,Male,0,No,No,58,Yes,No,No,No internet service,No internet service,No internet service,No internet service,No internet service,No internet service,Month-to-month,Yes,Bank transfer (automatic),52.45,3062.59,No
CUST-00331,Male,0,No,No,1,Yes,No,Fiber optic,No,No,Yes,No,No,Yes,Two year,No,Mailed check,58.08,119.07,Yes
CUST-00332,Female,0,Yes,No,35,Yes,No,DSL,No,No,Yes,No,Yes,Yes,Month-to-month,No,Mailed check,45.04,1509.18,No
CUST-00333,Female,0,No,No,35,Yes,No,DSL,No,Yes,Yes,No,Yes,No,Month-to-month,Yes,Mailed check,71.02,2351.91,No
CUST-00334,Male,0,Yes,Yes,34,Yes,No,DSL,No,No,No,No,No,Yes,Two year,No,Electronic check,50.48,1740.39,No
CUST-00335,Female,0,Yes,Yes,27,Yes,Yes,Fiber optic,No,No,No,No,No,No,Two year,Yes,Credit card (automatic),50.84,1442.66,No
CUST-00336,Male,0,Yes,Yes,24,Yes,Yes,Fiber optic,Yes,No,No,No,No,No,Two year,Yes,Electronic check,119.85,2808.38,No
CUST-00337,Male,0,Yes,No,25,No,No phone service,Fiber optic,No,No,No,Yes,No,Yes,Month-to-month,No,Credit card (automatic),68.57,1702.88,Yes
CUST-00338,Female,0,Yes,No,67,Yes,No,DSL,Yes,Yes,No,No,No,No,One year,Yes,Electronic check,52.99,3529.59,No
CUST-00339,Female,0,Yes,No,72,Yes,Yes,DSL,No,No,No,No,No,No,Month-to-month,Yes,Credit card (automatic),121.75,8842.21,No
CUST-00340,Male,0,Yes,No,9,Yes,No,DSL,No,No,No,Yes,No,No,Month-to-month,Yes,Credit card (automatic),121.75,1118.24,Yes
CUST-00341,Male,0,Yes,Yes,52,Yes,Yes,No,No internet service,No internet service,No internet service,No internet service,No internet service,No internet service,Two year,No,Electronic check,97.21,5046.98,No
CUST-00342,Female,0,No,No,42,Yes,No,Fiber optic,Yes,Yes,No,No,Yes,Yes,Two year,Yes,Credit card (automatic),88.92,3784.9,No
CUST-00343,Male,1,Yes,No,19,Yes,No,Fiber optic,No,No,No,No,Yes,No,One year,Yes,Electronic check,60.84,1163.87,Yes
CUST-00344,Male,0,No,No,14,Yes,No,Fiber optic,Yes,No,No,No,Yes,No,Two year,Yes,Mailed check,113.67,1555.92,No
CUST-00345,Male,0,No,Yes,55,No,No phone service,DSL,No,No,Yes,Yes,No,No,Month-to-month,Yes,Bank transfer (automatic),57.39,3207.69,No
CUST-00346,Female,0,No,No,27,Yes,No,DSL,Yes,No,No,No,No,Yes,Two year,Yes,Credit card (automatic),26.99,659.27,No
CUST-00347,Male,0,No,No,10,No,No phone service,Fiber optic,No,No,No,No,Yes,Yes,Two year,Yes,Mailed check,69.34,681.37,Yes
CUST-00348,Male,0,No,Yes,70,Yes,No,No,No internet service,No internet service,No internet service,No internet service,No internet service,No internet service,One year,Yes,Electronic check,36.77,2558.76,No
CUST-00349,Female,0,No,No,67,No,No phone service,No,No internet service,No internet service,No internet service,No internet service,No internet service,No internet service,Month-to-month,No,Credit card (automatic),48.8,3378.59,No
CUST-00350,Female,0,No,No,31,Yes,Yes,DSL,No,No,No,No,No,Yes,Month-to-month,Yes,Electronic check,115.01,3493.2,No
CUST-00351,Male,0,No,No,31,Yes,Yes,DSL,No,Yes,Yes,No,No,No,Month-to-month,Yes,Credit card (automatic),116.87,3575.16,Yes
CUST-00352,Female,0,Yes,No,31,Yes,No,Fiber optic,No,Yes,Yes,No,No,No,One year,No,Credit card (automatic),61.05,1930.61,No
CUST-00353,Female,1,No,No,14,Yes,No,DSL,No,No,Yes,No,Yes,Yes,Month-to-month,Yes,Credit card (automatic),53.04,706.12,Yes
CUST-00354,Female,0,No,No,8,Yes,No,No,No internet service,No internet service,No internet service,No internet service,No internet service,No internet service,Month-to-month,No,Electronic check,47.11,391.34,No
CUST-00355,Male,0,Yes,No,20,Yes,No,DSL,Yes,No,Yes,Yes,No,No,One year,No,Electronic check,118.75,2361.66,No
CUST-00356,Male,1,No,No,28,Yes,No,DSL,No,Yes,No,No,Yes,Yes,Month-to-month,Yes,Credit card (automatic),119.6,3315.67,Yes
CUST-00357,Female,0,No,No,12,Yes,No,DSL,No,No,No,Yes,No,No,Month-to-month,No,Credit card (automatic),53.47,646.86,No
CUST-00358,Male,0,No,No,3,Yes,No,No,No internet service,No internet service,No internet service,No internet service,No internet service,No internet service,One year,No,Electronic check,102.99,335.58,Yes
CUST-00359,Female,0,Yes,No,68,Yes,Yes,Fiber optic,No,Yes,No,No,No,No,Month-to-month,Yes,Bank transfer (automatic),92.81,6271.22,No
CUST-00360,Male,1,Yes,No,64,Yes,No,DSL,No,No,Yes,No,Yes,No,Two year,No,Electronic check,82.7,5238.14,No
CUST-00361,Male,0,Yes,No,23,Yes,Yes,Fiber optic,No,Yes,No,Yes,No,No,One year,No,Bank transfer (automatic),100.87,2306.48,No
CUST-00362,Male,0,No,Yes,45,Yes,Yes,DSL,No,No,No,Yes,No,Yes,Two year,No,Bank transfer (automatic),63.63,2837.2,No
CUST-00363,Female,1,No,No,11,Yes,Yes,DSL,No,No,No,No,Yes,No,Month-to-month,Yes,Electronic check,64.0,729.26,No
CUST-00364,Male,0,No,No,67,Yes,Yes,No,No internet service,No internet service,No internet service,No internet service,No internet service,No internet service,One year,No,Electronic check,118.75,7961.37,No
CUST-00365,Female,1,Yes,Yes,59,Yes,No,Fiber optic,No,No,No,No,No,Yes,Two year,Yes,Mailed check,82.41,4878.59,Yes
CUST-00366,Male,1,Yes,No,13,No,No phone service,Fiber optic,No,No,No,No,Yes,Yes,Month-to-month,Yes,Credit card (automatic),97.15,1260.64,Yes
CUST-00367,Female,1,No,No,16,Yes,No,Fiber optic,Yes,No,Yes,Yes,No,Yes,Month-to-month,No,Electronic check,125.0,1973.01,Yes
CUST-00368,Female,0,No,No,24,Yes,No,Fiber optic,No,No,Yes,No,No,No,Month-to-month,Yes,Electronic check,101.11,2493.75,Yes
CUST-00369,Female,0,No,No,7,Yes,No,Fiber optic,Yes,No,No,No,No,No,Two year,Yes,Electronic check,85.08,607.79,No
CUST-00370,Male,0,Yes,No,25,Yes,Yes,DSL,No,No,No,No,No,Yes,Two year,Yes,Mailed check,58.57,1391.29,No
CUST-00371,Female,0,Yes,No,49,No,No phone service,Fiber optic,No,No,Yes,No,Yes,Yes,Two year,No,Credit card (automatic),60.96,3005.93,No
CUST-00372,Male,0,No,Yes,53,No,No phone service,Fiber optic,Yes,No,Yes,No,No,Yes,Two year,Yes,Credit card (automatic),90.75,4746.72,No
CUST-00373,Female,1,No,No,1,Yes,No,DSL,No,No,No,No,Yes,Yes,Month-to-month,Yes,Bank transfer (automatic),54.79,72.44,Yes
CUST-00374,Female,0,Yes,No,26,Yes,No,DSL,No,No,No,No,No,No,Month-to-month,Yes,Electronic check,64.71,1742.37,No
CUST-00375,Male,0,No,No,60,Yes,No,No,No internet service,No internet service,No internet service,No internet service,No internet service,No internet service,Month-to-month,Yes,Electronic check,21.25,1282.19,No
CUST-00376,Female,0,No,No,63,Yes,No,No,No internet service,No internet service,No internet service,No internet service,No internet service,No internet service,Month-to-month,No,Electronic check,86.76,5562.66,No
CUST-00377,Male,0,No,No,41,Yes,Yes,DSL,No,No,Yes,No,No,No,Month-to-month,No,Credit card (automatic),49.51,1967.43,No
CUST-00378,Male,0,Yes,No,53,No,No phone service,DSL,No,Yes,Yes,Yes,No,Yes,One year,No,Mailed check,118.75,6332.14,No
CUST-00379,Female,0,Yes,Yes,18,Yes,Yes,Fiber optic,Yes,No,No,Yes,No,Yes,Two year,No,Bank transfer (automatic),58.87,1046.09,No
CUST-00380,Female,0,No,Yes,63,Yes,Yes,Fiber optic,No,Yes,Yes,Yes,No,No,Month-to-month,Yes,Credit card (automatic),75.19,4688.58,No
CUST-00381,Female,0,No,No,35,Yes,Yes,Fiber optic,No,Yes,No,No,Yes,Yes,Two year,No,Electronic check,80.98,2903.5,No
CUST-00382,Male,0,No,No,50,Yes,No,No,No internet service,No internet service,No internet service,No internet service,No internet service,No internet service,Month-to-month,Yes,Mailed check,62.12,3095.61,No
CUST-00383,Male,0,No,Yes,19,Yes,No,No,No internet service,No internet service,No internet service,No internet service,No internet service,No internet service,One year,No,Mailed check,18.25,347.18,No
CUST-00384,Female,0,Yes,Yes,13,Yes,No,DSL,Yes,No,Yes,No,No,No,Month-to-month,No,Credit card (automatic),75.81,983.92,No
CUST-00385,Female,0,Yes,No,39,Yes,No,DSL,No,No,Yes,Yes,No,No,One year,Yes,Bank transfer (automatic),85.48,3449.12,No
CUST-00386,Female,1,Yes,Yes,38,Yes,No,DSL,No,No,No,No,Yes,No,Month-to-month,Yes,Credit card (automatic),64.59,2485.93,No
CUST-00387,Female,0,No,Yes,42,Yes,Yes,No,No internet service,No internet service,No internet service,No internet service,No internet service,No internet service,Two year,No,Mailed check,63.67,2727.02,No
CUST-00388,Male,0,Yes,Yes,59,Yes,No,Fiber optic,Yes,No,Yes,Yes,No,Yes,Month-to-month,Yes,Electronic check,75.99,4444.93,No
CUST-00389,Male,0,No,No,56,Yes,Yes,No,No internet service,No internet service,No internet service,No internet service,No internet service,No internet service,Month-to-month,No,Electronic check,49.34,2720.61,Yes
CUST-00390,Female,0,No,No,22,Yes,No,Fiber optic,No,No,No,No,No,Yes,Two year,Yes,Mailed check,64.33,1383.15,Yes
CUST-00391,Male,1,No,No,34,Yes,No,Fiber optic,Yes,No,No,No,No,No,Month-to-month,Yes,Mailed check,125.0,4231.03,Yes
CUST-00392,Female,0,No,No,7,Yes,Yes,DSL,Yes,Yes,No,No,No,No,Month-to-month,Yes,Mailed check,87.87,567.8,No
CUST-00393,Female,0,No,Yes,57,Yes,Yes,DSL,No,No,No,No,Yes,Yes,Month-to-month,No,Bank transfer (automatic),99.01,5629.79,No
CUST-00394,Male,0,No,No,10,Yes,Yes,No,No internet service,No internet service,No internet service,No internet service,No internet service,No internet service,Month-to-month,No,Electronic check,58.31,640.14,Yes
CUST-00395,Male,0,No,No,5,Yes,No,Fiber optic,No,Yes,No,No,No,No,Two year,Yes,Credit card (automatic),111.53,560.59,Yes
CUST-00396,Male,0,Yes,No,38,Yes,Yes,No,No internet service,No internet service,No internet service,No internet service,No internet service,No internet service,Month-to-month,No,Electronic check,108.91,4050.76,No
CUST-00397,Female,0,Yes,No,67,Yes,No,DSL,No,No,No,No,No,No,Month-to-month,No,Credit card (automatic),62.82,4273.61,No
CUST-00398,Female,0,No,No,28,Yes,Yes,Fiber optic,No,No,No,No,No,No,Month-to-month,No,Electronic check,125.0,3428.53,Yes
CUST-00399,Female,0,No,No,14,Yes,No,Fiber optic,No,No,No,Yes,No,Yes,Month-to-month,No,Electronic check,58.16,868.67,Yes
CUST-00400,Female,1,No,No,14,Yes,No,DSL,Yes,No,Yes,No,No,Yes,Month-to-month,Yes,Bank transfer (automatic),39.11,543.31,No
CUST-00401,Male,0,Yes,Yes,61,Yes,Yes,Fiber optic,Yes,Yes,No,Yes,No,Yes,Month-to-month,Yes,Electronic check,61.71,3882.83,No
CUST-00402,Male,1,No,Yes,48,Yes,No,No,No internet service,No internet service,No internet service,No internet service,No internet service,No internet service,Month-to-month,No,Bank transfer (automatic),60.08,2959.69,No
CUST-00403,Female,0,No,No,36,Yes,Yes,Fiber optic,No,No,No,No,No,No,One year,Yes,Credit card (automatic),105.22,3817.53,No
CUST-00404,Male,0,No,No,67,Yes,Yes,Fiber optic,No,Yes,No,Yes,Yes,No,Month-to-month,No,Bank transfer (automatic),65.35,4376.67,No
CUST-00405,Female,0,Yes,No,8,Yes,No,Fiber optic,No,No,No,No,No,Yes,Month-to-month,No,Credit card (automatic),33.25,332.72,Yes
CUST-00406,Male,0,No,Yes,45,Yes,Yes,No,No internet service,No internet service,No internet service,No internet service,No internet service,No internet service,Month-to-month,No,Electronic check,57.03,2572.75,No
CUST-00407,Female,0,No,Yes,26,Yes,No,No,No internet service,No internet service,No internet service,No internet service,No internet service,No internet service,Two year,No,Bank transfer (automatic),61.12,1614.69,No
CUST-00408,Female,1,No,No,17,Yes,No,Fiber optic,No,Yes,Yes,No,No,Yes,Two year,Yes,Mailed check,94.41,1613.64,Yes
CUST-00409,Male,0,Yes,No,67,No,No phone service,Fiber optic,No,No,No,Yes,Yes,No,Month-to-month,No,Mailed check,33.25,2197.19,No
CUST-00410,Female,0,No,No,69,Yes,Yes,Fiber optic,Yes,Yes,No,No,Yes,Yes,Month-to-month,Yes,Credit card (automatic),75.7,5239.01,No
CUST-00411,Female,0,Yes,No,61,Yes,No,No,No internet service,No internet service,No internet service,No internet service,No internet service,No internet service,Two year,No,Mailed check,68.84,4163.6,No
CUST-00412,Female,0,Yes,No,11,Yes,No,No,No internet service,No internet service,No internet service,No internet service,No internet service,No internet service,Two year,Yes,Electronic check,71.9,824.96,No
CUST-00413,Female,0,Yes,No,53,Yes,Yes,Fiber optic,No,Yes,Yes,Yes,Yes,Yes,Month-to-month,Yes,Credit card (automatic),106.97,5669.35,No
CUST-00414,Female,0,No,No,26,Yes,No,DSL,No,No,No,Yes,No,Yes,One year,No,Mailed check,42.21,1073.01,No
CUST-00415,Female,0,No,Yes,28,Yes,No,No,No internet service,No internet service,No internet service,No internet service,No internet service,No internet service,Month-to-month,Yes,Credit card (automatic),69.13,1904.97,No
CUST-00416,Male,0,Yes,No,14,Yes,No,DSL,Yes,No,Yes,No,Yes,No,Month-to-month,Yes,Mailed check,75.74,1137.56,No
CUST-00417,Male,0,Yes,No,43,Yes,No,DSL,No,No,No,No,No,No,Two year,No,Mailed check,61.72,2604.74,No
CUST-00418,Female,0,Yes,No,62,Yes,Yes,Fiber optic,No,No,No,No,No,No,Month-to-month,Yes,Credit card (automatic),97.49,6058.65,No
CUST-00419,Female,0,Yes,No,17,Yes,No,Fiber optic,No,No,No,No,No,Yes,Two year,No,Credit card (automatic),54.08,866.35,No
CUST-00420,Male,0,No,Yes,39,Yes,No,DSL,Yes,No,Yes,No,No,Yes,Month-to-month,Yes,Electronic check,87.52,3433.21,Yes
CUST-00421,Male,0,Yes,No,47,Yes,No,DSL,No,Yes,No,No,No,No,Month-to-month,Yes,Electronic check,65.76,3075.68,Yes
CUST-00422,Male,0,Yes,No,46,Yes,Yes,No,No internet service,No internet service,No internet service,No internet service,No internet service,No internet service,One year,Yes,Mailed check,93.27,4294.31,No
CUST-00423,Male,0,No,Yes,19,Yes,Yes,Fiber optic,No,No,Yes,Yes,Yes,No,Two year,Yes,Bank transfer (automatic),116.73,2198.95,Yes
CUST-00424,Male,1,Yes,No,3,Yes,Yes,DSL,No,No,No,Yes,No,Yes,Month-to-month,Yes,Bank transfer (automatic),99.21,203.83,Yes
CUST-00425,Female,0,No,Yes,60,Yes,Yes,DSL,No,No,No,No,No,No,Two year,No,Mailed check,30.91,1870.41,No
CUST-00426,Female,0,No,No,43,Yes,No,Fiber optic,No,No,No,Yes,No,Yes,One year,Yes,Bank transfer (automatic),62.68,2707.61,No
CUST-00427,Male,1,No,No,51,Yes,No,DSL,No,No,No,Yes,No,Yes,One year,No,Electronic check,77.07,3882.36,No
CUST-00428,Male,0,No,Yes,39,Yes,No,DSL,No,No,No,Yes,No,No,Month-to-month,No,Bank transfer (automatic),62.79,2451.56,No
CUST-00429,Female,0,Yes,No,28,Yes,Yes,No,No internet service,No internet service,No internet service,No internet service,No internet service,No internet service,Month-to-month,No,Mailed check,54.32,1533.8,No
CUST-00430,Male,1,No,No,19,Yes,No,Fiber optic,No,No,Yes,No,Yes,Yes,One year,Yes,Credit card (automatic),107.78,2065.23,Yes
CUST-00431,Female,1,No,No,48,Yes,No,Fiber optic,Yes,Yes,No,No,No,Yes,Month-to-month,Yes,Bank transfer (automatic),52.82,2538.25,No
CUST-00432,Male,0,Yes,No,60,Yes,No,Fiber optic,No,No,No,Yes,No,No,Two year,Yes,Electronic check,33.19,1959.46,No
CUST-00433,Male,0,No,Yes,24,Yes,No,Fiber optic,No,Yes,No,No,No,Yes,Month-to-month,No,Credit card (automatic),56.05,1380.89,No
CUST-00434,Female,0,No,No,2,Yes,No,Fiber optic,No,Yes,Yes,No,No,No,Month-to-month,No,Electronic check,95.51,206.01,Yes
CUST-00435,Female,1,No,No,12,Yes,No,Fiber optic,No,No,No,Yes,No,Yes,Month-to-month,Yes,Mailed check,125.0,1412.54,No
CUST-00436,Female,1,No,Yes,42,Yes,No,Fiber optic,No,No,No,Yes,Yes,Yes,Month-to-month,No,Bank transfer (automatic),125.0,5229.67,No
CUST-00437,Male,0,Yes,No,17,Yes,Yes,DSL,No,Yes,No,No,Yes,No,Month-to-month,Yes,Bank transfer (automatic),65.35,1140.31,No
CUST-00438,Male,0,No,Yes,59,Yes,Yes,Fiber optic,Yes,No,No,No,No,No,Two year,No,Credit card (automatic),53.17,3213.82,No
CUST-00439,Female,0,No,Yes,20,Yes,No,DSL,No,No,Yes,Yes,Yes,No,Month-to-month,Yes,Mailed check,73.78,1484.95,Yes
CUST-00440,Female,0,No,No,36,Yes,No,No,No internet service,No internet service,No internet service,No internet service,No internet service,No internet service,Month-to-month,Yes,Credit card (automatic),77.69,2739.09,No
CUST-00441,Male,0,Yes,No,17,Yes,No,Fiber optic,No,No,No,No,No,No,Two year,Yes,Mailed check,30.84,448.73,No
CUST-00442,Female,0,No,No,33,Yes,Yes,No,No internet service,No internet service,No internet service,No internet service,No internet service,No internet service,Two year,Yes,Bank transfer (automatic),18.25,605.86,No
CUST-00443,Female,0,No,No,49,No,No phone service,Fiber optic,Yes,No,No,No,No,Yes,Two year,Yes,Mailed check,43.26,2112.11,No
CUST-00444,Female,0,Yes,Yes,58,Yes,No,Fiber optic,No,No,No,No,No,No,Month-to-month,Yes,Electronic check,121.69,7074.35,Yes
CUST-00445,Male,0,No,No,54,Yes,No,Fiber optic,No,Yes,No,No,Yes,No,Month-to-month,Yes,Bank transfer (automatic),77.33,4125.72,No
CUST-00446,Male,0,No,Yes,37,Yes,No,DSL,No,Yes,Yes,No,No,No,Month-to-month,Yes,Mailed check,56.67,2107.03,No
CUST-00447,Female,0,No,Yes,33,Yes,No,No,No internet service,No internet service,No internet service,No internet service,No internet service,No internet service,Two year,Yes,Electronic check,85.06,2802.9,No
CUST-00448,Male,0,No,Yes,24,Yes,No,Fiber optic,Yes,Yes,No,Yes,Yes,Yes,Two year,Yes,Bank transfer (automatic),114.3,2700.89,Yes
CUST-00449,Male,1,Yes,Yes,72,No,No phone service,Fiber optic,No,No,No,No,Yes,No,One year,Yes,Bank transfer (automatic),59.51,4356.17,No
CUST-00450,Female,0,No,No,53,Yes,Yes,No,No internet service,No internet service,No internet service,No internet service,No internet service,No internet service,One year,No,Electronic check,73.97,3959.13,No
CUST-00451,Male,0,No,No,65,Yes,No,Fiber optic,No,Yes,No,Yes,Yes,No,Month-to-month,Yes,Bank transfer (automatic),91.63,5950.05,No
CUST-00452,Male,0,No,No,54,Yes,No,Fiber optic,No,Yes,No,Yes,No,No,Two year,Yes,Credit card (automatic),108.04,5773.48,No
CUST-00453,Female,0,Yes,No,7,Yes,No,Fiber optic,No,No,Yes,No,No,No,Month-to-month,Yes,Credit card (automatic),84.7,614.89,No
CUST-00454,Female,0,Yes,Yes,20,Yes,No,Fiber optic,No,No,No,No,Yes,No,Two year,No,Electronic check,38.23,733.84,Yes
CUST-00455,Male,0,No,No,34,Yes,Yes,Fiber optic,Yes,No,No,Yes,No,No,Month-to-month,No,Credit card (automatic),84.21,2893.02,No
CUST-00456,Male,0,Yes,No,23,No,No phone service,Fiber optic,Yes,No,No,No,No,No,Month-to-month,No,Electronic check,95.42,2212.99,No
CUST-00457,Female,0,No,No,66,Yes,No,No,No internet service,No internet service,No internet service,No internet service,No internet service,No internet service,One year,No,Bank transfer (automatic),66.05,4313.03,No
CUST-00458,Male,0,No,No,36,Yes,No,DSL,No,No,No,No,No,Yes,Month-to-month,Yes,Mailed check,52.84,1900.85,No
CUST-00459,Male,0,No,Yes,16,Yes,Yes,Fiber optic,No,No,Yes,Yes,Yes,No,Two year,No,Credit card (automatic),42.45,723.09,No
CUST-00460,Female,0,Yes,No,44,Yes,No,DSL,No,No,No,No,No,No,Month-to-month,No,Mailed check,106.56,4617.77,No
CUST-00461,Male,0,No,No,28,Yes,Yes,Fiber optic,Yes,No,No,No,No,Yes,Month-to-month,No,Credit card (automatic),106.61,3000.31,Yes
CUST-00462,Female,0,Yes,Yes,10,Yes,No,DSL,No,No,Yes,No,No,Yes,One year,Yes,Mailed check,71.01,785.26,No
CUST-00463,Male,0,No,No,69,Yes,No,Fiber optic,Yes,Yes,Yes,No,No,No,One year,No,Mailed check,51.11,3477.59,No
CUST-00464,Female,0,No,No,69,Yes,No,DSL,Yes,No,Yes,No,No,No,Month-to-month,Yes,Bank transfer (automatic),93.63,6382.11,No
CUST-00465,Female,0,No,No,56,No,No phone service,DSL,Yes,No,No,Yes,No,No,One year,Yes,Electronic check,53.09,3094.55,No
CUST-00466,Male,0,Yes,No,23,Yes,Yes,Fiber optic,Yes,No,Yes,No,No,No,Month-to-month,No,Credit card (automatic),33.25,660.15,No
CUST-00467,Female,1,Yes,No,60,Yes,Yes,Fiber optic,No,Yes,No,No,No,No,Two year,Yes,Electronic check,109.11,6543.09,No
CUST-00468,Male,1,No,No,21,Yes,Yes,Fiber optic,No,No,No,No,Yes,No,One year,Yes,Bank transfer (automatic),30.25,688.81,No
CUST-00469,Female,1,No,No,64,Yes,Yes,No,No internet service,No internet service,No internet service,No internet service,No internet service,No internet service,Two year,No,Mailed check,62.7,4073.34,No
CUST-00470,Male,0,No,No,64,Yes,No,DSL,No,Yes,No,No,No,Yes,One year,Yes,Mailed check,93.1,5971.88,No
CUST-00471,Male,0,No,Yes,13,Yes,No,Fiber optic,No,No,No,No,No,No,One year,Yes,Bank transfer (automatic),86.52,1192.28,No
CUST-00472,Male,0,No,No,23,No,No phone service,Fiber optic,Yes,No,No,No,No,Yes,Month-to-month,No,Mailed check,105.95,2426.41,Yes
CUST-00473,Female,0,Yes,No,51,Yes,No,No,No internet service,No internet service,No internet service,No internet service,No internet service,No internet service,Month-to-month,Yes,Mailed check,105.17,5342.45,No
CUST-00474,Female,0,No,No,17,Yes,Yes,DSL,No,Yes,No,Yes,No,No,Month-to-month,Yes,Credit card (automatic),44.26,758.53,No
CUST-00475,Male,0,No,No,58,Yes,No,Fiber optic,Yes,Yes,No,Yes,No,No,Month-to-month,No,Bank transfer (automatic),84.94,4944.77,No
CUST-00476,Male,0,No,No,49,Yes,No,No,No internet service,No internet service,No internet service,No internet service,No internet service,No internet service,Month-to-month,No,Bank transfer (automatic),71.17,3507.76,Yes
CUST-00477,Male,0,Yes,No,17,Yes,No,Fiber optic,No,No,Yes,Yes,No,No,Two year,Yes,Electronic check,78.89,1298.05,No
CUST-00478,Female,0,No,Yes,56,Yes,Yes,No,No internet service,No internet service,No internet service,No internet service,No internet service,No internet service,Two year,Yes,Credit card (automatic),89.97,5042.31,No
CUST-00479,Male,0,Yes,Yes,4,Yes,No,DSL,No,No,Yes,No,No,No,Month-to-month,Yes,Credit card (automatic),92.07,320.68,No
CUST-00480,Female,0,No,No,28,Yes,No,DSL,Yes,No,No,Yes,No,Yes,Month-to-month,Yes,Electronic check,102.96,2875.56,No
CUST-00481,Female,1,No,No,13,Yes,No,Fiber optic,No,No,No,No,Yes,No,Month-to-month,Yes,Electronic check,55.04,742.18,Yes
CUST-00482,Male,0,No,No,1,Yes,Yes,DSL,Yes,No,No,No,Yes,Yes,Two year,No,Electronic check,79.17,103.33,No
CUST-00483,Female,0,Yes,No,54,Yes,No,Fiber optic,No,Yes,No,Yes,No,Yes,Month-to-month,Yes,Bank transfer (automatic),52.49,2922.45,No
CUST-00484,Male,0,Yes,No,11,Yes,No,DSL,No,No,No,Yes,Yes,No,Two year,Yes,Electronic check,82.43,883.49,Yes
CUST-00485,Female,0,Yes,No,50,Yes,No,Fiber optic,Yes,Yes,No,No,Yes,No,Month-to-month,Yes,Mailed check,125.0,6297.46,Yes
CUST-00486,Female,0,Yes,No,6,Yes,No,No,No internet service,No internet service,No internet service,No internet service,No internet service,No internet service,One year,Yes,Credit card (automatic),115.08,781.35,Yes
CUST-00487,Female,0,Yes,No,65,No,No phone service,No,No internet service,No internet service,No internet service,No internet service,No internet service,No internet service,Two year,Yes,Electronic check,30.87,2110.48,No
CUST-00488,Male,0,No,Yes,71,Yes,Yes,DSL,Yes,No,No,No,Yes,Yes,One year,Yes,Electronic check,36.39,2631.03,No
CUST-00489,Male,0,Yes,Yes,23,Yes,Yes,DSL,No,Yes,No,No,No,No,Month-to-month,No,Bank transfer (automatic),85.71,1908.53,No
CUST-00490,Male,0,Yes,No,36,Yes,No,No,No internet service,No internet service,No internet service,No internet service,No internet service,No internet service,Two year,No,Electronic check,52.79,1855.89,No
CUST-00491,Male,1,No,No,45,Yes,Yes,Fiber optic,Yes,No,Yes,Yes,No,No,Two year,Yes,Electronic check,119.5,5338.54,Yes
CUST-00492,Male,0,Yes,No,43,Yes,No,Fiber optic,Yes,Yes,Yes,Yes,Yes,No,Month-to-month,No,Bank transfer (automatic),107.55,4630.77,No
CUST-00493,Male,0,Yes,No,2,Yes,Yes,No,No internet service,No internet service,No internet service,No internet service,No internet service,No internet service,Month-to-month,No,Electronic check,88.01,262.31,Yes
CUST-00494,Male,0,No,No,71,Yes,Yes,Fiber optic,No,Yes,Yes,No,Yes,Yes,One year,Yes,Electronic check,50.28,3563.56,No
CUST-00495,Female,0,Yes,Yes,68,Yes,Yes,Fiber optic,No,No,No,No,No,No,One year,Yes,Bank transfer (automatic),105.62,7148.04,No
CUST-00496,Female,0,Yes,No,36,Yes,No,No,No internet service,No internet service,No internet service,No internet service,No internet service,No internet service,Month-to-month,Yes,Credit card (automatic),90.34,3307.6,No
CUST-00497,Female,0,No,Yes,40,Yes,Yes,Fiber optic,No,No,Yes,No,Yes,No,Two year,Yes,Credit card (automatic),80.1,3182.41,No
CUST-00498,Female,0,Yes,No,13,Yes,Yes,Fiber optic,No,No,No,No,No,No,Month-to-month,Yes,Electronic check,40.99,578.77,Yes
CUST-00499,Male,0,Yes,Yes,54,Yes,Yes,No,No internet service,No internet service,No internet service,No internet service,No internet service,No internet service,Month-to-month,Yes,Electronic check,117.59,6333.61,Yes
CUST-00500,Female,0,Yes,No,38,Yes,Yes,Fiber optic,No,No,No,No,Yes,No,Month-to-month,Yes,Electronic check,50.62,1964.64,No
CUST-00501,Female,0,Yes,No,21,Yes,Yes,No,No internet service,No internet service,No internet service,No internet service,No internet service,No internet service,Month-to-month,Yes,Mailed check,28.12,602.7,No
CUST-00502,Male,1,No,No,23,Yes,No,DSL,No,No,Yes,No,No,Yes,Month-to-month,No,Electronic check,87.4,1997.03,Yes
CUST-00503,Male,0,Yes,No,6,Yes,No,No,No internet service,No internet service,No internet service,No internet service,No internet service,No internet service,Two year,Yes,Bank transfer (automatic),100.7,540.02,No
CUST-00504,Male,1,Yes,No,57,No,No phone service,DSL,No,No,No,No,Yes,No,Month-to-month,No,Bank transfer (automatic),50.73,2893.87,No
CUST-00505,Female,0,Yes,No,5,No,No phone service,DSL,No,Yes,No,No,Yes,Yes,One year,No,Credit card (automatic),41.47,149.92,No
CUST-00506,Female,0,No,No,41,Yes,Yes,Fiber optic,No,No,No,No,No,No,Two year,No,Mailed check,91.7,3776.44,No
CUST-00507,Male,0,Yes,Yes,59,Yes,Yes,No,No internet service,No internet service,No internet service,No internet service,No internet service,No internet service,Two year,Yes,Mailed check,118.75,7048.62,No
CUST-00508,Female,1,No,Yes,4,Yes,Yes,Fiber optic,Yes,No,No,No,No,Yes,Two year,Yes,Electronic check,125.0,525.66,Yes
CUST-00509,Female,0,Yes,Yes,11,Yes,No,Fiber optic,No,No,Yes,No,No,Yes,One year,Yes,Credit card (automatic),109.64,1204.05,Yes
CUST-00510,Female,0,No,Yes,55,Yes,Yes,No,No internet service,No internet service,No internet service,No internet service,No internet service,No internet service,Month-to-month,No,Electronic check,82.04,4509.7,Yes
CUST-00511,Male,0,Yes,No,60,Yes,Yes,Fiber optic,Yes,Yes,No,No,No,No,Month-to-month,Yes,Electronic check,78.41,4737.22,No
CUST-00512,Male,0,Yes,No,6,Yes,No,No,No internet service,No internet service,No internet service,No internet service,No internet service,No internet service,Month-to-month,No,Electronic check,65.28,364.33,No
CUST-00513,Male,0,No,No,20,Yes,Yes,DSL,No,Yes,No,No,No,No,Month-to-month,Yes,Bank transfer (automatic),63.67,1281.92,No
CUST-00514,Male,0,Yes,No,44,Yes,No,DSL,No,Yes,No,No,Yes,No,Month-to-month,No,Bank transfer (automatic),78.26,3381.17,No
CUST-00515,Male,0,No,No,39,Yes,No,DSL,No,Yes,No,No,Yes,No,Two year,Yes,Electronic check,56.04,2152.65,No
CUST-00516,Female,1,No,Yes,38,Yes,Yes,No,No internet service,No internet service,No internet service,No internet service,No internet service,No internet service,Two year,No,Electronic check,61.66,2354.42,No
CUST-00517,Male,0,No,No,19,Yes,No,DSL,No,No,Yes,Yes,Yes,Yes,One year,Yes,Credit card (automatic),51.28,914.04,No
CUST-00518,Female,0,Yes,No,39,Yes,Yes,Fiber optic,No,No,Yes,No,Yes,Yes,One year,No,Bank transfer (automatic),76.69,2999.88,No
CUST-00519,Female,0,No,No,4,Yes,Yes,DSL,No,No,No,No,No,No,Month-to-month,Yes,Mailed check,70.08,309.52,Yes
CUST-00520,Male,0,Yes,Yes,63,Yes,No,DSL,Yes,No,No,No,No,Yes,Month-to-month,No,Electronic check,80.22,5022.28,No
CUST-00521,Female,0,No,No,40,Yes,No,Fiber optic,Yes,Yes,No,No,Yes,Yes,Two year,No,Electronic check,98.3,3947.28,No
CUST-00522,Female,1,No,No,27,Yes,Yes,DSL,No,No,No,No,No,Yes,Month-to-month,Yes,Electronic check,121.75,3226.32,Yes
CUST-00523,Female,0,No,No,27,No,No phone service,No,No internet service,No internet service,No internet service,No internet service,No internet service,No internet service,One year,Yes,Credit card (automatic),107.13,2912.84,No
CUST-00524,Male,0,No,Yes,27,Yes,No,No,No internet service,No internet service,No internet service,No internet service,No internet service,No internet service,Month-to-month,Yes,Bank transfer (automatic),107.16,2872.61,No
CUST-00525,Female,0,No,Yes,32,Yes,No,Fiber optic,No,No,Yes,No,No,No,Two year,Yes,Electronic check,121.51,3844.79,Yes
CUST-00526,Female,0,No,No,14,Yes,No,Fiber optic,No,No,No,No,Yes,Yes,One year,No,Bank transfer (automatic),97.01,1341.82,Yes
CUST-00527,Male,0,Yes,No,44,Yes,No,No,No internet service,No internet service,No internet service,No internet service,No internet service,No internet service,Month-to-month,Yes,Electronic check,25.15,1053.01,No
CUST-00528,Female,0,No,Yes,14,Yes,No,Fiber optic,No,No,No,No,Yes,No,Two year,No,Electronic check,97.82,1403.96,No
CUST-00529,Male,1,Yes,No,23,Yes,No,DSL,No,No,No,No,No,No,Two year,No,Credit card (automatic),60.44,1395.81,No
CUST-00530,Male,0,Yes,No,63,Yes,Yes,Fiber optic,No,No,No,No,Yes,No,Month-to-month,Yes,Bank transfer (automatic),68.67,4372.9,No
CUST-00531,Male,0,No,No,41,Yes,Yes,Fiber optic,No,No,No,Yes,Yes,Yes,Month-to-month,No,Electronic check,39.97,1557.37,No
CUST-00532,Female,0,Yes,No,66,Yes,No,Fiber optic,No,No,No,No,No,No,Month-to-month,No,Mailed check,43.1,2884.79,No
CUST-00533,Female,0,No,No,48,Yes,No,Fiber optic,No,No,No,No,Yes,No,Month-to-month,No,Credit card (automatic),79.13,3724.54,Yes
CUST-00534,Female,1,Yes,No,57,Yes,No,No,No internet service,No internet service,No internet service,No internet service,No internet service,No internet service,One year,No,Mailed check,78.56,4475.41,No
CUST-00535,Male,0,Yes,No,7,Yes,No,Fiber optic,No,No,Yes,No,Yes,No,Month-to-month,Yes,Electronic check,85.83,708.51,Yes
CUST-00536,Female,1,No,Yes,37,Yes,No,DSL,No,No,No,Yes,No,No,Month-to-month,Yes,Mailed check,60.18,2154.88,No
CUST-00537,Female,0,Yes,No,26,Yes,Yes,Fiber optic,Yes,No,No,No,No,No,Month-to-month,Yes,Credit card (automatic),100.07,2601.75,Yes
CUST-00538,Female,0,No,Yes,2,Yes,No,Fiber optic,No,Yes,No,No,No,No,One year,Yes,Electronic check,103.42,159.25,Yes
CUST-00539,Male,1,No,No,7,Yes,No,DSL,Yes,No,Yes,No,No,No,Month-to-month,Yes,Mailed check,89.17,597.6,Yes
CUST-00540,Female,0,No,No,14,Yes,No,DSL,No,Yes,No,No,No,No,Two year,Yes,Electronic check,87.51,1180.02,Yes
CUST-00541,Male,0,Yes,No,1,Yes,No,Fiber optic,Yes,No,Yes,No,No,No,Two year,Yes,Credit card (automatic),105.21,0.0,No
CUST-00542,Female,0,No,No,32,Yes,No,Fiber optic,No,No,No,No,No,No,Month-to-month,Yes,Bank transfer (automatic),33.25,1087.07,No
CUST-00543,Female,0,Yes,No,4,Yes,Yes,DSL,No,Yes,No,No,No,No,One year,Yes,Mailed check,81.23,325.68,Yes
CUST-00544,Female,0,Yes,Yes,60,Yes,No,Fiber optic,No,Yes,No,No,Yes,No,Month-to-month,Yes,Electronic check,67.86,4029.1,Yes
CUST-00545,Male,0,Yes,Yes,43,Yes,No,Fiber optic,No,Yes,No,Yes,Yes,No,Month-to-month,Yes,Bank transfer (automatic),125.0,5431.19,No
CUST-00546,Female,0,Yes,No,70,Yes,No,DSL,No,Yes,Yes,No,Yes,No,One year,No,Mailed check,103.99,7303.35,No
CUST-00547,Female,1,No,No,7,Yes,No,No,No internet service,No internet service,No internet service,No internet service,No internet service,No internet service,Month-to-month,Yes,Mailed check,81.7,572.05,Yes
CUST-00548,Male,0,Yes,No,6,Yes,Yes,Fiber optic,No,No,No,No,No,No,Two year,No,Mailed check,76.06,480.39,No
CUST-00549,Male,0,Yes,No,63,Yes,Yes,DSL,No,Yes,Yes,No,No,No,One year,Yes,Electronic check,18.25,1174.09,No
CUST-00550,Male,0,No,No,29,Yes,Yes,No,No internet service,No internet service,No internet service,No internet service,No internet service,No internet service,Month-to-month,No,Electronic check,38.5,1114.64,No
CUST-00551,Male,0,No,No,55,Yes,Yes,Fiber optic,No,Yes,Yes,No,Yes,No,Month-to-month,Yes,Mailed check,70.7,3908.5,No
CUST-00552,Female,0,Yes,No,14,No,No phone service,No,No internet service,No internet service,No internet service,No internet service,No internet service,No internet service,Two year,No,Electronic check,81.16,1146.99,No
CUST-00553,Male,0,Yes,No,1,Yes,Yes,DSL,No,No,No,No,No,No,Month-to-month,No,Bank transfer (automatic),61.36,44.32,Yes
CUST-00554,Female,0,Yes,No,36,Yes,Yes,Fiber optic,Yes,Yes,No,No,No,No,Month-to-month,No,Electronic check,125.0,4467.89,Yes
CUST-00555,Male,0,No,No,42,Yes,No,Fiber optic,Yes,No,No,Yes,Yes,No,Month-to-month,No,Credit card (automatic),67.34,2797.34,No
CUST-00556,Male,0,No,No,9,Yes,No,No,No internet service,No internet service,No internet service,No internet service,No internet service,No internet service,Two year,No,Electronic check,118.75,1027.7,Yes
CUST-00557,Male,0,No,Yes,1,Yes,No,No,No internet service,No internet service,No internet service,No internet service,No internet service,No internet service,Month-to-month,No,Electronic check,35.97,28.71,Yes
CUST-00558,Male,0,No,Yes,16,Yes,Yes,Fiber optic,No,No,Yes,Yes,No,No,One year,Yes,Bank transfer (automatic),103.4,1677.33,Yes
CUST-00559,Male,0,Yes,No,8,Yes,No,No,No internet service,No internet service,No internet service,No internet service,No internet service,No internet service,Two year,Yes,Bank transfer (automatic),66.66,573.91,No
CUST-00560,Male,0,No,No,72,Yes,Yes,DSL,No,Yes,No,Yes,No,No,Month-to-month,No,Electronic check,63.56,4585.68,No
CUST-00561,Male,0,Yes,No,72,Yes,No,Fiber optic,No,Yes,No,Yes,Yes,No,One year,Yes,Electronic check,80.03,5811.52,No
CUST-00562,Female,0,Yes,No,2,Yes,No,Fiber optic,No,Yes,Yes,No,No,Yes,Month-to-month,Yes,Electronic check,60.91,69.9,No
CUST-00563,Female,0,Yes,No,33,Yes,No,DSL,Yes,No,Yes,Yes,No,No,Month-to-month,No,Bank transfer (automatic),81.01,2720.85,No
CUST-00564,Female,1,Yes,No,28,Yes,No,DSL,No,No,Yes,No,Yes,No,Month-to-month,Yes,Electronic check,50.29,1452.19,Yes
CUST-00565,Male,0,No,No,2,Yes,Yes,DSL,Yes,Yes,Yes,No,No,Yes,Month-to-month,Yes,Electronic check,79.51,95.53,Yes
CUST-00566,Female,0,Yes,No,48,Yes,No,DSL,No,No,Yes,No,Yes,No,Month-to-month,Yes,Credit card (automatic),84.8,4017.64,No
CUST-00567,Female,0,Yes,No,62,Yes,No,DSL,No,Yes,No,No,No,No,Two year,Yes,Electronic check,74.3,4576.29,No
CUST-00568,Female,0,Yes,Yes,45,Yes,No,DSL,No,No,No,No,No,No,Month-to-month,Yes,Electronic check,57.48,2608.15,No
CUST-00569,Male,0,No,Yes,67,Yes,Yes,Fiber optic,No,No,No,No,No,No,Month-to-month,No,Bank transfer (automatic),125.0,8272.65,No
CUST-00570,Male,0,No,No,46,Yes,No,Fiber optic,No,No,Yes,Yes,Yes,Yes,Two year,No,Electronic check,30.25,1403.11,No
CUST-00571,Male,0,No,No,40,Yes,No,DSL,Yes,Yes,Yes,Yes,No,No,Two year,Yes,Electronic check,84.08,3388.33,No
CUST-00572,Female,0,No,No,69,Yes,No,Fiber optic,No,No,No,No,No,No,Month-to-month,Yes,Mailed check,125.0,8707.57,No
CUST-00573,Female,0,No,No,51,Yes,No,DSL,No,No,Yes,No,No,No,Month-to-month,Yes,Electronic check,106.0,5472.47,No
CUST-00574,Female,0,Yes,No,56,Yes,No,Fiber optic,No,No,No,No,Yes,No,Two year,No,Mailed check,48.77,2712.11,No
CUST-00575,Female,0,Yes,No,57,No,No phone service,No,No internet service,No internet service,No internet service,No internet service,No internet service,No internet service,Month-to-month,No,Bank transfer (automatic),51.53,2909.22,No
CUST-00576,Female,0,Yes,No,3,Yes,No,Fiber optic,No,Yes,No,No,No,No,One year,Yes,Bank transfer (automatic),78.84,287.27,Yes
CUST-00577,Male,0,Yes,No,53,Yes,No,Fiber optic,Yes,Yes,Yes,No,No,No,Month-to-month,No,Credit card (automatic),50.51,2733.88,No
CUST-00578,Male,1,No,Yes,54,Yes,No,Fiber optic,No,No,Yes,No,No,No,Two year,Yes,Electronic check,60.92,3313.78,No
CUST-00579,Male,0,Yes,No,36,Yes,Yes,DSL,No,No,Yes,No,No,No,Two year,Yes,Mailed check,25.65,868.46,No
CUST-00580,Female,0,Yes,No,41,Yes,No,Fiber optic,Yes,Yes,No,No,Yes,No,Two year,No,Bank transfer (automatic),102.19,4188.05,No
CUST-00581,Female,0,No,No,60,Yes,Yes,DSL,Yes,No,Yes,No,No,Yes,Two year,Yes,Mailed check,102.25,6109.64,No
CUST-00582,Male,0,Yes,No,11,Yes,No,Fiber optic,Yes,No,Yes,Yes,No,No,Two year,No,Electronic check,61.42,620.22,No
CUST-00583,Female,1,Yes,No,38,Yes,No,No,No internet service,No internet service,No internet service,No internet service,No internet service,No internet service,Month-to-month,Yes,Electronic check,62.54,2389.21,Yes
CUST-00584,Female,0,Yes,Yes,56,Yes,Yes,No,No internet service,No internet service,No internet service,No internet service,No internet service,No internet service,One year,Yes,Electronic check,40.89,2249.3,No
CUST-00585,Female,0,No,Yes,19,Yes,No,Fiber optic,No,No,No,Yes,Yes,Yes,Two year,Yes,Electronic check,98.82,1980.09,Yes
CUST-00586,Male,0,Yes,No,19,Yes,Yes,Fiber optic,No,No,No,No,No,Yes,Month-to-month,Yes,Credit card (automatic),63.35,1156.56,Yes
CUST-00587,Male,1,Yes,Yes,1,Yes,No,Fiber optic,No,Yes,No,Yes,No,No,Month-to-month,Yes,Bank transfer (automatic),56.45,0.0,No
CUST-00588,Female,0,Yes,No,23,Yes,No,Fiber optic,No,No,No,No,No,No,One year,No,Electronic check,103.65,2392.54,Yes
CUST-00589,Male,0,No,Yes,26,Yes,Yes,No,No internet service,No internet service,No internet service,No internet service,No internet service,No internet service,One year,Yes,Bank transfer (automatic),105.66,2815.81,No
CUST-00590,Male,0,Yes,Yes,69,Yes,Yes,Fiber optic,Yes,No,No,No,No,Yes,Month-to-month,No,Mailed check,88.41,6107.51,No
CUST-00591,Male,0,Yes,No,6,Yes,No,Fiber optic,Yes,No,No,Yes,Yes,Yes,Month-to-month,No,Bank transfer (automatic),34.64,183.91,No
CUST-00592,Male,0,No,Yes,47,Yes,Yes,DSL,No,No,Yes,Yes,Yes,No,Two year,No,Electronic check,103.38,4810.67,No
CUST-00593,Female,0,No,No,5,Yes,Yes,Fiber optic,No,No,No,No,No,Yes,Month-to-month,No,Bank transfer (automatic),36.77,118.79,No
CUST-00594,Male,0,Yes,No,58,Yes,No,Fiber optic,Yes,Yes,No,Yes,No,No,Two year,No,Credit card (automatic),44.23,2538.59,No
CUST-00595,Female,0,Yes,No,34,Yes,Yes,DSL,No,No,No,Yes,Yes,No,One year,No,Bank transfer (automatic),58.19,1932.2,No
CUST-00596,Male,1,Yes,Yes,31,Yes,Yes,Fiber optic,Yes,No,No,Yes,No,No,One year,Yes,Electronic check,90.2,2804.31,No
CUST-00597,Male,0,No,Yes,68,Yes,No,No,No internet service,No internet service,No internet service,No internet service,No internet service,No internet service,Month-to-month,Yes,Credit card (automatic),59.63,4047.89,No
CUST-00598,Male,0,Yes,No,54,Yes,No,Fiber optic,Yes,No,No,No,No,No,One year,Yes,Electronic check,120.92,6532.84,No
CUST-00599,Male,1,No,No,8,Yes,Yes,DSL,No,Yes,No,No,Yes,No,Two year,No,Electronic check,77.43,579.11,Yes
CUST-00600,Male,0,No,No,20,No,No phone service,DSL,No,No,No,No,Yes,No,Month-to-month,No,Electronic check,74.24,1476.23,Yes
CUST-00601,Male,1,No,Yes,20,No,No phone service,Fiber optic,No,Yes,No,No,Yes,No,One year,Yes,Credit card (automatic),41.75,878.17,No
CUST-00602,Male,0,Yes,Yes,44,Yes,No,DSL,Yes,No,Yes,Yes,No,Yes,Month-to-month,No,Electronic check,112.97,4890.15,Yes
CUST-00603,Male,1,No,Yes,60,Yes,No,DSL,Yes,No,No,Yes,No,Yes,Month-to-month,No,Bank transfer (automatic),68.47,4069.85,No
CUST-00604,Female,0,No,No,46,Yes,No,DSL,Yes,No,Yes,Yes,No,No,Two year,Yes,Bank transfer (automatic),39.42,1798.98,No
CUST-00605,Male,0,No,Yes,29,Yes,No,Fiber optic,No,No,Yes,No,No,Yes,Month-to-month,Yes,Electronic check,65.56,1880.69,No
CUST-00606,Male,0,Yes,Yes,54,Yes,No,DSL,No,No,No,Yes,No,No,Month-to-month,Yes,Mailed check,114.33,6241.42,No
CUST-00607,Female,0,No,No,55,Yes,No,DSL,Yes,Yes,Yes,No,Yes,No,Two year,Yes,Electronic check,77.49,4187.79,No
CUST-00608,Male,1,No,No,6,Yes,No,No,No internet service,No internet service,No internet service,No internet service,No internet service,No internet service,Month-to-month,Yes,Mailed check,66.58,267.82,Yes
CUST-00609,Male,0,No,No,40,Yes,Yes,No,No internet service,No internet service,No internet service,No internet service,No internet service,No internet service,One year,Yes,Electronic check,53.48,2191.47,No
CUST-00610,Male,0,No,Yes,52,Yes,Yes,No,No internet service,No internet service,No internet service,No internet service,No internet service,No internet service,Month-to-month,Yes,Electronic check,87.74,4495.6,No
CUST-00611,Male,0,No,No,44,Yes,Yes,DSL,No,Yes,Yes,Yes,No,No,Two year,Yes,Electronic check,27.46,1172.35,No
CUST-00612,Female,0,Yes,Yes,18,Yes,No,DSL,No,No,No,Yes,No,No,Two year,Yes,Electronic check,74.38,1352.82,No
CUST-00613,Male,0,No,No,12,Yes,No,Fiber optic,No,No,Yes,No,No,Yes,One year,No,Electronic check,67.26,863.67,Yes
CUST-00614,Female,0,No,No,21,Yes,Yes,No,No internet service,No internet service,No internet service,No internet service,No internet service,No internet service,Month-to-month,No,Electronic check,30.68,611.95,No
CUST-00615,Male,0,No,Yes,26,Yes,Yes,Fiber optic,No,No,No,No,Yes,No,Two year,No,Mailed check,71.49,1830.27,No
CUST-00616,Male,1,Yes,No,67,Yes,No,No,No internet service,No internet service,No internet service,No internet service,No internet service,No internet service,One year,No,Electronic check,25.98,1685.11,No
CUST-00617,Female,0,Yes,No,45,Yes,Yes,Fiber optic,No,No,Yes,Yes,Yes,No,Month-to-month,No,Electronic check,67.15,3022.8,No
CUST-00618,Female,0,No,No,61,Yes,No,No,No internet service,No internet service,No internet service,No internet service,No internet service,No internet service,Month-to-month,Yes,Bank transfer (automatic),21.25,1363.89,No
CUST-00619,Female,0,No,Yes,2,Yes,No,No,No internet service,No internet service,No internet service,No internet service,No internet service,No internet service,Two year,No,Electronic check,50.09,71.32,Yes
CUST-00620,Female,0,Yes,No,57,Yes,No,DSL,No,Yes,Yes,No,Yes,No,One year,No,Credit card (automatic),33.42,1864.05,No
CUST-00621,Female,0,Yes,Yes,14,Yes,Yes,Fiber optic,Yes,No,No,No,No,Yes,Month-to-month,Yes,Electronic check,82.72,1151.82,Yes
CUST-00622,Female,0,No,No,41,Yes,No,Fiber optic,No,No,No,Yes,Yes,No,Month-to-month,No,Credit card (automatic),79.34,3277.98,No
CUST-00623,Female,0,No,Yes,28,Yes,Yes,DSL,Yes,No,No,No,Yes,No,One year,Yes,Mailed check,77.55,2208.01,No
CUST-00624,Female,0,Yes,No,63,Yes,No,Fiber optic,No,No,No,No,Yes,No,One year,No,Bank transfer (automatic),117.74,7409.24,No
CUST-00625,Male,0,Yes,No,49,Yes,Yes,Fiber optic,No,No,No,No,Yes,No,Two year,No,Electronic check,118.69,5886.7,Yes
CUST-00626,Female,0,Yes,No,34,Yes,No,Fiber optic,Yes,No,No,No,No,No,Month-to-month,Yes,Electronic check,73.58,2529.14,Yes
CUST-00627,Female,0,Yes,No,37,Yes,No,No,No internet service,No internet service,No internet service,No internet service,No internet service,No internet service,One year,No,Credit card (automatic),69.87,2585.63,No
CUST-00628,Female,0,No,No,51,No,No phone service,DSL,Yes,No,No,No,No,Yes,Month-to-month,Yes,Electronic check,42.56,2169.18,No
CUST-00629,Male,0,No,No,52,Yes,Yes,No,No internet service,No internet service,No internet service,No internet service,No internet service,No internet service,Month-to-month,Yes,Mailed check,67.42,3410.88,No
CUST-00630,Female,0,No,No,42,Yes,Yes,DSL,No,No,No,No,No,Yes,Two year,No,Bank transfer (automatic),110.66,4620.32,No
CUST-00631,Male,0,No,No,53,Yes,No,No,No internet service,No internet service,No internet service,No internet service,No internet service,No internet service,Month-to-month,Yes,Electronic check,45.27,2352.35,No
CUST-00632,Female,0,Yes,Yes,57,Yes,Yes,DSL,No,No,No,Yes,No,Yes,Month-to-month,Yes,Electronic check,121.75,6927.7,No
CUST-00633,Female,0,Yes,No,3,Yes,Yes,Fiber optic,Yes,No,No,Yes,No,Yes,Month-to-month,Yes,Mailed check,33.25,59.99,No
CUST-00634,Female,0,Yes,Yes,27,No,No phone service,No,No internet service,No internet service,No internet service,No internet service,No internet service,No internet service,One year,Yes,Mailed check,74.93,1959.03,No
CUST-00635,Female,1,Yes,No,65,Yes,No,DSL,No,Yes,No,No,No,Yes,Month-to-month,No,Credit card (automatic),47.36,3117.2,No
CUST-00636,Male,0,No,No,24,Yes,No,No,No internet service,No internet service,No internet service,No internet service,No internet service,No internet service,Month-to-month,Yes,Mailed check,21.25,432.36,No
CUST-00637,Female,0,Yes,Yes,60,Yes,No,Fiber optic,Yes,Yes,No,No,No,No,One year,Yes,Credit card (automatic),109.89,6701.66,No
CUST-00638,Female,0,No,No,40,Yes,No,Fiber optic,No,No,Yes,No,Yes,No,One year,No,Electronic check,84.25,3320.48,No
CUST-00639,Male,0,Yes,No,20,Yes,No,Fiber optic,Yes,No,Yes,No,Yes,Yes,Two year,No,Mailed check,94.68,1889.69,Yes
CUST-00640,Male,0,Yes,No,26,Yes,No,DSL,No,Yes,No,Yes,Yes,No,Month-to-month,Yes,Mailed check,49.93,1234.46,No
CUST-00641,Male,1,Yes,No,35,Yes,Yes,Fiber optic,No,Yes,No,Yes,No,No,Two year,No,Credit card (automatic),105.38,3644.02,No
CUST-00642,Male,0,No,Yes,9,Yes,No,DSL,No,Yes,Yes,Yes,No,Yes,Month-to-month,No,Mailed check,59.48,571.35,No
CUST-00643,Male,0,No,Yes,23,Yes,No,Fiber optic,No,No,Yes,No,No,No,Month-to-month,Yes,Mailed check,113.63,2579.38,Yes
CUST-00644,Female,0,No,Yes,50,Yes,Yes,Fiber optic,No,No,Yes,No,No,No,One year,Yes,Credit card (automatic),67.11,3325.01,No
CUST-00645,Male,0,Yes,No,66,Yes,No,DSL,Yes,No,No,Yes,No,No,Month-to-month,Yes,Credit card (automatic),101.54,6745.3,No
CUST-00646,Female,0,No,Yes,69,Yes,Yes,DSL,No,Yes,No,No,No,No,Two year,No,Bank transfer (automatic),82.09,5750.32,No
CUST-00647,Female,0,No,No,28,Yes,No,Fiber optic,Yes,No,Yes,No,No,Yes,Month-to-month,Yes,Mailed check,125.0,3481.26,Yes
CUST-00648,Male,0,Yes,No,58,No,No phone service,DSL,Yes,No,No,No,Yes,No,Month-to-month,No,Credit card (automatic),85.25,4857.48,No
CUST-00649,Male,1,Yes,No,29,Yes,No,Fiber optic,No,No,No,No,No,Yes,One year,Yes,Credit card (automatic),115.86,3343.84,No
CUST-00650,Male,0,Yes,No,59,Yes,Yes,No,No internet service,No internet service,No internet service,No internet service,No internet service,No internet service,Month-to-month,Yes,Mailed check,82.98,4883.6,No
CUST-00651,Female,1,Yes,No,66,No,No phone service,DSL,Yes,No,Yes,Yes,No,Yes,One year,No,Mailed check,96.96,6397.46,No
CUST-00652,Male,0,No,No,33,No,No phone service,Fiber optic,Yes,Yes,Yes,Yes,Yes,Yes,Month-to-month,No,Electronic check,87.82,2925.62,No
CUST-00653,Female,0,Yes,No,44,No,No phone service,No,No internet service,No internet service,No internet service,No internet service,No internet service,No internet service,Month-to-month,Yes,Mailed check,75.59,3362.58,No
CUST-00654,Male,0,No,No,63,Yes,No,No,No internet service,No internet service,No internet service,No internet service,No internet service,No internet service,Month-to-month,Yes,Bank transfer (automatic),112.03,7020.74,No
CUST-00655,Male,0,No,No,10,Yes,Yes,DSL,No,No,Yes,No,No,No,Month-to-month,Yes,Mailed check,75.67,761.16,Yes
CUST-00656,Male,1,Yes,No,18,No,No phone service,No,No internet service,No internet service,No internet service,No internet service,No internet service,No internet service,Two year,No,Electronic check,23.23,424.97,No
CUST-00657,Male,0,No,No,46,Yes,No,DSL,No,No,No,Yes,Yes,No,Month-to-month,Yes,Mailed check,84.72,3976.69,Yes
CUST-00658,Male,1,Yes,No,13,Yes,Yes,Fiber optic,Yes,No,No,Yes,No,No,One year,No,Electronic check,122.41,1631.42,Yes
CUST-00659,Female,0,No,No,58,No,No phone service,Fiber optic,No,Yes,No,Yes,Yes,No,Two year,Yes,Bank transfer (automatic),84.1,4848.43,No
CUST-00660,Female,0,Yes,No,20,Yes,No,DSL,No,Yes,No,No,Yes,Yes,Month-to-month,No,Bank transfer (automatic),72.45,1392.95,No
CUST-00661,Female,0,Yes,Yes,25,Yes,No,Fiber optic,No,Yes,No,No,Yes,Yes,Two year,No,Mailed check,66.84,1649.57,Yes
CUST-00662,Male,0,Yes,No,59,Yes,Yes,DSL,No,Yes,Yes,No,Yes,Yes,Month-to-month,Yes,Mailed check,55.59,3282.12,No
CUST-00663,Female,1,No,Yes,38,Yes,No,Fiber optic,Yes,No,Yes,Yes,No,No,Two year,Yes,Bank transfer (automatic),56.51,2135.11,No
CUST-00664,Female,0,No,No,57,Yes,No,Fiber optic,Yes,Yes,No,No,No,Yes,One year,No,Mailed check,75.58,4266.86,No
CUST-00665,Male,0,No,Yes,46,Yes,No,No,No internet service,No internet service,No internet service,No internet service,No internet service,No internet service,Two year,Yes,Credit card (automatic),28.71,1281.21,No
CUST-00666,Male,0,Yes,No,38,Yes,No,Fiber optic,No,Yes,No,Yes,No,No,Month-to-month,Yes,Credit card (automatic),33.25,1304.69,No
CUST-00667,Male,0,No,Yes,37,Yes,Yes,Fiber optic,No,Yes,No,No,No,Yes,Two year,No,Mailed check,79.63,2861.18,No
CUST-00668,Male,0,Yes,Yes,58,Yes,Yes,DSL,Yes,No,No,No,No,Yes,Two year,Yes,Mailed check,93.93,5503.43,No
CUST-00669,Male,0,No,No,72,No,No phone service,No,No internet service,No internet service,No internet service,No internet service,No internet service,No internet service,Month-to-month,No,Mailed check,26.03,1875.52,No
CUST-00670,Female,0,No,No,2,Yes,No,Fiber optic,Yes,Yes,Yes,No,No,No,One year,Yes,Mailed check,125.0,212.54,No
CUST-00671,Male,0,No,Yes,37,Yes,Yes,DSL,Yes,No,No,No,No,Yes,Month-to-month,Yes,Electronic check,99.92,3698.21,Yes
CUST-00672,Male,0,Yes,Yes,57,Yes,No,Fiber optic,No,Yes,No,No,Yes,No,One year,Yes,Mailed check,88.78,5103.4,No
CUST-00673,Male,0,No,Yes,47,Yes,Yes,DSL,No,Yes,No,Yes,Yes,No,Two year,No,Electronic check,117.28,5523.71,No
CUST-00674,Female,0,No,No,35,No,No phone service,DSL,Yes,Yes,Yes,Yes,Yes,Yes,One year,No,Mailed check,57.7,1992.91,No
CUST-00675,Male,0,Yes,No,58,Yes,Yes,DSL,No,Yes,Yes,No,No,No,One year,Yes,Electronic check,71.05,4100.0,No
CUST-00676,Male,1,No,No,34,No,No phone service,Fiber optic,Yes,No,No,Yes,Yes,No,Two year,Yes,Credit card (automatic),34.35,1157.36,No
CUST-00677,Male,0,Yes,No,10,Yes,No,DSL,No,No,Yes,No,Yes,Yes,One year,No,Electronic check,73.38,754.18,No
CUST-00678,Female,0,No,No,20,Yes,No,Fiber optic,Yes,Yes,No,Yes,No,No,Month-to-month,Yes,Credit card (automatic),102.75,1982.6,Yes
CUST-00679,Male,0,No,No,4,Yes,Yes,DSL,Yes,No,Yes,No,No,No,One year,Yes,Mailed check,61.91,223.27,Yes
CUST-00680,Male,0,No,No,51,No,No phone service,DSL,No,No,Yes,Yes,No,No,Two year,Yes,Bank transfer (automatic),63.23,3221.21,No
CUST-00681,Male,0,Yes,Yes,71,Yes,Yes,DSL,Yes,No,No,No,No,No,One year,No,Credit card (automatic),35.07,2488.66,Yes
CUST-00682,Female,0,Yes,No,28,Yes,Yes,Fiber optic,No,Yes,No,Yes,No,No,Month-to-month,No,Electronic check,125.0,3481.97,Yes
CUST-00683,Male,0,No,No,53,Yes,No,DSL,No,Yes,Yes,Yes,No,No,Two year,No,Electronic check,18.25,971.66,No
CUST-00684,Male,0,Yes,No,71,Yes,No,DSL,Yes,No,Yes,Yes,No,Yes,Two year,No,Credit card (automatic),118.75,8340.62,No
CUST-00685,Female,0,No,No,29,Yes,Yes,DSL,No,No,No,No,No,No,Month-to-month,Yes,Electronic check,49.35,1350.42,Yes
CUST-00686,Male,0,Yes,No,64,Yes,Yes,No,No internet service,No internet service,No internet service,No internet service,No internet service,No internet service,Month-to-month,No,Electronic check,22.47,1501.9,No
CUST-00687,Female,0,No,No,2,Yes,No,DSL,Yes,Yes,No,No,Yes,Yes,Month-to-month,No,Mailed check,66.48,130.54,Yes
CUST-00688,Male,0,Yes,No,49,Yes,Yes,DSL,Yes,Yes,No,No,Yes,No,Two year,No,Electronic check,64.27,3141.24,No
CUST-00689,Female,0,Yes,Yes,12,Yes,No,Fiber optic,Yes,No,Yes,Yes,Yes,Yes,One year,Yes,Mailed check,85.19,942.17,Yes
CUST-00690,Male,0,Yes,No,57,Yes,No,Fiber optic,No,No,Yes,Yes,No,No,Month-to-month,No,Mailed check,65.04,3613.42,No
CUST-00691,Male,0,Yes,No,1,Yes,No,DSL,No,No,Yes,No,No,No,Month-to-month,Yes,Credit card (automatic),119.86,136.44,Yes
CUST-00692,Male,0,Yes,Yes,60,No,No phone service,No,No internet service,No internet service,No internet service,No internet service,No internet service,No internet service,One year,Yes,Electronic check,89.63,5435.98,No
CUST-00693,Male,0,Yes,No,29,Yes,No,Fiber optic,No,No,No,No,Yes,Yes,Two year,Yes,Credit card (automatic),84.28,2401.11,Yes
CUST-00694,Male,0,No,Yes,18,Yes,No,Fiber optic,No,Yes,No,No,Yes,No,Month-to-month,Yes,Mailed check,76.03,1380.69,No
CUST-00695,Female,0,Yes,Yes,40,No,No phone service,Fiber optic,No,No,No,No,No,No,Two year,No,Credit card (automatic),125.0,5048.61,No
CUST-00696,Female,0,No,No,72,Yes,Yes,No,No internet service,No internet service,No internet service,No internet service,No internet service,No internet service,One year,Yes,Credit card (automatic),60.98,4375.71,No
CUST-00697,Male,1,No,No,12,Yes,No,DSL,No,No,Yes,No,No,No,One year,Yes,Mailed check,66.9,858.36,Yes
CUST-00698,Male,0,No,No,23,Yes,No,No,No internet service,No internet service,No internet service,No internet service,No internet service,No internet service,Month-to-month,Yes,Credit card (automatic),61.01,1386.31,No
CUST-00699,Female,0,Yes,No,47,Yes,Yes,DSL,No,No,No,No,No,No,Month-to-month,Yes,Electronic check,108.51,5111.23,No
CUST-00700,Female,0,Yes,Yes,7,Yes,Yes,Fiber optic,No,No,Yes,Yes,No,Yes,One year,No,Credit card (automatic),84.49,670.21,Yes
CUST-00701,Male,0,Yes,No,69,Yes,Yes,DSL,No,No,No,Yes,No,No,Month-to-month,Yes,Credit card (automatic),45.96,3203.37,No
CUST-00702,Male,0,No,Yes,38,Yes,Yes,Fiber optic,No,No,No,No,No,Yes,One year,Yes,Mailed check,97.12,3684.0,No
CUST-00703,Female,0,No,Yes,72,Yes,No,No,No internet service,No internet service,No internet service,No internet service,No internet service,No internet service,Month-to-month,Yes,Bank transfer (automatic),92.77,6651.05,No
CUST-00704,Female,1,Yes,No,30,Yes,Yes,Fiber optic,No,Yes,No,Yes,No,Yes,One year,No,Bank transfer (automatic),62.8,1932.66,No
CUST-00705,Female,0,Yes,No,60,Yes,Yes,DSL,No,No,No,No,No,No,One year,Yes,Credit card (automatic),86.85,5237.54,No
CUST-00706,Male,0,Yes,Yes,24,Yes,No,Fiber optic,No,Yes,No,Yes,No,Yes,Month-to-month,Yes,Mailed check,125.0,3029.95,No
CUST-00707,Female,0,Yes,Yes,32,Yes,Yes,No,No internet service,No internet service,No internet service,No internet service,No internet service,No internet service,Two year,Yes,Mailed check,116.81,3744.36,No
CUST-00708,Male,0,No,No,25,Yes,No,DSL,No,Yes,No,No,Yes,No,Two year,Yes,Electronic check,105.46,2674.51,No
CUST-00709,Female,1,Yes,Yes,40,Yes,No,DSL,Yes,Yes,Yes,No,No,Yes,Month-to-month,No,Electronic check,77.77,3069.28,No
CUST-00710,Female,0,Yes,No,17,Yes,Yes,Fiber optic,No,No,No,No,Yes,No,Month-to-month,Yes,Electronic check,88.21,1466.74,No
CUST-00711,Male,0,Yes,No,37,Yes,Yes,Fiber optic,No,No,No,Yes,Yes,No,Month-to-month,Yes,Bank transfer (automatic),119.37,4375.51,Yes
CUST-00712,Male,0,Yes,Yes,61,Yes,Yes,DSL,Yes,No,No,No,No,No,Month-to-month,Yes,Electronic check,21.25,1323.68,No
CUST-00713,Male,0,Yes,No,12,Yes,No,DSL,No,No,No,No,No,No,Month-to-month,No,Bank transfer (automatic),68.19,787.93,Yes
CUST-00714,Male,0,Yes,No,58,Yes,Yes,Fiber optic,No,No,No,No,No,Yes,One year,No,Credit card (automatic),60.11,3450.61,No
CUST-00715,Male,0,Yes,No,62,Yes,No,No,No internet service,No internet service,No internet service,No internet service,No internet service,No internet service,One year,Yes,Electronic check,51.04,3170.53,No
CUST-00716,Male,1,Yes,No,3,Yes,No,DSL,No,Yes,No,No,Yes,Yes,Month-to-month,Yes,Electronic check,84.13,206.7,Yes
CUST-00717,Male,0,No,No,49,Yes,No,Fiber optic,No,No,No,No,No,No,Month-to-month,No,Credit card (automatic),101.68,5004.25,No
CUST-00718,Female,0,No,No,35,Yes,No,No,No internet service,No internet service,No internet service,No internet service,No internet service,No internet service,Month-to-month,Yes,Credit card (automatic),48.64,1676.83,No
CUST-00719,Female,0,Yes,No,46,Yes,Yes,DSL,Yes,No,Yes,No,No,No,Month-to-month,Yes,Bank transfer (automatic),22.81,1112.04,No
CUST-00720,Male,0,No,No,22,Yes,No,DSL,Yes,No,Yes,Yes,No,No,Month-to-month,Yes,Electronic check,105.64,2385.0,No
CUST-00721,Female,0,Yes,Yes,16,Yes,No,DSL,No,No,Yes,Yes,No,No,Two year,Yes,Mailed check,78.54,1331.59,No
CUST-00722,Male,0,No,No,21,Yes,No,Fiber optic,No,No,No,No,No,No,Month-to-month,Yes,Credit card (automatic),78.87,1606.25,No
CUST-00723,Male,0,No,Yes,12,Yes,No,Fiber optic,Yes,No,Yes,No,No,No,Month-to-month,Yes,Bank transfer (automatic),55.91,658.68,No
CUST-00724,Female,0,Yes,No,30,Yes,Yes,No,No internet service,No internet service,No internet service,No internet service,No internet service,No internet service,Month-to-month,No,Electronic check,82.97,2536.57,No
CUST-00725,Male,1,Yes,No,63,Yes,No,Fiber optic,Yes,Yes,Yes,No,No,Yes,Two year,No,Electronic check,57.19,3679.27,No
CUST-00726,Female,0,No,No,57,Yes,No,DSL,Yes,No,No,No,No,Yes,Month-to-month,Yes,Mailed check,57.34,3199.05,No
CUST-00727,Male,0,Yes,Yes,13,Yes,No,Fiber optic,No,No,Yes,Yes,Yes,No,Month-to-month,No,Credit card (automatic),111.44,1478.56,Yes
CUST-00728,Female,0,Yes,No,41,Yes,No,Fiber optic,No,No,No,No,No,No,Month-to-month,No,Electronic check,102.12,4195.67,Yes
CUST-00729,Female,0,No,No,6,Yes,No,Fiber optic,No,Yes,No,Yes,Yes,Yes,Month-to-month,Yes,Mailed check,98.62,605.66,Yes
CUST-00730,Male,0,No,No,5,Yes,No,No,No internet service,No internet service,No internet service,No internet service,No internet service,No internet service,Month-to-month,No,Credit card (automatic),103.67,471.28,Yes
CUST-00731,Male,0,No,No,46,Yes,Yes,Fiber optic,No,Yes,Yes,No,No,No,Two year,No,Bank transfer (automatic),48.72,2222.96,No
CUST-00732,Female,0,No,No,22,Yes,Yes,Fiber optic,Yes,No,No,No,Yes,Yes,One year,Yes,Electronic check,109.29,2449.04,No
CUST-00733,Male,1,No,No,51,Yes,Yes,DSL,No,No,No,No,No,No,Month-to-month,No,Bank transfer (automatic),100.12,5149.53,No
CUST-00734,Male,0,No,No,12,Yes,Yes,Fiber optic,No,Yes,No,Yes,No,Yes,Month-to-month,Yes,Electronic check,120.65,1458.87,Yes
CUST-00735,Female,0,No,Yes,9,Yes,No,Fiber optic,Yes,No,Yes,No,No,No,Two year,Yes,Credit card (automatic),93.38,896.98,No
CUST-00736,Male,0,No,No,52,Yes,Yes,Fiber optic,Yes,No,No,Yes,No,Yes,Month-to-month,Yes,Electronic check,87.44,4588.3,No
CUST-00737,Male,1,No,No,15,Yes,No,No,No internet service,No internet service,No internet service,No internet service,No internet service,No internet service,Two year,Yes,Electronic check,87.93,1392.58,No
CUST-00738,Female,0,No,Yes,5,Yes,No,No,No internet service,No internet service,No internet service,No internet service,No internet service,No internet service,Month-to-month,No,Mailed check,106.85,561.67,No
CUST-00739,Male,1,No,No,57,Yes,No,Fiber optic,Yes,Yes,Yes,No,No,No,Month-to-month,No,Electronic check,86.29,5047.74,No
CUST-00740,Male,1,No,No,51,Yes,No,No,No internet service,No internet service,No internet service,No internet service,No internet service,No internet service,Month-to-month,No,Bank transfer (automatic),100.36,5105.05,No
CUST-00741,Male,0,No,Yes,67,Yes,No,Fiber optic,No,Yes,No,No,No,Yes,Month-to-month,Yes,Bank transfer (automatic),33.25,2319.88,No
CUST-00742,Male,0,Yes,No,44,Yes,No,Fiber optic,Yes,No,No,Yes,Yes,No,Month-to-month,Yes,Electronic check,33.35,1423.07,No
CUST-00743,Male,0,No,No,35,Yes,No,DSL,Yes,No,No,No,No,Yes,One year,Yes,Mailed check,100.44,3511.08,No
CUST-00744,Female,0,Yes,No,49,Yes,Yes,No,No internet service,No internet service,No internet service,No internet service,No internet service,No internet service,Month-to-month,No,Electronic check,83.44,4121.09,No
CUST-00745,Male,0,Yes,No,58,Yes,No,No,No internet service,No internet service,No internet service,No internet service,No internet service,No internet service,Two year,Yes,Bank transfer (automatic),83.11,4701.11,No
CUST-00746,Female,0,Yes,No,46,Yes,Yes,Fiber optic,Yes,Yes,Yes,No,No,No,Month-to-month,Yes,Electronic check,71.64,3270.94,No
CUST-00747,Male,0,No,No,23,Yes,Yes,Fiber optic,No,No,No,Yes,No,No,Month-to-month,No,Credit card (automatic),33.55,872.41,Yes
CUST-00748,Female,0,No,Yes,65,Yes,Yes,DSL,No,No,No,No,No,No,One year,Yes,Bank transfer (automatic),106.13,6965.81,No
CUST-00749,Female,1,Yes,Yes,51,Yes,No,DSL,No,No,No,Yes,Yes,No,One year,No,Credit card (automatic),91.68,4608.87,No
CUST-00750,Female,0,Yes,Yes,64,Yes,Yes,No,No internet service,No internet service,No internet service,No internet service,No internet service,No internet service,Month-to-month,No,Electronic check,110.75,7016.17,No
CUST-00751,Male,0,Yes,Yes,41,Yes,No,Fiber optic,Yes,No,No,No,No,No,Two year,Yes,Electronic check,30.25,1172.43,No
CUST-00752,Female,1,Yes,Yes,33,Yes,No,Fiber optic,Yes,No,No,No,No,No,Two year,No,Electronic check,113.28,3700.17,No
CUST-00753,Female,0,Yes,No,61,Yes,Yes,DSL,No,No,No,Yes,No,Yes,Month-to-month,No,Credit card (automatic),101.75,6206.08,No
CUST-00754,Male,0,No,No,45,Yes,Yes,Fiber optic,No,No,Yes,Yes,Yes,No,Month-to-month,Yes,Bank transfer (automatic),102.18,4637.23,No
CUST-00755,Male,0,Yes,Yes,56,Yes,No,Fiber optic,No,No,Yes,Yes,Yes,Yes,Month-to-month,Yes,Electronic check,87.63,4955.9,No
CUST-00756,Female,1,Yes,No,65,Yes,No,No,No internet service,No internet service,No internet service,No internet service,No internet service,No internet service,Month-to-month,Yes,Credit card (automatic),53.79,3579.76,No
CUST-00757,Male,0,Yes,Yes,21,Yes,No,Fiber optic,Yes,No,No,No,Yes,No,Two year,No,Bank transfer (automatic),99.01,2141.64,No
CUST-00758,Female,0,No,No,14,Yes,No,DSL,No,No,No,No,No,No,Month-to-month,No,Electronic check,60.04,735.63,Yes
CUST-00759,Female,0,No,No,11,Yes,Yes,DSL,No,Yes,No,No,Yes,No,Two year,Yes,Mailed check,91.47,985.0,Yes
CUST-00760,Male,0,Yes,No,44,Yes,Yes,No,No internet service,No internet service,No internet service,No internet service,No internet service,No internet service,Month-to-month,Yes,Bank transfer (automatic),59.39,2551.2,No
CUST-00761,Female,0,Yes,Yes,59,Yes,No,No,No internet service,No internet service,No internet service,No internet service,No internet service,No internet service,One year,Yes,Bank transfer (automatic),62.46,3792.45,No
CUST-00762,Male,0,No,No,71,Yes,No,Fiber optic,Yes,Yes,No,No,No,No,One year,Yes,Electronic check,56.53,3997.19,No
CUST-00763,Male,1,Yes,No,3,No,No phone service,DSL,Yes,No,No,Yes,No,No,Month-to-month,No,Electronic check,72.31,184.38,Yes
CUST-00764,Male,0,No,Yes,1,Yes,Yes,Fiber optic,No,Yes,Yes,No,No,Yes,Two year,No,Electronic check,83.14,118.65,Yes
CUST-00765,Female,1,No,No,49,Yes,No,Fiber optic,Yes,No,No,No,No,No,Month-to-month,No,Bank transfer (automatic),122.75,6004.17,No
CUST-00766,Male,0,No,No,20,Yes,No,Fiber optic,No,No,Yes,No,No,Yes,Month-to-month,Yes,Electronic check,88.87,1828.34,Yes
CUST-00767,Male,1,No,Yes,35,Yes,Yes,DSL,No,No,No,Yes,No,No,Month-to-month,No,Electronic check,21.25,717.25,No
CUST-00768,Female,0,Yes,No,6,Yes,No,No,No internet service,No internet service,No internet service,No internet service,No internet service,No internet service,Two year,Yes,Credit card (automatic),118.75,756.72,No
CUST-00769,Female,0,Yes,No,6,Yes,No,Fiber optic,Yes,No,No,No,No,Yes,One year,Yes,Credit card (automatic),64.51,274.13,No
CUST-00770,Female,0,Yes,No,39,Yes,No,Fiber optic,Yes,Yes,No,No,No,Yes,Month-to-month,Yes,Electronic check,35.32,1493.08,No
CUST-00771,Male,0,Yes,No,50,Yes,Yes,DSL,No,Yes,Yes,Yes,Yes,No,Month-to-month,No,Credit card (automatic),105.6,5314.4,No
CUST-00772,Male,0,Yes,No,64,Yes,No,DSL,No,No,No,No,No,Yes,Month-to-month,Yes,Mailed check,98.95,6349.33,No
CUST-00773,Female,0,Yes,Yes,35,Yes,Yes,DSL,No,No,No,No,Yes,No,Two year,Yes,Mailed check,60.27,2088.02,No
CUST-00774,Male,0,No,Yes,47,Yes,Yes,Fiber optic,Yes,No,No,No,Yes,No,Two year,Yes,Electronic check,45.51,2138.25,No
CUST-00775,Male,0,Yes,No,62,Yes,Yes,No,No internet service,No internet service,No internet service,No internet service,No internet service,No internet service,Month-to-month,Yes,Credit card (automatic),80.87,5012.32,Yes
CUST-00776,Male,0,No,No,32,Yes,Yes,Fiber optic,No,Yes,No,Yes,No,Yes,Two year,Yes,Electronic check,70.07,2234.18,No
CUST-00777,Female,0,Yes,No,16,Yes,Yes,No,No internet service,No internet service,No internet service,No internet service,No internet service,No internet service,One year,Yes,Credit card (automatic),71.38,1155.9,No
CUST-00778,Female,0,Yes,Yes,60,Yes,No,Fiber optic,No,No,No,Yes,No,No,Month-to-month,Yes,Bank transfer (automatic),87.13,5222.8,No
CUST-00779,Female,0,Yes,No,1,Yes,Yes,DSL,Yes,No,Yes,No,Yes,No,Month-to-month,Yes,Credit card (automatic),21.25,19.21,No
CUST-00780,Male,0,No,No,20,Yes,Yes,Fiber optic,No,Yes,Yes,No,No,No,Month-to-month,Yes,Mailed check,68.02,1342.8,Yes
CUST-00781,Male,1,No,No,10,Yes,No,Fiber optic,No,No,No,Yes,No,Yes,Month-to-month,Yes,Mailed check,71.2,706.42,Yes
CUST-00782,Male,0,No,No,47,Yes,Yes,No,No internet service,No internet service,No internet service,No internet service,No internet service,No internet service,Two year,No,Credit card (automatic),67.39,3178.91,No
CUST-00783,Female,0,Yes,Yes,20,Yes,Yes,Fiber optic,Yes,No,No,No,No,No,Month-to-month,Yes,Credit card (automatic),85.73,1721.89,Yes
CUST-00784,Female,0,Yes,Yes,25,Yes,No,DSL,No,Yes,No,No,No,No,Month-to-month,Yes,Electronic check,23.76,591.13,No
CUST-00785,Female,0,No,Yes,47,Yes,No,Fiber optic,No,Yes,Yes,No,Yes,No,Two year,No,Mailed check,63.41,2968.92,No
CUST-00786,Male,0,Yes,No,22,Yes,No,Fiber optic,No,No,Yes,Yes,No,No,Month-to-month,Yes,Electronic check,76.97,1719.71,Yes
CUST-00787,Female,1,Yes,No,27,Yes,Yes,Fiber optic,No,Yes,No,No,No,No,Month-to-month,Yes,Bank transfer (automatic),77.66,2068.62,Yes
CUST-00788,Male,0,Yes,No,36,Yes,No,DSL,No,No,No,Yes,Yes,No,One year,Yes,Bank transfer (automatic),101.32,3570.06,No
CUST-00789,Male,0,Yes,No,9,Yes,Yes,Fiber optic,Yes,No,No,Yes,No,Yes,Month-to-month,No,Bank transfer (automatic),106.22,952.5,Yes
CUST-00790,Female,0,Yes,No,68,Yes,Yes,No,No internet service,No internet service,No internet service,No internet service,No internet service,No internet service,Month-to-month,No,Electronic check,121.75,8320.19,No
CUST-00791,Female,0,Yes,No,71,Yes,No,DSL,Yes,Yes,No,No,No,No,Month-to-month,Yes,Electronic check,40.88,2925.83,No
CUST-00792,Female,0,No,No,52,Yes,No,Fiber optic,No,Yes,No,No,No,No,Two year,Yes,Bank transfer (automatic),109.56,5734.23,No
CUST-00793,Male,0,No,No,8,Yes,No,DSL,No,Yes,No,Yes,Yes,No,Month-to-month,Yes,Electronic check,83.19,647.95,Yes
CUST-00794,Male,0,Yes,No,35,Yes,Yes,DSL,No,No,No,Yes,No,Yes,Month-to-month,Yes,Mailed check,63.46,2241.55,No
CUST-00795,Female,1,Yes,Yes,26,Yes,No,DSL,Yes,No,Yes,Yes,Yes,No,Two year,Yes,Mailed check,80.55,2188.36,No
CUST-00796,Female,0,No,Yes,12,Yes,No,DSL,No,Yes,Yes,No,No,Yes,Month-to-month,Yes,Mailed check,108.42,1248.44,No
CUST-00797,Male,1,Yes,Yes,64,Yes,No,Fiber optic,No,No,Yes,Yes,Yes,No,One year,No,Bank transfer (automatic),73.34,4716.48,No
CUST-00798,Female,0,No,No,30,Yes,No,Fiber optic,Yes,Yes,Yes,No,Yes,No,Month-to-month,Yes,Credit card (automatic),115.91,3461.51,No
CUST-00799,Female,0,Yes,No,47,Yes,No,Fiber optic,No,No,Yes,No,No,Yes,Two year,No,Bank transfer (automatic),91.02,4337.04,No
CUST-00800,Female,0,No,No,50,No,No phone service,DSL,No,Yes,Yes,No,No,Yes,One year,Yes,Bank transfer (automatic),72.39,3619.76,No
CUST-00801,Female,0,No,Yes,24,Yes,No,Fiber optic,No,Yes,No,Yes,Yes,Yes,One year,No,Credit card (automatic),125.0,2987.94,Yes
CUST-00802,Female,0,Yes,No,26,Yes,Yes,Fiber optic,No,No,No,No,No,No,One year,No,Mailed check,55.06,1369.1,No
CUST-00803,Male,0,No,No,70,Yes,No,Fiber optic,No,No,No,Yes,No,No,Month-to-month,No,Bank transfer (automatic),106.04,7381.07,No
CUST-00804,Male,0,No,No,60,Yes,No,No,No internet service,No internet service,No internet service,No internet service,No internet service,No internet service,Month-to-month,No,Bank transfer (automatic),106.42,6369.08,No
CUST-00805,Male,0,No,No,37,Yes,No,Fiber optic,No,Yes,No,Yes,No,No,Month-to-month,No,Electronic check,98.81,3698.32,No
CUST-00806,Male,0,Yes,Yes,39,Yes,Yes,Fiber optic,No,No,No,Yes,No,No,Two year,No,Electronic check,73.75,2946.08,No
CUST-00807,Male,1,Yes,Yes,1,Yes,No,DSL,Yes,No,No,Yes,No,No,Month-to-month,No,Mailed check,80.49,74.94,No
CUST-00808,Female,1,Yes,No,15,Yes,No,DSL,No,No,Yes,No,No,No,Month-to-month,Yes,Mailed check,32.2,468.2,Yes
CUST-00809,Female,0,No,Yes,1,Yes,Yes,DSL,No,No,No,No,No,No,Two year,Yes,Electronic check,43.98,60.54,No
CUST-00810,Male,1,Yes,No,59,Yes,Yes,No,No internet service,No internet service,No internet service,No internet service,No internet service,No internet service,Month-to-month,Yes,Credit card (automatic),98.81,5839.77,No
CUST-00811,Female,0,Yes,No,68,Yes,Yes,DSL,Yes,No,No,No,No,Yes,Two year,No,Electronic check,53.28,3615.74,No
CUST-00812,Male,0,No,Yes,12,Yes,Yes,Fiber optic,No,No,Yes,No,No,No,One year,Yes,Electronic check,49.5,592.96,No
CUST-00813,Male,1,Yes,No,21,Yes,No,Fiber optic,No,No,No,Yes,Yes,No,Month-to-month,No,Mailed check,96.48,2039.57,No
CUST-00814,Female,0,No,Yes,26,Yes,Yes,DSL,Yes,Yes,No,No,No,No,Month-to-month,Yes,Electronic check,58.48,1574.02,Yes
CUST-00815,Male,0,Yes,No,59,Yes,Yes,DSL,No,Yes,No,Yes,Yes,Yes,Month-to-month,Yes,Electronic check,88.11,5167.31,Yes
CUST-00816,Male,0,No,No,30,Yes,Yes,DSL,Yes,No,Yes,No,Yes,No,Month-to-month,Yes,Bank transfer (automatic),121.75,3594.66,No
CUST-00817,Female,0,Yes,No,4,Yes,Yes,DSL,No,No,No,No,No,No,Month-to-month,Yes,Mailed check,69.59,287.05,Yes
CUST-00818,Female,0,Yes,Yes,43,Yes,Yes,No,No internet service,No internet service,No internet service,No internet service,No internet service,No internet service,Two year,Yes,Bank transfer (automatic),57.22,2419.8,No
CUST-00819,Male,0,No,No,11,Yes,No,DSL,Yes,Yes,Yes,No,No,No,Month-to-month,Yes,Mailed check,41.89,525.13,No
CUST-00820,Male,0,Yes,No,47,Yes,No,Fiber optic,No,Yes,Yes,No,Yes,No,Month-to-month,Yes,Bank transfer (automatic),61.32,2898.75,No
CUST-00821,Female,0,Yes,No,62,Yes,No,DSL,Yes,Yes,No,Yes,Yes,No,Month-to-month,No,Bank transfer (automatic),60.75,3760.99,No
CUST-00822,Male,0,Yes,No,5,Yes,Yes,Fiber optic,No,No,No,No,Yes,No,Month-to-month,Yes,Electronic check,40.45,200.77,No
CUST-00823,Female,0,No,No,72,Yes,No,DSL,No,No,Yes,Yes,No,No,Month-to-month,Yes,Bank transfer (automatic),102.13,7372.01,No
CUST-00824,Male,1,Yes,No,48,Yes,No,Fiber optic,Yes,Yes,No,Yes,Yes,No,Month-to-month,Yes,Credit card (automatic),75.86,3669.51,No
CUST-00825,Male,0,Yes,No,4,Yes,Yes,DSL,No,Yes,No,No,No,No,One year,No,Bank transfer (automatic),86.59,458.71,No
CUST-00826,Female,1,Yes,No,16,Yes,No,No,No internet service,No internet service,No internet service,No internet service,No internet service,No internet service,Month-to-month,Yes,Mailed check,85.57,1321.9,No
CUST-00827,Male,0,Yes,No,13,Yes,Yes,Fiber optic,No,No,Yes,No,No,No,Month-to-month,No,Electronic check,99.72,1340.58,Yes
CUST-00828,Male,0,No,No,64,Yes,No,DSL,No,No,No,Yes,No,Yes,Month-to-month,No,Credit card (automatic),66.12,4333.47,No
CUST-00829,Male,0,Yes,Yes,53,Yes,Yes,Fiber optic,No,No,No,No,No,No,Two year,Yes,Mailed check,108.29,5757.15,No
CUST-00830,Female,0,No,No,27,Yes,No,No,No internet service,No internet service,No internet service,No internet service,No internet service,No internet service,One year,No,Bank transfer (automatic),99.32,2685.42,No
CUST-00831,Female,0,No,Yes,39,Yes,No,Fiber optic,No,Yes,Yes,No,No,Yes,Month-to-month,Yes,Credit card (automatic),92.38,3587.05,No
CUST-00832,Female,0,No,Yes,26,Yes,No,No,No internet service,No internet service,No internet service,No internet service,No internet service,No internet service,Month-to-month,Yes,Electronic check,37.03,959.77,Yes
CUST-00833,Female,1,No,No,30,Yes,No,DSL,No,No,Yes,No,No,No,Month-to-month,Yes,Electronic check,110.99,3328.69,Yes
CUST-00834,Female,0,Yes,Yes,46,Yes,Yes,No,No internet service,No internet service,No internet service,No internet service,No internet service,No internet service,One year,No,Electronic check,53.28,2504.58,No
CUST-00835,Male,1,No,Yes,15,Yes,No,No,No internet service,No internet service,No internet service,No internet service,No internet service,No internet service,Two year,Yes,Credit card (automatic),99.94,1556.74,No
CUST-00836,Male,0,No,No,55,No,No phone service,Fiber optic,No,No,No,No,No,No,Month-to-month,No,Bank transfer (automatic),98.77,5410.09,No
CUST-00837,Male,0,No,No,69,Yes,Yes,Fiber optic,No,No,No,No,Yes,Yes,Two year,Yes,Credit card (automatic),55.15,3864.58,No
CUST-00838,Female,0,Yes,Yes,71,Yes,No,DSL,No,No,Yes,No,No,Yes,Two year,Yes,Bank transfer (automatic),81.14,5770.06,No
CUST-00839,Female,0,Yes,No,13,Yes,No,DSL,No,No,No,No,No,No,One year,No,Bank transfer (automatic),55.46,732.45,No
CUST-00840,Male,0,No,Yes,30,Yes,No,Fiber optic,Yes,Yes,Yes,No,No,No,Month-to-month,Yes,Bank transfer (automatic),69.28,2121.6,No
CUST-00841,Female,0,Yes,No,20,Yes,Yes,No,No internet service,No internet service,No internet service,No internet service,No internet service,No internet service,Two year,No,Electronic check,111.22,2215.83,No
CUST-00842,Male,1,No,No,46,Yes,Yes,DSL,No,No,Yes,No,No,Yes,One year,No,Electronic check,33.33,1540.27,No
CUST-00843,Male,0,Yes,Yes,24,Yes,Yes,Fiber optic,No,No,No,No,Yes,No,Month-to-month,Yes,Electronic check,88.29,2135.64,No
CUST-00844,Female,0,No,No,29,Yes,No,DSL,No,Yes,No,No,No,Yes,One year,Yes,Electronic check,99.34,2948.05,No
CUST-00845,Female,0,Yes,No,10,Yes,Yes,DSL,No,No,No,No,No,Yes,Two year,Yes,Electronic check,72.77,643.95,No
CUST-00846,Female,0,Yes,No,41,No,No phone service,Fiber optic,No,No,Yes,No,Yes,Yes,Month-to-month,Yes,Credit card (automatic),59.54,2450.5,No
CUST-00847,Female,0,Yes,No,39,Yes,No,No,No internet service,No internet service,No internet service,No internet service,No internet service,No internet service,Two year,No,Mailed check,87.4,3364.95,No
CUST-00848,Female,0,No,No,40,Yes,No,DSL,Yes,No,No,No,Yes,No,Two year,No,Electronic check,55.05,2258.73,No
CUST-00849,Male,0,No,No,25,Yes,No,DSL,No,Yes,No,No,No,No,Month-to-month,Yes,Credit card (automatic),62.92,1522.66,Yes
CUST-00850,Male,0,No,No,55,Yes,Yes,DSL,Yes,No,No,No,No,No,Month-to-month,Yes,Mailed check,21.25,1220.04,No
CUST-00851,Male,0,No,No,44,Yes,No,Fiber optic,No,No,No,No,No,Yes,Two year,Yes,Credit card (automatic),111.83,4897.03,No
CUST-00852,Male,0,No,No,13,Yes,No,Fiber optic,No,No,No,No,Yes,Yes,Two year,No,Electronic check,101.35,1409.44,Yes
CUST-00853,Male,0,No,Yes,27,Yes,Yes,DSL,No,No,No,Yes,Yes,No,One year,No,Electronic check,90.22,2393.62,Yes
CUST-00854,Female,0,No,No,48,Yes,No,DSL,No,No,No,No,No,No,One year,No,Credit card (automatic),42.41,2044.91,Yes
CUST-00855,Female,0,No,No,9,Yes,Yes,DSL,No,No,No,Yes,Yes,Yes,Two year,Yes,Electronic check,36.67,352.31,No
CUST-00856,Male,0,No,No,26,Yes,Yes,DSL,Yes,Yes,No,No,No,Yes,Month-to-month,Yes,Mailed check,87.7,2273.05,No
CUST-00857,Female,1,Yes,No,63,Yes,No,No,No internet service,No internet service,No internet service,No internet service,No internet service,No internet service,Month-to-month,Yes,Mailed check,78.71,4898.75,Yes
CUST-00858,Female,0,No,No,32,Yes,No,Fiber optic,Yes,No,No,No,No,No,Two year,No,Credit card (automatic),125.0,4017.1,No
CUST-00859,Male,0,Yes,Yes,37,Yes,No,DSL,Yes,No,No,No,No,Yes,Month-to-month,No,Electronic check,92.04,3326.37,No
CUST-00860,Male,0,Yes,Yes,50,Yes,Yes,Fiber optic,Yes,No,No,Yes,No,No,Month-to-month,Yes,Mailed check,58.42,2935.91,Yes
CUST-00861,Male,0,No,No,24,Yes,No,DSL,No,No,Yes,No,Yes,Yes,Two year,Yes,Mailed check,41.14,996.01,No
CUST-00862,Male,0,No,No,60,Yes,No,DSL,No,No,No,No,No,No,Month-to-month,No,Credit card (automatic),81.56,4869.69,No
CUST-00863,Female,1,Yes,No,2,Yes,No,Fiber optic,No,No,No,Yes,No,Yes,Month-to-month,No,Electronic check,105.49,99.82,Yes
CUST-00864,Male,1,Yes,No,35,Yes,Yes,Fiber optic,No,No,No,No,No,No,Month-to-month,Yes,Electronic check,118.88,4064.85,Yes
CUST-00865,Male,0,No,No,44,Yes,No,DSL,Yes,No,No,Yes,No,No,Month-to-month,No,Bank transfer (automatic),84.56,3680.06,No
CUST-00866,Male,0,Yes,No,18,Yes,No,DSL,Yes,No,No,No,No,No,One year,Yes,Electronic check,51.27,911.8,No
CUST-00867,Male,0,Yes,No,57,Yes,Yes,DSL,Yes,No,Yes,No,No,Yes,Two year,Yes,Mailed check,57.08,3274.45,No
CUST-00868,Male,0,No,Yes,6,Yes,No,Fiber optic,No,No,No,No,No,Yes,Month-to-month,Yes,Credit card (automatic),48.59,298.17,Yes
CUST-00869,Female,0,No,No,47,No,No phone service,Fiber optic,Yes,No,Yes,No,No,No,Two year,No,Mailed check,118.42,5504.74,No
CUST-00870,Female,0,No,No,46,Yes,No,Fiber optic,No,No,Yes,No,No,Yes,Month-to-month,No,Bank transfer (automatic),86.7,4055.53,No
CUST-00871,Female,0,No,No,57,Yes,Yes,DSL,No,No,No,No,No,No,Two year,No,Electronic check,18.25,1093.18,No
CUST-00872,Female,0,Yes,Yes,15,Yes,Yes,Fiber optic,No,Yes,No,Yes,No,Yes,Two year,Yes,Bank transfer (automatic),99.55,1487.13,Yes
CUST-00873,Female,0,Yes,No,12,Yes,No,No,No internet service,No internet service,No internet service,No internet service,No internet service,No internet service,Month-to-month,Yes,Bank transfer (automatic),71.85,902.72,No
CUST-00874,Female,0,No,No,42,No,No phone service,DSL,Yes,No,Yes,Yes,No,No,Month-to-month,No,Bank transfer (automatic),57.21,2364.75,No
CUST-00875,Male,0,No,No,70,Yes,Yes,Fiber optic,No,Yes,Yes,No,Yes,No,Month-to-month,No,Bank transfer (automatic),92.69,6474.28,No
CUST-00876,Male,0,Yes,No,57,Yes,Yes,Fiber optic,Yes,No,Yes,No,No,Yes,Two year,Yes,Mailed check,89.31,4999.44,No
CUST-00877,Male,0,Yes,No,16,Yes,Yes,Fiber optic,No,No,Yes,Yes,No,No,Month-to-month,Yes,Electronic check,105.92,1661.31,Yes
CUST-00878,Male,0,Yes,No,30,Yes,No,No,No internet service,No internet service,No internet service,No internet service,No internet service,No internet service,Month-to-month,Yes,Mailed check,85.43,2547.06,No
CUST-00879,Male,0,Yes,No,20,Yes,No,No,No internet service,No internet service,No internet service,No internet service,No internet service,No internet service,Month-to-month,Yes,Electronic check,82.67,1688.2,No
CUST-00880,Male,0,Yes,Yes,57,Yes,Yes,Fiber optic,Yes,No,No,No,No,No,Month-to-month,No,Credit card (automatic),73.21,4210.35,No
CUST-00881,Female,0,Yes,No,37,Yes,Yes,Fiber optic,Yes,No,Yes,No,No,No,One year,Yes,Credit card (automatic),110.6,4039.82,No
CUST-00882,Male,0,No,Yes,32,No,No phone service,Fiber optic,Yes,No,No,No,No,Yes,Month-to-month,Yes,Electronic check,33.25,1022.65,Yes
CUST-00883,Female,0,Yes,Yes,1,Yes,No,Fiber optic,Yes,No,No,No,No,No,Two year,Yes,Mailed check,90.2,73.83,Yes
CUST-00884,Female,0,No,No,46,Yes,No,No,No internet service,No internet service,No internet service,No internet service,No internet service,No internet service,Month-to-month,No,Electronic check,38.97,1852.37,No
CUST-00885,Male,1,No,Yes,32,Yes,No,Fiber optic,Yes,Yes,Yes,No,No,No,Two year,No,Mailed check,74.78,2435.19,No
CUST-00886,Male,0,No,No,3,Yes,No,DSL,Yes,No,Yes,Yes,Yes,No,One year,No,Electronic check,86.93,275.42,No
CUST-00887,Female,1,No,No,15,Yes,Yes,DSL,No,Yes,No,No,No,Yes,Two year,Yes,Mailed check,59.32,909.3,Yes
CUST-00888,Female,0,Yes,No,53,Yes,Yes,No,No internet service,No internet service,No internet service,No internet service,No internet service,No internet service,Two year,No,Credit card (automatic),63.37,3363.69,No
CUST-00889,Female,0,Yes,Yes,54,Yes,No,DSL,No,No,No,No,No,No,One year,Yes,Bank transfer (automatic),94.67,5130.08,No
CUST-00890,Female,0,No,No,36,Yes,Yes,Fiber optic,No,Yes,No,No,Yes,Yes,Month-to-month,Yes,Credit card (automatic),46.9,1649.84,Yes
CUST-00891,Female,0,Yes,No,55,Yes,No,Fiber optic,No,No,Yes,No,No,Yes,Month-to-month,Yes,Mailed check,107.55,5888.75,No
CUST-00892,Male,0,Yes,No,54,Yes,Yes,No,No internet service,No internet service,No internet service,No internet service,No internet service,No internet service,Two year,Yes,Bank transfer (automatic),63.86,3410.03,No
CUST-00893,Male,0,Yes,No,45,Yes,No,No,No internet service,No internet service,No internet service,No internet service,No internet service,No internet service,Month-to-month,No,Electronic check,113.8,5173.43,No
CUST-00894,Male,0,No,No,16,Yes,No,DSL,Yes,Yes,No,No,Yes,No,Month-to-month,No,Mailed check,48.97,860.97,No
CUST-00895,Male,0,Yes,No,31,Yes,No,Fiber optic,Yes,Yes,No,No,No,No,Two year,Yes,Bank transfer (automatic),98.24,3045.01,No
CUST-00896,Male,0,No,Yes,59,Yes,Yes,No,No internet service,No internet service,No internet service,No internet service,No internet service,No internet service,Two year,No,Mailed check,83.42,4993.63,No
CUST-00897,Male,0,Yes,No,23,No,No phone service,DSL,Yes,No,No,No,No,No,Two year,No,Mailed check,18.25,453.08,No
CUST-00898,Female,0,No,No,48,Yes,No,Fiber optic,No,No,No,No,No,No,One year,Yes,Credit card (automatic),91.03,4364.89,Yes
CUST-00899,Female,0,Yes,No,60,No,No phone service,Fiber optic,No,No,Yes,Yes,No,No,Two year,Yes,Mailed check,100.95,5968.7,No
CUST-00900,Male,0,No,No,39,Yes,No,Fiber optic,No,No,No,No,No,Yes,Month-to-month,No,Credit card (automatic),69.52,2813.19,No
CUST-00901,Female,0,No,No,37,Yes,No,Fiber optic,No,Yes,No,No,No,No,One year,Yes,Electronic check,122.04,4558.89,No
CUST-00902,Female,0,Yes,No,14,Yes,No,DSL,Yes,No,No,No,No,Yes,Two year,Yes,Credit card (automatic),31.99,444.63,No
CUST-00903,Female,0,Yes,No,36,Yes,Yes,Fiber optic,Yes,Yes,No,No,No,Yes,Two year,No,Electronic check,46.35,1671.9,No
CUST-00904,Male,0,No,No,4,Yes,Yes,DSL,No,Yes,No,Yes,No,No,Two year,No,Bank transfer (automatic),51.76,273.7,Yes
CUST-00905,Female,0,No,No,9,Yes,No,Fiber optic,No,No,No,No,No,No,One year,No,Bank transfer (automatic),56.87,497.38,Yes
CUST-00906,Male,0,Yes,Yes,40,Yes,No,Fiber optic,No,No,Yes,No,No,No,Month-to-month,No,Credit card (automatic),94.64,3721.41,No
CUST-00907,Female,0,Yes,No,16,Yes,No,DSL,No,No,No,No,Yes,No,Month-to-month,No,Electronic check,95.33,1588.66,No
CUST-00908,Female,0,Yes,No,26,Yes,No,Fiber optic,Yes,Yes,Yes,No,Yes,Yes,Month-to-month,No,Electronic check,48.41,1232.59,No
CUST-00909,Female,0,Yes,No,26,Yes,Yes,DSL,No,Yes,No,No,No,No,Month-to-month,No,Credit card (automatic),57.12,1465.06,No
CUST-00910,Female,1,Yes,No,35,Yes,No,DSL,Yes,No,No,Yes,Yes,Yes,Month-to-month,Yes,Mailed check,62.78,2120.84,No
CUST-00911,Male,0,Yes,No,51,Yes,Yes,Fiber optic,No,No,Yes,Yes,No,Yes,One year,Yes,Bank transfer (automatic),94.54,4886.24,No
CUST-00912,Female,0,Yes,No,33,Yes,Yes,Fiber optic,Yes,Yes,Yes,No,Yes,No,Month-to-month,No,Electronic check,48.32,1635.59,Yes
CUST-00913,Female,0,No,No,61,Yes,No,Fiber optic,No,Yes,No,No,Yes,No,Month-to-month,No,Electronic check,45.46,2692.76,No
CUST-00914,Male,0,No,Yes,35,Yes,No,DSL,No,Yes,No,No,No,No,Month-to-month,No,Bank transfer (automatic),72.26,2572.03,No
CUST-00915,Male,0,No,No,72,Yes,No,Fiber optic,No,Yes,No,No,Yes,Yes,One year,No,Electronic check,89.42,6471.13,No
CUST-00916,Female,0,No,Yes,72,Yes,Yes,DSL,No,Yes,Yes,No,No,No,Two year,Yes,Electronic check,95.08,6902.6,No
CUST-00917,Male,0,No,No,31,Yes,No,DSL,No,No,Yes,Yes,No,Yes,Month-to-month,Yes,Electronic check,121.75,3748.37,No
CUST-00918,Male,0,Yes,No,56,No,No phone service,DSL,No,Yes,Yes,No,No,Yes,Month-to-month,No,Bank transfer (automatic),53.94,2940.27,No
CUST-00919,Female,0,No,Yes,33,No,No phone service,DSL,No,No,No,No,No,Yes,Month-to-month,No,Electronic check,49.53,1610.11,No
CUST-00920,Male,0,Yes,Yes,64,Yes,Yes,Fiber optic,Yes,No,No,Yes,No,Yes,One year,Yes,Electronic check,95.57,6049.24,No
CUST-00921,Male,1,No,No,56,Yes,Yes,No,No internet service,No internet service,No internet service,No internet service,No internet service,No internet service,Month-to-month,No,Credit card (automatic),77.86,4410.29,No
CUST-00922,Male,1,No,Yes,25,Yes,No,DSL,No,No,No,No,No,No,One year,Yes,Electronic check,100.86,2410.62,No
CUST-00923,Female,0,No,No,24,Yes,Yes,Fiber optic,Yes,Yes,No,No,No,No,Month-to-month,No,Electronic check,73.15,1743.07,Yes
CUST-00924,Female,0,Yes,No,64,Yes,No,DSL,Yes,Yes,No,No,No,Yes,Month-to-month,No,Bank transfer (automatic),48.08,3032.83,No
CUST-00925,Female,0,No,Yes,39,Yes,Yes,DSL,Yes,No,No,No,Yes,No,Two year,No,Electronic check,93.36,3612.83,No
CUST-00926,Male,0,Yes,No,51,Yes,No,Fiber optic,Yes,No,Yes,No,No,Yes,Month-to-month,Yes,Bank transfer (automatic),87.1,4428.65,No
CUST-00927,Male,0,Yes,No,49,No,No phone service,DSL,No,No,No,No,Yes,Yes,Two year,No,Credit card (automatic),101.88,5010.75,No
CUST-00928,Female,0,Yes,Yes,12,Yes,No,Fiber optic,No,No,No,Yes,Yes,No,One year,No,Credit card (automatic),83.44,1002.26,No
CUST-00929,Female,1,Yes,No,18,Yes,No,DSL,Yes,Yes,Yes,No,Yes,Yes,One year,Yes,Credit card (automatic),74.38,1336.39,No
CUST-00930,Male,1,No,No,65,Yes,Yes,No,No internet service,No internet service,No internet service,No internet service,No internet service,No internet service,Month-to-month,No,Bank transfer (automatic),23.91,1541.37,No
CUST-00931,Male,0,Yes,No,21,Yes,No,Fiber optic,Yes,No,Yes,Yes,No,No,Month-to-month,Yes,Electronic check,62.04,1360.72,Yes
CUST-00932,Male,0,Yes,Yes,63,Yes,No,Fiber optic,No,No,No,No,No,Yes,Month-to-month,Yes,Electronic check,110.01,6963.26,No
CUST-00933,Female,0,No,No,26,No,No phone service,DSL,No,No,Yes,No,No,No,Two year,No,Mailed check,118.75,3057.17,No
CUST-00934,Male,0,No,No,61,Yes,No,DSL,Yes,No,Yes,No,Yes,No,Month-to-month,Yes,Bank transfer (automatic),117.07,7078.25,Yes
CUST-00935,Female,0,Yes,No,42,Yes,Yes,Fiber optic,Yes,No,No,No,No,No,One year,Yes,Electronic check,125.0,5257.52,No
CUST-00936,Male,0,No,No,8,Yes,Yes,Fiber optic,No,Yes,No,No,Yes,No,Two year,Yes,Credit card (automatic),76.99,621.09,Yes
CUST-00937,Female,0,No,No,20,Yes,No,Fiber optic,No,No,Yes,Yes,No,No,Month-to-month,Yes,Mailed check,98.92,1942.58,Yes
CUST-00938,Female,0,Yes,No,69,Yes,No,Fiber optic,No,No,Yes,Yes,Yes,No,Month-to-month,Yes,Electronic check,95.29,6541.97,No
CUST-00939,Female,0,No,Yes,15,No,No phone service,Fiber optic,No,No,No,Yes,No,No,Month-to-month,Yes,Credit card (automatic),70.02,1068.55,Yes
CUST-00940,Male,0,No,No,17,Yes,No,Fiber optic,No,No,No,No,No,Yes,Month-to-month,No,Electronic check,86.22,1564.94,Yes
CUST-00941,Male,0,Yes,No,11,Yes,Yes,DSL,No,No,No,Yes,No,No,Month-to-month,Yes,Electronic check,80.61,947.42,No
CUST-00942,Female,1,No,No,44,Yes,Yes,No,No internet service,No internet service,No internet service,No internet service,No internet service,No internet service,Month-to-month,No,Electronic check,47.59,2057.88,No
CUST-00943,Male,0,Yes,No,59,Yes,No,Fiber optic,Yes,Yes,No,Yes,No,Yes,Month-to-month,Yes,Bank transfer (automatic),97.85,5776.38,No
CUST-00944,Female,0,No,No,68,Yes,No,DSL,No,No,No,No,Yes,Yes,Month-to-month,Yes,Bank transfer (automatic),88.04,6004.29,No
CUST-00945,Female,0,Yes,Yes,64,Yes,Yes,DSL,No,Yes,Yes,No,Yes,Yes,Two year,Yes,Electronic check,45.4,2931.77,No
CUST-00946,Female,0,Yes,No,64,Yes,No,Fiber optic,Yes,No,No,Yes,No,No,Month-to-month,No,Electronic check,59.43,3879.93,No
CUST-00947,Male,1,No,No,66,Yes,No,Fiber optic,No,Yes,No,No,No,Yes,One year,Yes,Bank transfer (automatic),80.91,5328.18,No
CUST-00948,Female,0,No,No,41,Yes,No,No,No internet service,No internet service,No internet service,No internet service,No internet service,No internet service,Month-to-month,Yes,Mailed check,78.67,3185.31,No
CUST-00949,Male,1,Yes,No,60,Yes,No,Fiber optic,Yes,No,Yes,No,Yes,No,Month-to-month,Yes,Mailed check,66.71,4010.14,Yes
CUST-00950,Female,0,Yes,Yes,46,No,No phone service,DSL,No,No,No,No,No,No,Month-to-month,Yes,Bank transfer (automatic),115.28,5263.35,No
CUST-00951,Female,0,Yes,No,10,Yes,Yes,DSL,No,No,Yes,Yes,No,No,Month-to-month,Yes,Mailed check,121.75,1220.36,Yes
CUST-00952,Female,0,No,No,2,Yes,No,Fiber optic,Yes,Yes,No,No,No,No,Two year,No,Credit card (automatic),125.0,220.58,Yes
CUST-00953,Male,0,Yes,No,8,Yes,Yes,Fiber optic,No,No,Yes,No,Yes,No,Two year,Yes,Credit card (automatic),69.99,591.78,Yes
CUST-00954,Female,0,Yes,No,25,Yes,Yes,No,No internet service,No internet service,No internet service,No internet service,No internet service,No internet service,Month-to-month,Yes,Mailed check,58.54,1523.84,Yes
CUST-00955,Male,0,No,No,36,Yes,Yes,Fiber optic,No,No,No,No,No,No,Month-to-month,Yes,Electronic check,61.21,2153.58,No
CUST-00956,Male,0,Yes,Yes,46,Yes,Yes,No,No internet service,No internet service,No internet service,No internet service,No internet service,No internet service,One year,No,Electronic check,96.95,4414.26,No
CUST-00957,Female,0,Yes,No,38,Yes,No,Fiber optic,No,No,No,No,No,Yes,One year,No,Mailed check,56.65,2107.25,No
CUST-00958,Male,1,No,No,27,Yes,No,Fiber optic,No,No,Yes,Yes,Yes,No,Month-to-month,No,Bank transfer (automatic),102.96,2765.5,Yes
CUST-00959,Male,0,Yes,No,53,Yes,Yes,Fiber optic,No,Yes,No,Yes,Yes,No,One year,No,Mailed check,99.45,5312.1,No
CUST-00960,Female,0,No,Yes,63,Yes,No,Fiber optic,Yes,No,No,No,No,No,One year,No,Credit card (automatic),117.33,7324.79,No
CUST-00961,Female,0,No,No,17,Yes,No,Fiber optic,No,No,No,No,No,No,One year,Yes,Electronic check,109.33,1871.86,No
CUST-00962,Female,0,Yes,No,19,Yes,Yes,No,No internet service,No internet service,No internet service,No internet service,No internet service,No internet service,Month-to-month,No,Electronic check,84.1,1673.05,No
CUST-00963,Male,1,No,No,68,Yes,No,DSL,No,Yes,Yes,No,No,No,Month-to-month,No,Bank transfer (automatic),63.99,4311.06,No
CUST-00964,Female,0,No,No,70,Yes,Yes,No,No internet service,No internet service,No internet service,No internet service,No internet service,No internet service,Month-to-month,No,Mailed check,99.43,6931.27,Yes
CUST-00965,Male,0,No,No,23,Yes,Yes,Fiber optic,No,No,No,No,No,Yes,Month-to-month,Yes,Mailed check,125.0,2846.9,Yes
CUST-00966,Male,0,No,No,37,Yes,No,Fiber optic,No,No,No,No,No,Yes,Month-to-month,Yes,Credit card (automatic),92.23,3478.26,Yes
CUST-00967,Male,0,Yes,No,42,Yes,No,DSL,No,No,No,No,Yes,No,Month-to-month,No,Electronic check,82.54,3472.35,Yes
CUST-00968,Female,0,Yes,No,46,Yes,Yes,DSL,Yes,No,Yes,No,No,Yes,One year,No,Bank transfer (automatic),29.22,1383.32,No
CUST-00969,Male,0,No,No,63,No,No phone service,Fiber optic,No,No,No,No,Yes,Yes,Month-to-month,Yes,Credit card (automatic),63.56,3977.21,No
CUST-00970,Female,1,Yes,Yes,8,Yes,No,DSL,Yes,Yes,No,Yes,No,Yes,Month-to-month,No,Electronic check,52.97,464.08,Yes
CUST-00971,Female,1,Yes,No,38,Yes,No,DSL,No,No,No,No,No,No,Month-to-month,No,Bank transfer (automatic),58.23,2207.2,Yes
CUST-00972,Female,0,No,No,16,Yes,No,DSL,No,No,No,No,No,Yes,One year,Yes,Mailed check,118.75,1976.44,Yes
CUST-00973,Female,0,Yes,Yes,55,Yes,No,DSL,No,Yes,No,No,No,Yes,One year,Yes,Mailed check,57.79,3217.18,No
CUST-00974,Female,0,No,No,43,Yes,No,No,No internet service,No internet service,No internet service,No internet service,No internet service,No internet service,Month-to-month,No,Electronic check,80.12,3520.18,No
CUST-00975,Female,0,No,Yes,54,Yes,No,Fiber optic,Yes,No,Yes,No,No,No,Two year,Yes,Electronic check,80.19,4379.79,No
CUST-00976,Female,0,No,No,66,Yes,Yes,Fiber optic,No,No,Yes,Yes,No,No,Month-to-month,No,Bank transfer (automatic),103.76,6809.25,No
CUST-00977,Female,1,Yes,No,57,Yes,No,No,No internet service,No internet service,No internet service,No internet service,No internet service,No internet service,Two year,Yes,Bank transfer (automatic),55.01,3210.47,No
CUST-00978,Male,0,Yes,Yes,62,Yes,Yes,Fiber optic,Yes,Yes,No,No,No,Yes,Month-to-month,No,Electronic check,41.61,2654.38,No
CUST-00979,Female,0,No,Yes,59,No,No phone service,No,No internet service,No internet service,No internet service,No internet service,No internet service,No internet service,Month-to-month,No,Bank transfer (automatic),105.07,6138.54,No
CUST-00980,Male,0,Yes,Yes,46,Yes,Yes,No,No internet service,No internet service,No internet service,No internet service,No internet service,No internet service,One year,No,Bank transfer (automatic),80.6,3704.64,No
CUST-00981,Male,0,No,Yes,29,Yes,Yes,Fiber optic,Yes,No,Yes,No,Yes,No,Month-to-month,No,Bank transfer (automatic),114.57,3287.8,No
CUST-00982,Male,0,No,Yes,25,Yes,No,Fiber optic,No,Yes,No,No,No,Yes,Month-to-month,No,Mailed check,118.82,2987.54,Yes
CUST-00983,Male,0,Yes,No,27,Yes,No,No,No internet service,No internet service,No internet service,No internet service,No internet service,No internet service,Month-to-month,Yes,Electronic check,49.47,1344.03,No
CUST-00984,Male,0,Yes,No,44,Yes,No,DSL,Yes,No,Yes,No,Yes,No,Month-to-month,No,Mailed check,81.48,3608.3,No
CUST-00985,Male,0,No,No,58,Yes,No,Fiber optic,No,No,No,No,No,No,Month-to-month,Yes,Electronic check,62.88,3618.99,No
CUST-00986,Male,0,Yes,Yes,27,No,No phone service,DSL,Yes,No,No,Yes,No,Yes,Month-to-month,No,Electronic check,21.25,507.48,No
CUST-00987,Male,0,No,Yes,42,No,No phone service,DSL,Yes,Yes,No,No,No,No,Month-to-month,No,Bank transfer (automatic),56.7,2329.4,No
CUST-00988,Female,0,No,Yes,30,No,No phone service,DSL,Yes,Yes,No,No,Yes,No,Month-to-month,No,Electronic check,51.4,1574.64,No
CUST-00989,Female,0,Yes,Yes,44,Yes,Yes,No,No internet service,No internet service,No internet service,No internet service,No internet service,No internet service,Two year,No,Mailed check,92.98,4053.55,No
CUST-00990,Male,0,No,No,59,Yes,No,DSL,Yes,No,No,Yes,No,No,Month-to-month,No,Bank transfer (automatic),66.46,3853.22,No
CUST-00991,Female,1,Yes,Yes,30,Yes,Yes,Fiber optic,Yes,No,Yes,Yes,No,No,One year,No,Bank transfer (automatic),101.81,3015.4,No
CUST-00992,Male,0,Yes,No,29,Yes,No,Fiber optic,No,Yes,Yes,Yes,No,No,Month-to-month,Yes,Credit card (automatic),104.13,3058.77,Yes
CUST-00993,Female,0,No,No,15,Yes,Yes,Fiber optic,No,No,Yes,No,No,Yes,Month-to-month,Yes,Credit card (automatic),49.75,705.44,Yes
CUST-00994,Female,0,No,Yes,36,Yes,No,No,No internet service,No internet service,No internet service,No internet service,No internet service,No internet service,Month-to-month,Yes,Electronic check,41.4,1511.28,No
CUST-00995,Male,0,No,Yes,33,Yes,No,No,No internet service,No internet service,No internet service,No internet service,No internet service,No internet service,Month-to-month,Yes,Electronic check,86.27,2847.56,No
CUST-00996,Male,0,No,No,12,Yes,Yes,Fiber optic,No,Yes,No,No,Yes,No,Month-to-month,Yes,Mailed check,46.59,564.68,Yes
CUST-00997,Male,0,No,No,70,Yes,No,Fiber optic,No,Yes,Yes,No,No,No,One year,No,Credit card (automatic),59.36,4172.65,No
CUST-00998,Female,0,Yes,Yes,62,No,No phone service,No,No internet service,No internet service,No internet service,No internet service,No internet service,No internet service,One year,No,Electronic check,103.22,6333.48,No
CUST-00999,Male,0,Yes,No,21,Yes,No,Fiber optic,Yes,No,No,No,Yes,Yes,Month-to-month,Yes,Bank transfer (automatic),80.5,1702.78,No
CUST-01000,Male,0,Yes,No,68,Yes,No,Fiber optic,Yes,Yes,Yes,Yes,No,Yes,Month-to-month,Yes,Credit card (automatic),33.25,2243.14,No
CUST-01001,Male,0,Yes,No,20,Yes,Yes,DSL,No,No,No,No,Yes,No,Month-to-month,Yes,Mailed check,30.5,593.84,No
CUST-01002,Male,1,Yes,No,31,Yes,No,DSL,No,No,Yes,Yes,No,No,One year,Yes,Electronic check,106.39,3276.09,No
CUST-01003,Male,0,No,No,10,No,No phone service,No,No internet service,No internet service,No internet service,No internet service,No internet service,No internet service,Two year,No,Mailed check,89.75,884.53,No
CUST-01004,Male,0,Yes,No,45,Yes,No,Fiber optic,No,No,Yes,No,No,Yes,One year,Yes,Electronic check,66.0,2984.95,Yes
CUST-01005,Female,0,No,No,35,Yes,No,Fiber optic,No,Yes,No,Yes,No,Yes,Month-to-month,No,Electronic check,91.72,3243.82,No
CUST-01006,Male,0,No,No,20,Yes,No,DSL,No,No,Yes,Yes,Yes,No,Two year,No,Mailed check,97.55,1989.97,Yes
CUST-01007,Male,0,No,No,21,Yes,Yes,Fiber optic,Yes,No,Yes,No,Yes,No,One year,No,Electronic check,54.57,1299.02,No
CUST-01008,Male,0,Yes,No,68,Yes,Yes,No,No internet service,No internet service,No internet service,No internet service,No internet service,No internet service,One year,No,Electronic check,84.15,5725.28,No
CUST-01009,Male,0,No,Yes,50,Yes,No,No,No internet service,No internet service,No internet service,No internet service,No internet service,No internet service,One year,Yes,Mailed check,44.15,2262.27,No
CUST-01010,Male,0,No,No,12,Yes,Yes,Fiber optic,No,No,No,No,No,Yes,Month-to-month,No,Mailed check,98.18,1151.83,Yes
CUST-01011,Female,0,Yes,No,10,Yes,Yes,Fiber optic,Yes,Yes,Yes,Yes,No,No,Month-to-month,No,Credit card (automatic),117.22,1131.1,Yes
CUST-01012,Male,0,Yes,No,6,Yes,Yes,DSL,No,No,No,Yes,No,Yes,Month-to-month,Yes,Credit card (automatic),109.21,633.03,No
CUST-01013,Female,0,Yes,Yes,18,Yes,No,DSL,Yes,No,No,No,Yes,No,One year,No,Electronic check,64.03,1114.05,No
CUST-01014,Female,0,No,No,54,Yes,No,DSL,No,Yes,No,Yes,Yes,No,Month-to-month,No,Credit card (automatic),95.1,5185.89,No
CUST-01015,Male,0,No,Yes,5,Yes,Yes,Fiber optic,No,Yes,Yes,Yes,No,Yes,Month-to-month,No,Credit card (automatic),99.48,576.87,Yes
CUST-01016,Male,1,No,No,18,Yes,No,No,No internet service,No internet service,No internet service,No internet service,No internet service,No internet service,Month-to-month,No,Electronic check,56.4,1043.43,No
CUST-01017,Female,0,No,No,3,Yes,No,No,No internet service,No internet service,No internet service,No internet service,No internet service,No internet service,One year,No,Mailed check,31.2,92.39,No
CUST-01018,Female,0,Yes,No,47,Yes,No,DSL,Yes,No,No,No,Yes,Yes,Month-to-month,Yes,Bank transfer (automatic),111.75,5255.22,No
CUST-01019,Female,0,Yes,No,59,Yes,No,Fiber optic,No,No,Yes,No,No,No,Month-to-month,Yes,Electronic check,84.35,4992.87,No
CUST-01020,Female,0,No,Yes,39,Yes,Yes,DSL,No,No,Yes,Yes,No,Yes,Two year,No,Credit card (automatic),63.11,2540.92,No
CUST-01021,Female,1,No,Yes,66,Yes,Yes,Fiber optic,No,No,No,No,No,Yes,Month-to-month,No,Bank transfer (automatic),100.84,6700.06,No
CUST-01022,Female,0,No,No,50,Yes,Yes,No,No internet service,No internet service,No internet service,No internet service,No internet service,No internet service,One year,No,Electronic check,118.75,6021.45,No
CUST-01023,Male,0,Yes,Yes,55,Yes,No,No,No internet service,No internet service,No internet service,No internet service,No internet service,No internet service,One year,Yes,Mailed check,18.25,992.61,No
CUST-01024,Male,0,Yes,No,23,Yes,Yes,No,No internet service,No internet service,No internet service,No internet service,No internet service,No internet service,One year,No,Electronic check,118.75,2725.32,No
CUST-01025,Male,1,Yes,No,63,Yes,No,Fiber optic,No,Yes,Yes,No,No,No,Month-to-month,No,Mailed check,81.24,5133.14,No
CUST-01026,Female,0,Yes,Yes,46,Yes,No,Fiber optic,No,Yes,No,No,Yes,No,Month-to-month,No,Bank transfer (automatic),88.16,4018.25,No
CUST-01027,Female,0,Yes,No,7,Yes,No,No,No internet service,No internet service,No internet service,No internet service,No internet service,No internet service,Two year,No,Mailed check,40.75,326.2,No
CUST-01028,Female,0,No,No,6,Yes,Yes,Fiber optic,Yes,Yes,No,No,No,Yes,Two year,Yes,Electronic check,34.63,181.53,Yes
CUST-01029,Male,0,No,No,65,Yes,No,DSL,Yes,Yes,No,No,No,Yes,Month-to-month,No,Mailed check,86.84,5587.52,No
CUST-01030,Female,0,Yes,No,20,No,No phone service,DSL,Yes,Yes,No,Yes,Yes,No,One year,Yes,Electronic check,59.63,1294.06,No
CUST-01031,Female,0,Yes,No,34,Yes,No,DSL,No,No,Yes,No,No,Yes,Month-to-month,Yes,Electronic check,55.17,1935.94,Yes
CUST-01032,Female,0,Yes,No,55,Yes,No,DSL,No,No,Yes,No,No,No,Two year,Yes,Electronic check,43.8,2434.23,No
CUST-01033,Male,0,Yes,Yes,56,Yes,Yes,Fiber optic,Yes,No,No,No,No,No,Month-to-month,Yes,Electronic check,33.25,1902.41,No
CUST-01034,Female,0,No,Yes,2,Yes,No,Fiber optic,Yes,No,No,No,Yes,Yes,Month-to-month,Yes,Credit card (automatic),80.68,197.35,Yes
CUST-01035,Female,0,Yes,No,45,No,No phone service,DSL,No,No,No,Yes,No,Yes,Month-to-month,Yes,Bank transfer (automatic),76.9,3455.21,No
CUST-01036,Male,0,No,Yes,66,Yes,No,DSL,No,No,No,Yes,No,No,One year,Yes,Electronic check,91.05,6087.07,No
CUST-01037,Male,0,Yes,No,26,Yes,Yes,DSL,No,No,No,Yes,No,Yes,One year,Yes,Bank transfer (automatic),76.85,2060.98,No
CUST-01038,Female,0,Yes,No,40,Yes,Yes,No,No internet service,No internet service,No internet service,No internet service,No internet service,No internet service,One year,Yes,Electronic check,71.12,2882.11,No
CUST-01039,Female,1,No,No,20,Yes,Yes,DSL,Yes,No,No,Yes,No,Yes,Two year,No,Mailed check,37.23,680.88,No
CUST-01040,Male,0,Yes,No,52,Yes,No,DSL,No,No,No,Yes,No,No,Month-to-month,Yes,Credit card (automatic),100.71,5175.4,No
CUST-01041,Male,0,Yes,Yes,9,Yes,Yes,Fiber optic,No,No,No,No,Yes,Yes,One year,Yes,Mailed check,71.31,666.17,Yes
CUST-01042,Male,0,No,Yes,38,Yes,Yes,Fiber optic,No,Yes,No,No,Yes,No,Month-to-month,Yes,Electronic check,90.94,3515.25,No
CUST-01043,Female,0,Yes,No,30,Yes,No,DSL,No,No,No,No,No,Yes,One year,No,Credit card (automatic),48.12,1394.89,No
CUST-01044,Female,0,Yes,No,47,Yes,No,Fiber optic,No,No,No,Yes,Yes,No,Month-to-month,No,Bank transfer (automatic),111.27,5280.32,No
CUST-01045,Male,0,Yes,No,36,Yes,Yes,Fiber optic,No,Yes,No,Yes,Yes,No,Two year,No,Credit card (automatic),118.44,4239.27,No
CUST-01046,Female,0,Yes,Yes,71,Yes,No,Fiber optic,Yes,No,No,No,No,No,Two year,Yes,Electronic check,64.39,4592.17,No
CUST-01047,Female,0,No,No,71,Yes,Yes,Fiber optic,No,Yes,No,Yes,No,No,Two year,No,Mailed check,125.0,8868.61,No
CUST-01048,Male,0,Yes,No,21,Yes,No,DSL,Yes,Yes,No,Yes,Yes,No,One year,No,Mailed check,99.93,2080.94,No
CUST-01049,Male,0,No,No,3,Yes,Yes,DSL,Yes,Yes,Yes,No,Yes,No,One year,Yes,Electronic check,118.75,348.94,Yes
CUST-01050,Female,1,No,Yes,36,No,No phone service,Fiber optic,No,Yes,No,Yes,No,Yes,Month-to-month,Yes,Mailed check,125.0,4525.37,Yes
CUST-01051,Male,0,Yes,No,43,Yes,Yes,DSL,No,Yes,Yes,No,No,No,Month-to-month,Yes,Bank transfer (automatic),73.93,3244.49,No
CUST-01052,Female,0,Yes,No,55,Yes,No,DSL,Yes,No,Yes,No,Yes,No,Month-to-month,No,Mailed check,36.63,1990.19,No
CUST-01053,Male,1,Yes,No,38,Yes,Yes,DSL,Yes,Yes,No,No,No,Yes,Two year,Yes,Mailed check,83.56,3160.69,No
CUST-01054,Male,0,Yes,Yes,43,No,No phone service,Fiber optic,No,Yes,No,Yes,No,Yes,One year,Yes,Bank transfer (automatic),34.31,1501.37,No
CUST-01055,Female,0,Yes,No,2,Yes,No,No,No internet service,No internet service,No internet service,No internet service,No internet service,No internet service,Month-to-month,Yes,Credit card (automatic),103.98,232.42,No
CUST-01056,Male,0,No,No,55,Yes,No,Fiber optic,No,No,No,No,No,Yes,One year,Yes,Electronic check,90.01,4908.37,No
CUST-01057,Female,0,Yes,No,24,Yes,No,No,No internet service,No internet service,No internet service,No internet service,No internet service,No internet service,One year,Yes,Credit card (automatic),54.22,1195.05,No
CUST-01058,Male,0,No,No,28,Yes,No,Fiber optic,No,No,No,Yes,No,Yes,Two year,No,Mailed check,75.8,2067.66,No
CUST-01059,Female,0,No,Yes,31,Yes,Yes,Fiber optic,No,No,No,No,No,Yes,One year,Yes,Electronic check,122.68,3778.58,No
CUST-01060,Female,0,No,No,6,Yes,No,DSL,Yes,No,Yes,No,Yes,Yes,Two year,No,Bank transfer (automatic),83.19,496.96,No
CUST-01061,Male,1,Yes,No,36,Yes,No,DSL,No,No,Yes,No,No,No,Two year,No,Mailed check,69.47,2540.79,No
CUST-01062,Male,1,Yes,No,28,Yes,No,DSL,Yes,No,Yes,Yes,Yes,No,One year,Yes,Credit card (automatic),59.66,1607.72,No
CUST-01063,Female,0,No,No,17,Yes,Yes,DSL,Yes,No,No,No,No,Yes,Month-to-month,Yes,Credit card (automatic),78.74,1329.02,No
CUST-01064,Male,0,Yes,No,18,Yes,No,Fiber optic,No,No,No,No,Yes,No,Month-to-month,Yes,Credit card (automatic),110.3,2054.44,Yes
CUST-01065,Male,0,No,Yes,3,Yes,Yes,Fiber optic,No,Yes,No,No,No,No,One year,No,Electronic check,98.23,269.48,Yes
CUST-01066,Female,1,No,No,64,Yes,Yes,DSL,No,No,No,No,No,Yes,Two year,No,Electronic check,40.15,2622.16,No
CUST-01067,Male,0,No,No,22,Yes,No,Fiber optic,No,No,No,Yes,Yes,No,Month-to-month,No,Credit card (automatic),101.23,2266.96,No
CUST-01068,Male,1,Yes,Yes,63,Yes,Yes,DSL,No,Yes,No,Yes,Yes,No,Month-to-month,No,Credit card (automatic),46.68,3000.66,No
CUST-01069,Female,0,Yes,No,61,Yes,Yes,No,No internet service,No internet service,No internet service,No internet service,No internet service,No internet service,Two year,Yes,Bank transfer (automatic),72.4,4387.7,No
CUST-01070,Female,0,No,Yes,33,Yes,Yes,No,No internet service,No internet service,No internet service,No internet service,No internet service,No internet service,Month-to-month,No,Electronic check,21.25,701.45,No
CUST-01071,Male,0,No,No,59,Yes,Yes,DSL,Yes,Yes,No,No,Yes,No,Month-to-month,No,Electronic check,64.05,3759.23,No
CUST-01072,Female,0,No,No,16,Yes,No,DSL,Yes,No,Yes,No,No,No,Two year,Yes,Electronic check,52.7,899.96,No
CUST-01073,Male,0,No,No,14,Yes,No,No,No internet service,No internet service,No internet service,No internet service,No internet service,No internet service,One year,No,Mailed check,36.41,509.71,No
CUST-01074,Male,1,No,No,65,Yes,No,No,No internet service,No internet service,No internet service,No internet service,No internet service,No internet service,Month-to-month,No,Electronic check,63.16,4105.47,No
CUST-01075,Female,0,No,Yes,47,Yes,No,No,No internet service,No internet service,No internet service,No internet service,No internet service,No internet service,Two year,No,Credit card (automatic),98.8,4533.45,Yes
CUST-01076,Female,0,No,No,50,Yes,Yes,DSL,No,No,Yes,Yes,Yes,No,Month-to-month,No,Mailed check,52.46,2550.86,No
CUST-01077,Male,0,Yes,No,67,Yes,Yes,Fiber optic,No,Yes,Yes,No,No,No,Two year,Yes,Mailed check,40.52,2761.53,No
CUST-01078,Female,0,Yes,Yes,2,Yes,No,DSL,No,No,No,No,No,No,Month-to-month,No,Bank transfer (automatic),120.6,283.24,Yes
CUST-01079,Female,0,No,Yes,13,Yes,No,Fiber optic,No,Yes,Yes,No,No,No,Month-to-month,Yes,Credit card (automatic),74.6,979.31,Yes
CUST-01080,Male,1,No,No,70,Yes,Yes,DSL,Yes,No,No,Yes,Yes,No,Month-to-month,No,Electronic check,112.0,7965.25,No
CUST-01081,Male,1,Yes,No,10,Yes,No,Fiber optic,Yes,Yes,No,Yes,Yes,Yes,One year,No,Bank transfer (automatic),53.22,520.71,No
CUST-01082,Male,0,No,Yes,33,Yes,Yes,Fiber optic,No,No,Yes,No,Yes,No,One year,Yes,Mailed check,114.93,3826.29,No
CUST-01083,Male,0,Yes,Yes,2,Yes,No,No,No internet service,No internet service,No internet service,No internet service,No internet service,No internet service,One year,Yes,Electronic check,96.59,220.24,Yes
CUST-01084,Male,0,Yes,No,24,Yes,Yes,DSL,No,No,No,No,No,No,Month-to-month,Yes,Electronic check,99.19,2427.56,Yes
CUST-01085,Female,1,No,No,13,Yes,No,No,No internet service,No internet service,No internet service,No internet service,No internet service,No internet service,Two year,No,Credit card (automatic),88.41,1186.29,No
CUST-01086,Male,0,Yes,No,19,Yes,Yes,Fiber optic,No,No,No,No,No,No,Month-to-month,No,Credit card (automatic),117.49,2181.9,Yes
CUST-01087,Male,0,No,No,59,No,No phone service,No,No internet service,No internet service,No internet service,No internet service,No internet service,No internet service,Month-to-month,No,Bank transfer (automatic),70.44,4109.21,No
CUST-01088,Male,1,No,No,20,Yes,No,Fiber optic,No,No,No,Yes,No,Yes,Month-to-month,No,Credit card (automatic),79.89,1594.41,Yes
CUST-01089,Male,1,No,Yes,59,Yes,No,DSL,No,No,No,No,Yes,No,Month-to-month,No,Mailed check,96.71,5737.9,No
CUST-01090,Female,0,Yes,No,65,Yes,Yes,No,No internet service,No internet service,No internet service,No internet service,No internet service,No internet service,Two year,No,Electronic check,118.75,7804.08,No
CUST-01091,Male,0,No,No,39,Yes,Yes,Fiber optic,No,No,Yes,No,Yes,Yes,Month-to-month,No,Credit card (automatic),125.0,4908.43,No
CUST-01092,Female,0,Yes,No,39,Yes,No,DSL,No,Yes,No,Yes,Yes,No,Month-to-month,Yes,Credit card (automatic),79.88,3099.37,No
CUST-01093,Male,0,No,No,25,Yes,No,DSL,Yes,No,No,No,No,No,Month-to-month,Yes,Mailed check,51.86,1289.4,No
CUST-01094,Female,0,Yes,No,49,Yes,Yes,No,No internet service,No internet service,No internet service,No internet service,No internet service,No internet service,Two year,No,Electronic check,68.02,3373.1,No
CUST-01095,Female,0,No,No,59,Yes,Yes,No,No internet service,No internet service,No internet service,No internet service,No internet service,No internet service,One year,Yes,Electronic check,49.41,2902.11,No
CUST-01096,Female,0,No,Yes,63,No,No phone service,Fiber optic,Yes,Yes,Yes,Yes,No,No,Month-to-month,Yes,Mailed check,85.21,5401.17,Yes
CUST-01097,Male,0,Yes,Yes,15,Yes,No,DSL,No,Yes,Yes,Yes,No,No,Month-to-month,No,Credit card (automatic),73.56,1015.34,No
CUST-01098,Male,0,Yes,No,50,Yes,No,Fiber optic,No,Yes,Yes,No,Yes,No,One year,No,Electronic check,92.14,4556.08,No
CUST-01099,Female,0,Yes,No,11,Yes,No,DSL,Yes,Yes,No,No,No,No,Two year,No,Credit card (automatic),83.02,937.08,Yes
CUST-01100,Female,1,No,Yes,36,No,No phone service,Fiber optic,No,No,Yes,No,Yes,Yes,Month-to-month,No,Credit card (automatic),95.93,3551.13,Yes
CUST-01101,Female,0,No,No,7,Yes,No,Fiber optic,No,Yes,No,Yes,Yes,Yes,Month-to-month,Yes,Credit card (automatic),43.76,280.13,No
CUST-01102,Female,1,No,No,40,No,No phone service,Fiber optic,No,No,Yes,No,No,No,Month-to-month,No,Credit card (automatic),63.79,2578.26,No
CUST-01103,Male,0,No,No,62,Yes,Yes,No,No internet service,No internet service,No internet service,No internet service,No internet service,No internet service,Month-to-month,No,Mailed check,43.38,2754.02,No
CUST-01104,Female,0,Yes,No,59,Yes,No,No,No internet service,No internet service,No internet service,No internet service,No internet service,No internet service,One year,Yes,Bank transfer (automatic),90.87,5382.68,No
CUST-01105,Female,1,No,Yes,52,Yes,Yes,DSL,Yes,Yes,No,Yes,Yes,No,Month-to-month,Yes,Electronic check,21.25,1105.58,Yes
CUST-01106,Female,0,Yes,No,42,Yes,Yes,Fiber optic,No,No,Yes,No,No,Yes,Month-to-month,Yes,Electronic check,124.63,5298.51,Yes
CUST-01107,Female,0,No,No,45,Yes,No,Fiber optic,No,No,No,No,No,No,Month-to-month,No,Bank transfer (automatic),105.1,4675.74,No
CUST-01108,Male,0,Yes,No,8,Yes,Yes,DSL,No,Yes,Yes,No,Yes,No,Month-to-month,Yes,Mailed check,81.05,555.0,Yes
CUST-01109,Male,0,No,No,53,Yes,No,Fiber optic,No,No,No,No,Yes,No,Month-to-month,Yes,Credit card (automatic),53.35,2765.93,No
CUST-01110,Female,0,Yes,Yes,50,Yes,Yes,DSL,No,No,Yes,Yes,No,No,One year,Yes,Electronic check,69.81,3412.84,No
CUST-01111,Male,0,Yes,Yes,11,Yes,Yes,DSL,Yes,Yes,No,No,No,No,One year,Yes,Electronic check,26.07,247.77,No
CUST-01112,Female,0,Yes,Yes,46,Yes,No,No,No internet service,No internet service,No internet service,No internet service,No internet service,No internet service,Two year,No,Bank transfer (automatic),97.18,4463.97,No
CUST-01113,Female,0,No,No,28,Yes,Yes,DSL,Yes,No,No,No,No,No,Month-to-month,No,Electronic check,74.7,2066.59,No
CUST-01114,Female,0,No,No,37,Yes,No,Fiber optic,No,No,No,No,No,Yes,Month-to-month,No,Electronic check,125.0,4515.69,No
CUST-01115,Female,0,Yes,No,59,Yes,Yes,DSL,No,No,Yes,No,Yes,Yes,Month-to-month,No,Bank transfer (automatic),118.96,7006.94,No
CUST-01116,Female,0,Yes,No,24,Yes,No,Fiber optic,No,No,Yes,Yes,No,No,Month-to-month,No,Electronic check,93.72,2246.0,Yes
CUST-01117,Male,0,Yes,Yes,67,Yes,No,Fiber optic,Yes,No,No,No,Yes,No,Month-to-month,No,Mailed check,111.21,7481.9,No
CUST-01118,Male,0,No,No,31,Yes,Yes,No,No internet service,No internet service,No internet service,No internet service,No internet service,No internet service,Month-to-month,No,Mailed check,121.75,3824.42,No
CUST-01119,Male,0,No,No,37,Yes,Yes,DSL,Yes,Yes,No,No,No,Yes,One year,Yes,Bank transfer (automatic),26.6,1014.38,Yes
CUST-01120,Female,0,No,Yes,3,Yes,No,Fiber optic,Yes,Yes,Yes,No,Yes,No,One year,Yes,Credit card (automatic),75.51,105.92,Yes
CUST-01121,Female,0,No,No,9,Yes,Yes,No,No internet service,No internet service,No internet service,No internet service,No internet service,No internet service,Month-to-month,Yes,Electronic check,70.77,604.63,Yes
CUST-01122,Female,0,Yes,No,21,Yes,Yes,DSL,No,No,Yes,Yes,No,No,One year,No,Bank transfer (automatic),95.35,1979.09,No
CUST-01123,Female,0,Yes,No,71,No,No phone service,DSL,Yes,Yes,No,Yes,No,No,Month-to-month,No,Credit card (automatic),81.71,5750.55,No
CUST-01124,Female,1,No,Yes,19,Yes,Yes,Fiber optic,No,No,Yes,No,No,No,Month-to-month,Yes,Electronic check,91.63,1812.08,Yes
CUST-01125,Male,1,No,No,29,Yes,No,No,No internet service,No internet service,No internet service,No internet service,No internet service,No internet service,One year,Yes,Electronic check,30.69,870.51,No
CUST-01126,Male,0,Yes,No,62,Yes,Yes,DSL,Yes,No,No,No,Yes,Yes,One year,Yes,Bank transfer (automatic),49.38,3016.1,Yes
CUST-01127,Male,0,No,No,23,No,No phone service,DSL,No,Yes,No,No,No,Yes,Month-to-month,No,Bank transfer (automatic),93.44,2171.67,No
CUST-01128,Male,0,Yes,Yes,59,Yes,No,No,No internet service,No internet service,No internet service,No internet service,No internet service,No internet service,Month-to-month,Yes,Credit card (automatic),73.44,4262.52,No
CUST-01129,Male,1,Yes,Yes,9,Yes,No,Fiber optic,No,No,No,No,No,No,Month-to-month,No,Credit card (automatic),74.68,628.28,No
CUST-01130,Male,0,Yes,No,10,Yes,No,DSL,No,Yes,No,No,No,Yes,Month-to-month,No,Credit card (automatic),66.79,685.46,No
CUST-01131,Female,0,No,No,1,Yes,Yes,Fiber optic,Yes,Yes,No,No,No,No,Two year,Yes,Mailed check,110.58,66.91,No
CUST-01132,Male,0,No,Yes,9,Yes,Yes,DSL,Yes,No,No,No,Yes,No,Month-to-month,No,Credit card (automatic),88.47,872.41,No
CUST-01133,Male,0,No,No,44,Yes,No,Fiber optic,Yes,No,No,No,No,Yes,Two year,Yes,Electronic check,64.81,2878.61,No
CUST-01134,Male,1,No,Yes,7,No,No phone service,DSL,No,No,No,Yes,No,No,One year,Yes,Mailed check,118.75,835.09,No
CUST-01135,Male,1,No,No,45,Yes,No,Fiber optic,No,No,No,No,Yes,No,Two year,Yes,Electronic check,83.58,3773.4,Yes
CUST-01136,Female,0,Yes,No,44,Yes,No,Fiber optic,No,No,No,No,No,Yes,Month-to-month,Yes,Electronic check,65.19,2804.76,Yes
CUST-01137,Male,0,No,No,17,Yes,No,DSL,No,No,Yes,No,No,No,One year,No,Credit card (automatic),48.42,821.02,No
CUST-01138,Female,0,Yes,No,3,Yes,No,Fiber optic,No,No,No,No,No,Yes,Month-to-month,Yes,Electronic check,102.07,250.35,No
CUST-01139,Male,0,No,No,12,Yes,No,No,No internet service,No internet service,No internet service,No internet service,No internet service,No internet service,Two year,No,Bank transfer (automatic),100.06,1255.75,Yes
CUST-01140,Male,1,Yes,No,11,Yes,Yes,Fiber optic,Yes,Yes,Yes,No,No,No,Month-to-month,Yes,Electronic check,125.0,1469.02,Yes
CUST-01141,Male,0,Yes,Yes,39,Yes,No,No,No internet service,No internet service,No internet service,No internet service,No internet service,No internet service,Month-to-month,No,Credit card (automatic),99.31,3816.76,No
CUST-01142,Female,0,No,No,68,Yes,Yes,No,No internet service,No internet service,No internet service,No internet service,No internet service,No internet service,One year,No,Credit card (automatic),83.4,5648.23,No
CUST-01143,Male,0,Yes,No,32,No,No phone service,DSL,No,No,No,No,No,No,Month-to-month,No,Credit card (automatic),43.06,1386.08,No
CUST-01144,Male,0,Yes,No,46,Yes,No,Fiber optic,Yes,No,No,Yes,Yes,Yes,Two year,No,Bank transfer (automatic),111.97,5204.49,No
CUST-01145,Female,0,No,No,22,Yes,Yes,No,No internet service,No internet service,No internet service,No internet service,No internet service,No internet service,Two year,Yes,Electronic check,79.62,1842.6,No
CUST-01146,Female,0,No,Yes,7,Yes,No,Fiber optic,No,No,No,No,Yes,No,Month-to-month,Yes,Mailed check,110.08,769.95,Yes
CUST-01147,Male,1,Yes,Yes,16,Yes,No,Fiber optic,Yes,No,No,No,No,No,Two year,Yes,Mailed check,90.61,1515.88,Yes
CUST-01148,Male,0,Yes,No,35,Yes,No,DSL,Yes,Yes,No,Yes,No,No,One year,Yes,Electronic check,66.6,2336.71,No
CUST-01149,Male,0,Yes,No,62,Yes,No,No,No internet service,No internet service,No internet service,No internet service,No internet service,No internet service,One year,No,Electronic check,68.76,4245.45,No
CUST-01150,Male,0,No,Yes,18,No,No phone service,DSL,No,No,Yes,No,Yes,No,Month-to-month,Yes,Credit card (automatic),83.41,1432.74,Yes
CUST-01151,Female,0,No,Yes,71,Yes,Yes,Fiber optic,No,Yes,Yes,No,Yes,No,One year,No,Bank transfer (automatic),79.31,5600.14,No
CUST-01152,Male,0,Yes,Yes,46,Yes,No,No,No internet service,No internet service,No internet service,No internet service,No internet service,No internet service,Month-to-month,No,Mailed check,30.64,1409.19,No
CUST-01153,Female,0,No,No,26,No,No phone service,Fiber optic,No,Yes,Yes,No,No,Yes,Month-to-month,Yes,Electronic check,125.0,3230.47,Yes
CUST-01154,Male,0,No,Yes,45,Yes,No,Fiber optic,Yes,No,Yes,No,Yes,Yes,One year,Yes,Mailed check,56.97,2686.11,No
CUST-01155,Female,0,No,No,51,Yes,No,Fiber optic,Yes,No,No,No,No,No,Two year,Yes,Credit card (automatic),30.25,1555.42,No
CUST-01156,Male,0,Yes,No,50,Yes,No,No,No internet service,No internet service,No internet service,No internet service,No internet service,No internet service,Month-to-month,Yes,Electronic check,58.96,2936.8,No
CUST-01157,Female,0,No,No,63,Yes,No,Fiber optic,Yes,No,No,Yes,No,No,One year,Yes,Electronic check,49.05,3021.48,No
CUST-01158,Male,1,No,No,48,Yes,No,Fiber optic,No,No,Yes,No,No,Yes,Month-to-month,Yes,Credit card (automatic),125.0,5982.38,Yes
CUST-01159,Female,1,Yes,Yes,2,Yes,Yes,DSL,No,Yes,Yes,No,No,No,Month-to-month,Yes,Mailed check,68.22,110.75,Yes
CUST-01160,Female,0,Yes,No,28,Yes,No,DSL,No,Yes,No,Yes,Yes,No,Month-to-month,Yes,Bank transfer (automatic),101.79,2846.1,No
CUST-01161,Male,0,Yes,No,66,Yes,No,DSL,Yes,Yes,No,No,No,Yes,Month-to-month,No,Mailed check,77.46,5198.18,No
CUST-01162,Female,0,Yes,No,15,Yes,No,Fiber optic,Yes,No,No,No,No,No,Two year,Yes,Electronic check,30.25,484.01,No
CUST-01163,Male,1,No,No,36,Yes,No,Fiber optic,No,No,No,Yes,No,No,One year,No,Electronic check,113.31,4094.45,No
CUST-01164,Male,0,No,No,37,Yes,No,DSL,No,No,Yes,Yes,Yes,No,One year,No,Bank transfer (automatic),34.89,1279.26,No
CUST-01165,Male,0,Yes,Yes,41,Yes,No,DSL,No,Yes,No,No,Yes,Yes,One year,No,Mailed check,84.37,3442.84,No
CUST-01166,Female,0,No,No,63,Yes,Yes,DSL,No,Yes,Yes,Yes,No,Yes,Month-to-month,No,Electronic check,29.02,1842.56,No
CUST-01167,Female,1,Yes,No,39,Yes,Yes,No,No internet service,No internet service,No internet service,No internet service,No internet service,No internet service,Month-to-month,Yes,Credit card (automatic),79.11,3112.2,No
CUST-01168,Female,0,No,No,1,Yes,Yes,DSL,No,No,No,No,Yes,Yes,Two year,No,Bank transfer (automatic),65.9,94.91,No
CUST-01169,Male,0,Yes,Yes,18,Yes,No,Fiber optic,Yes,No,No,No,No,Yes,One year,No,Credit card (automatic),75.51,1398.54,No
CUST-01170,Male,0,No,Yes,46,No,No phone service,No,No internet service,No internet service,No internet service,No internet service,No internet service,No internet service,Month-to-month,No,Bank transfer (automatic),72.3,3366.61,No
CUST-01171,Male,0,No,Yes,57,Yes,No,No,No internet service,No internet service,No internet service,No internet service,No internet service,No internet service,Month-to-month,Yes,Bank transfer (automatic),55.3,3091.84,No
CUST-01172,Male,1,No,No,47,Yes,No,Fiber optic,No,No,No,No,No,Yes,Month-to-month,No,Bank transfer (automatic),33.25,1575.36,No
CUST-01173,Female,0,No,No,53,Yes,No,DSL,No,No,Yes,No,Yes,No,Two year,Yes,Electronic check,92.62,4961.94,No
CUST-01174,Female,0,Yes,No,18,Yes,No,DSL,Yes,No,No,No,No,No,One year,No,Electronic check,104.19,1852.3,No
CUST-01175,Female,0,No,Yes,7,Yes,Yes,DSL,Yes,No,No,No,No,Yes,Month-to-month,Yes,Electronic check,82.03,537.06,No
CUST-01176,Female,0,No,Yes,69,Yes,Yes,Fiber optic,No,No,Yes,Yes,No,Yes,Two year,No,Mailed check,37.59,2513.6,No
CUST-01177,Female,0,Yes,Yes,41,Yes,No,DSL,No,No,No,Yes,Yes,No,Month-to-month,No,Mailed check,60.2,2426.69,No
CUST-01178,Female,0,No,Yes,54,Yes,No,DSL,No,Yes,Yes,No,No,No,Two year,Yes,Electronic check,76.78,4136.24,No
CUST-01179,Female,1,Yes,No,69,Yes,Yes,DSL,No,Yes,No,No,No,Yes,Month-to-month,No,Mailed check,42.24,2965.09,No
CUST-01180,Female,0,Yes,Yes,14,Yes,Yes,Fiber optic,No,No,No,No,No,No,Two year,Yes,Mailed check,99.76,1330.85,Yes
CUST-01181,Male,0,No,No,63,Yes,No,DSL,No,Yes,Yes,No,Yes,No,Two year,No,Credit card (automatic),97.4,6188.54,No
CUST-01182,Male,0,Yes,No,27,Yes,Yes,Fiber optic,No,Yes,No,No,Yes,No,Month-to-month,No,Credit card (automatic),63.14,1708.54,Yes
CUST-01183,Male,0,Yes,No,46,Yes,Yes,DSL,Yes,No,No,Yes,Yes,No,Month-to-month,No,Credit card (automatic),109.21,4956.43,No
CUST-01184,Female,0,Yes,No,28,Yes,Yes,Fiber optic,No,Yes,No,Yes,No,No,Two year,Yes,Credit card (automatic),65.39,1859.88,No
CUST-01185,Female,0,No,No,15,Yes,Yes,DSL,Yes,No,No,No,No,Yes,Two year,Yes,Bank transfer (automatic),64.65,999.52,Yes
CUST-01186,Female,0,No,No,64,Yes,No,Fiber optic,Yes,No,No,No,No,Yes,Month-to-month,Yes,Electronic check,84.51,5418.87,No
CUST-01187,Female,0,Yes,Yes,26,Yes,No,Fiber optic,No,Yes,No,Yes,No,No,Month-to-month,Yes,Credit card (automatic),120.31,3146.86,Yes
CUST-01188,Male,0,No,No,2,Yes,Yes,Fiber optic,No,Yes,No,No,No,No,Month-to-month,Yes,Bank transfer (automatic),78.49,190.19,Yes
CUST-01189,Male,0,No,Yes,11,Yes,No,DSL,No,Yes,Yes,No,No,No,One year,No,Mailed check,110.51,1223.43,No
CUST-01190,Female,0,No,No,70,Yes,No,Fiber optic,No,Yes,No,Yes,Yes,Yes,Two year,Yes,Bank transfer (automatic),56.43,3992.09,No
CUST-01191,Female,0,No,No,60,Yes,Yes,Fiber optic,No,Yes,Yes,No,No,No,One year,Yes,Bank transfer (automatic),125.0,7444.63,No
CUST-01192,Female,1,No,No,48,No,No phone service,Fiber optic,No,No,No,Yes,No,No,Two year,Yes,Bank transfer (automatic),40.73,1971.46,No
CUST-01193,Female,0,Yes,Yes,57,Yes,Yes,DSL,Yes,No,No,Yes,No,Yes,Month-to-month,Yes,Bank transfer (automatic),90.06,5150.44,No
CUST-01194,Male,0,Yes,Yes,47,Yes,No,No,No internet service,No internet service,No internet service,No internet service,No internet service,No internet service,Month-to-month,Yes,Bank transfer (automatic),60.94,2913.39,No
CUST-01195,Male,0,No,Yes,66,Yes,No,Fiber optic,No,No,Yes,No,Yes,No,Month-to-month,Yes,Bank transfer (automatic),33.25,2225.95,No
CUST-01196,Male,0,Yes,No,8,Yes,Yes,Fiber optic,Yes,No,No,No,Yes,No,Month-to-month,No,Bank transfer (automatic),98.02,766.3,No
CUST-01197,Male,0,Yes,No,5,Yes,No,DSL,No,No,Yes,No,No,No,Month-to-month,Yes,Bank transfer (automatic),91.0,481.98,Yes
CUST-01198,Male,0,Yes,No,51,Yes,Yes,Fiber optic,No,No,No,Yes,No,Yes,Month-to-month,No,Electronic check,115.81,5868.96,Yes
CUST-01199,Male,0,Yes,No,70,Yes,Yes,DSL,No,Yes,Yes,No,Yes,No,Month-to-month,No,Bank transfer (automatic),58.44,4049.23,No
CUST-01200,Male,0,No,Yes,42,Yes,Yes,Fiber optic,Yes,No,No,Yes,Yes,Yes,Month-to-month,Yes,Credit card (automatic),88.82,3726.9,No
CUST-01201,Male,0,Yes,No,70,Yes,No,DSL,No,Yes,No,No,Yes,No,One year,Yes,Electronic check,93.87,6525.99,No
CUST-01202,Female,0,No,No,29,Yes,No,DSL,No,No,Yes,Yes,No,Yes,Month-to-month,No,Mailed check,67.46,1945.12,No
CUST-01203,Male,0,No,No,49,Yes,No,Fiber optic,No,No,Yes,No,Yes,No,Month-to-month,No,Mailed check,68.94,3407.73,No
CUST-01204,Male,0,Yes,No,37,Yes,No,Fiber optic,No,No,No,No,No,Yes,Month-to-month,Yes,Mailed check,90.43,3387.36,Yes
CUST-01205,Male,0,Yes,No,64,Yes,No,DSL,Yes,No,No,No,No,No,One year,Yes,Bank transfer (automatic),117.43,7467.66,No
CUST-01206,Male,0,Yes,Yes,47,Yes,Yes,No,No internet service,No internet service,No internet service,No internet service,No internet service,No internet service,Two year,Yes,Electronic check,53.9,2439.98,No
CUST-01207,Male,0,No,No,32,No,No phone service,No,No internet service,No internet service,No internet service,No internet service,No internet service,No internet service,Month-to-month,No,Credit card (automatic),66.75,2092.68,Yes
CUST-01208,Male,0,Yes,No,18,Yes,Yes,Fiber optic,No,Yes,No,Yes,No,Yes,One year,No,Mailed check,51.95,919.29,No
CUST-01209,Female,0,No,No,23,Yes,No,Fiber optic,No,No,No,Yes,Yes,No,Two year,Yes,Bank transfer (automatic),86.0,2081.41,Yes
CUST-01210,Male,1,Yes,Yes,6,No,No phone service,Fiber optic,No,Yes,Yes,Yes,No,No,One year,Yes,Electronic check,113.06,646.08,No
CUST-01211,Male,0,Yes,No,12,Yes,Yes,Fiber optic,No,No,Yes,No,Yes,No,Month-to-month,Yes,Credit card (automatic),37.47,528.03,Yes
CUST-01212,Male,0,Yes,No,37,Yes,No,Fiber optic,No,No,No,No,No,No,Month-to-month,No,Mailed check,76.98,2881.85,No
CUST-01213,Female,1,Yes,Yes,3,Yes,Yes,Fiber optic,Yes,Yes,No,Yes,No,Yes,Month-to-month,No,Mailed check,115.42,343.75,Yes
CUST-01214,Male,0,Yes,No,34,Yes,No,DSL,No,No,No,Yes,Yes,No,Month-to-month,No,Electronic check,58.38,1977.84,No
CUST-01215,Female,0,No,No,4,Yes,Yes,DSL,Yes,Yes,Yes,Yes,Yes,No,Month-to-month,No,Credit card (automatic),53.95,268.94,No
CUST-01216,Female,0,Yes,No,12,Yes,No,Fiber optic,Yes,No,No,No,Yes,Yes,One year,Yes,Credit card (automatic),64.67,750.63,No
CUST-01217,Male,0,No,Yes,50,Yes,No,Fiber optic,Yes,No,Yes,Yes,No,No,Month-to-month,Yes,Bank transfer (automatic),104.46,5309.15,No
CUST-01218,Male,0,No,No,3,Yes,No,Fiber optic,No,No,No,No,No,No,Month-to-month,Yes,Bank transfer (automatic),89.26,294.78,Yes
CUST-01219,Male,0,No,No,25,Yes,No,DSL,Yes,No,Yes,No,No,No,Two year,Yes,Bank transfer (automatic),103.59,2576.35,No
CUST-01220,Female,0,No,No,14,No,No phone service,Fiber optic,No,No,No,No,No,Yes,Month-to-month,Yes,Mailed check,72.17,1017.82,No
CUST-01221,Male,0,Yes,No,4,No,No phone service,Fiber optic,Yes,No,No,No,No,Yes,Month-to-month,No,Bank transfer (automatic),87.86,402.53,No
CUST-01222,Male,0,No,No,15,Yes,Yes,DSL,Yes,No,No,Yes,Yes,No,Month-to-month,Yes,Electronic check,70.58,1139.33,Yes
CUST-01223,Male,0,Yes,No,9,Yes,Yes,No,No internet service,No internet service,No internet service,No internet service,No internet service,No internet service,Two year,Yes,Mailed check,82.92,764.64,Yes
CUST-01224,Male,0,No,No,6,Yes,Yes,Fiber optic,No,No,No,No,No,No,Month-to-month,Yes,Credit card (automatic),37.93,207.03,No
CUST-01225,Female,0,Yes,No,48,No,No phone service,No,No internet service,No internet service,No internet service,No internet service,No internet service,No internet service,One year,No,Mailed check,71.3,3434.44,No
CUST-01226,Male,0,No,No,9,Yes,No,Fiber optic,No,No,No,No,No,No,One year,Yes,Credit card (automatic),95.67,811.22,No
CUST-01227,Female,1,No,Yes,68,Yes,Yes,Fiber optic,No,Yes,Yes,No,No,No,Month-to-month,No,Bank transfer (automatic),33.25,2295.46,No
CUST-01228,Male,0,No,No,36,Yes,No,No,No internet service,No internet service,No internet service,No internet service,No internet service,No internet service,Month-to-month,No,Electronic check,56.71,2013.26,Yes
CUST-01229,Female,0,Yes,Yes,30,Yes,No,Fiber optic,Yes,No,No,No,Yes,No,Two year,No,Mailed check,81.58,2427.45,Yes
CUST-01230,Female,0,No,No,64,Yes,Yes,DSL,Yes,No,No,No,No,No,Month-to-month,Yes,Mailed check,87.98,5672.76,No
CUST-01231,Male,0,No,Yes,56,Yes,No,No,No internet service,No internet service,No internet service,No internet service,No internet service,No internet service,One year,Yes,Electronic check,110.1,6205.82,No
CUST-01232,Male,0,No,No,31,No,No phone service,Fiber optic,No,No,No,Yes,No,No,Two year,No,Bank transfer (automatic),125.0,3837.12,No
CUST-01233,Male,1,Yes,No,71,No,No phone service,Fiber optic,Yes,No,Yes,Yes,Yes,No,Two year,Yes,Bank transfer (automatic),87.4,6217.3,No
CUST-01234,Male,0,Yes,No,39,Yes,Yes,DSL,Yes,No,Yes,No,Yes,Yes,Month-to-month,No,Bank transfer (automatic),92.69,3619.75,No
CUST-01235,Male,0,Yes,No,51,Yes,No,No,No internet service,No internet service,No internet service,No internet service,No internet service,No internet service,Two year,No,Mailed check,64.63,3268.79,No
CUST-01236,Female,1,No,Yes,70,Yes,No,No,No internet service,No internet service,No internet service,No internet service,No internet service,No internet service,Month-to-month,No,Credit card (automatic),96.08,6736.58,No
CUST-01237,Female,0,Yes,No,53,Yes,No,Fiber optic,No,No,Yes,Yes,No,Yes,Two year,No,Mailed check,78.92,4183.02,No
CUST-01238,Female,1,No,No,43,Yes,Yes,DSL,No,No,No,No,Yes,No,Two year,Yes,Bank transfer (automatic),118.75,5095.84,No
CUST-01239,Female,0,No,No,45,Yes,Yes,Fiber optic,No,No,No,Yes,No,Yes,One year,No,Bank transfer (automatic),125.0,5666.68,Yes
CUST-01240,Female,0,No,No,48,Yes,No,DSL,No,No,Yes,No,No,Yes,One year,Yes,Electronic check,75.61,3571.36,No
CUST-01241,Male,1,No,No,71,Yes,No,Fiber optic,No,Yes,Yes,Yes,No,Yes,One year,Yes,Bank transfer (automatic),72.13,5103.86,No
CUST-01242,Male,0,No,Yes,51,Yes,No,Fiber optic,No,No,Yes,No,No,Yes,Month-to-month,Yes,Electronic check,91.42,4636.16,No
CUST-01243,Male,0,No,Yes,22,Yes,No,DSL,No,Yes,No,No,No,Yes,Month-to-month,Yes,Electronic check,60.76,1278.48,No
CUST-01244,Female,0,Yes,No,2,Yes,Yes,No,No internet service,No internet service,No internet service,No internet service,No internet service,No internet service,Month-to-month,Yes,Bank transfer (automatic),79.68,167.72,No
CUST-01245,Male,0,No,No,57,Yes,No,Fiber optic,No,No,Yes,Yes,No,No,Month-to-month,No,Mailed check,50.8,2856.82,No
CUST-01246,Male,0,No,No,36,Yes,No,Fiber optic,No,Yes,No,Yes,Yes,No,Month-to-month,Yes,Bank transfer (automatic),125.0,4473.58,No
CUST-01247,Male,0,Yes,No,30,Yes,Yes,Fiber optic,Yes,Yes,No,Yes,No,No,Month-to-month,Yes,Bank transfer (automatic),68.39,2081.93,No
CUST-01248,Female,0,No,No,68,Yes,Yes,No,No internet service,No internet service,No internet service,No internet service,No internet service,No internet service,Month-to-month,Yes,Bank transfer (automatic),93.43,6282.67,No
CUST-01249,Female,0,No,No,12,Yes,No,Fiber optic,No,No,No,No,No,No,One year,Yes,Electronic check,30.25,388.42,No
CUST-01250,Male,0,No,No,3,Yes,Yes,No,No internet service,No internet service,No internet service,No internet service,No internet service,No internet service,Month-to-month,No,Electronic check,49.15,212.44,No
CUST-01251,Female,0,No,Yes,54,Yes,Yes,DSL,No,No,No,Yes,No,Yes,One year,Yes,Mailed check,118.75,6426.87,No
CUST-01252,Female,0,No,No,67,Yes,No,DSL,No,No,Yes,Yes,No,Yes,One year,No,Credit card (automatic),82.77,5581.66,No
CUST-01253,Female,0,Yes,No,60,No,No phone service,Fiber optic,Yes,Yes,No,No,No,No,One year,Yes,Electronic check,125.0,7618.7,Yes
CUST-01254,Male,0,Yes,Yes,63,Yes,Yes,DSL,Yes,No,No,No,No,No,One year,Yes,Mailed check,69.63,4398.17,No
CUST-01255,Male,0,Yes,No,63,Yes,No,Fiber optic,Yes,No,Yes,No,No,No,Month-to-month,Yes,Electronic check,76.22,4820.65,No
CUST-01256,Female,0,No,No,50,Yes,Yes,Fiber optic,No,No,No,Yes,Yes,Yes,One year,No,Electronic check,112.26,5660.91,No
CUST-01257,Female,0,Yes,No,67,No,No phone service,DSL,No,Yes,No,Yes,No,Yes,Month-to-month,Yes,Bank transfer (automatic),78.76,5255.2,No
CUST-01258,Male,0,No,Yes,25,Yes,Yes,DSL,No,No,No,No,Yes,No,Two year,Yes,Mailed check,66.8,1637.81,No
CUST-01259,Male,0,No,Yes,54,Yes,No,DSL,No,No,Yes,Yes,Yes,No,Two year,Yes,Bank transfer (automatic),118.75,6411.94,No
CUST-01260,Male,1,No,No,7,Yes,No,DSL,No,No,Yes,No,No,Yes,Two year,Yes,Electronic check,118.75,818.52,Yes
CUST-01261,Female,1,Yes,Yes,38,No,No phone service,DSL,No,Yes,Yes,Yes,Yes,No,Two year,Yes,Electronic check,114.01,4278.06,No
CUST-01262,Male,0,Yes,Yes,21,Yes,No,DSL,No,No,No,No,Yes,No,Month-to-month,Yes,Mailed check,61.08,1225.09,Yes
CUST-01263,Female,1,Yes,No,68,Yes,Yes,No,No internet service,No internet service,No internet service,No internet service,No internet service,No internet service,Month-to-month,No,Bank transfer (automatic),21.25,1383.44,No
CUST-01264,Male,1,Yes,Yes,32,No,No phone service,DSL,Yes,Yes,No,No,No,Yes,Month-to-month,No,Electronic check,53.71,1696.01,No
CUST-01265,Female,0,Yes,No,16,Yes,Yes,DSL,No,Yes,No,No,No,No,Two year,Yes,Electronic check,64.96,991.07,Yes
CUST-01266,Female,0,Yes,No,41,Yes,No,No,No internet service,No internet service,No internet service,No internet service,No internet service,No internet service,Month-to-month,No,Electronic check,48.62,2019.05,No
CUST-01267,Female,0,Yes,Yes,6,No,No phone service,Fiber optic,Yes,No,No,Yes,No,No,One year,Yes,Bank transfer (automatic),67.48,469.55,No
CUST-01268,Female,0,No,No,10,Yes,No,DSL,No,No,No,No,No,Yes,One year,Yes,Credit card (automatic),94.21,964.48,Yes
CUST-01269,Male,0,Yes,Yes,32,Yes,Yes,No,No internet service,No internet service,No internet service,No internet service,No internet service,No internet service,Month-to-month,Yes,Mailed check,36.78,1144.88,No
CUST-01270,Female,0,Yes,Yes,46,Yes,No,No,No internet service,No internet service,No internet service,No internet service,No internet service,No internet service,Month-to-month,Yes,Bank transfer (automatic),43.4,2093.08,Yes
CUST-01271,Female,0,No,No,42,Yes,No,Fiber optic,Yes,Yes,Yes,Yes,No,Yes,Month-to-month,Yes,Mailed check,73.71,3069.51,Yes
CUST-01272,Female,1,No,No,4,Yes,Yes,Fiber optic,No,No,No,No,No,No,One year,No,Credit card (automatic),81.08,305.5,Yes
CUST-01273,Male,0,No,No,49,Yes,No,Fiber optic,Yes,Yes,No,No,Yes,No,Two year,Yes,Mailed check,125.0,6113.04,No
CUST-01274,Male,0,No,No,5,Yes,No,No,No internet service,No internet service,No internet service,No internet service,No internet service,No internet service,Month-to-month,Yes,Electronic check,60.1,343.77,Yes
CUST-01275,Male,0,Yes,No,59,Yes,No,Fiber optic,No,No,Yes,No,No,No,Two year,Yes,Credit card (automatic),124.43,7304.95,No
CUST-01276,Male,0,No,No,3,Yes,No,No,No internet service,No internet service,No internet service,No internet service,No internet service,No internet service,Month-to-month,Yes,Credit card (automatic),73.03,295.79,Yes
CUST-01277,Male,1,No,No,2,Yes,Yes,DSL,No,Yes,No,Yes,No,No,Month-to-month,Yes,Mailed check,89.38,93.72,Yes
CUST-01278,Male,0,No,No,38,Yes,Yes,Fiber optic,No,No,No,No,Yes,Yes,Two year,Yes,Electronic check,110.87,4182.09,No
CUST-01279,Female,0,No,No,58,No,No phone service,No,No internet service,No internet service,No internet service,No internet service,No internet service,No internet service,Two year,Yes,Electronic check,118.75,6928.34,No
CUST-01280,Male,0,Yes,Yes,56,Yes,No,DSL,Yes,Yes,No,Yes,No,No,Month-to-month,Yes,Mailed check,50.2,2921.24,No
CUST-01281,Male,0,No,No,44,Yes,Yes,DSL,No,No,No,No,No,No,Month-to-month,Yes,Electronic check,86.63,3883.0,Yes
CUST-01282,Male,0,No,No,13,Yes,No,No,No internet service,No internet service,No internet service,No internet service,No internet service,No internet service,Month-to-month,No,Mailed check,96.97,1288.51,No
CUST-01283,Female,0,No,Yes,69,Yes,No,Fiber optic,No,No,No,No,No,Yes,Month-to-month,Yes,Mailed check,47.23,3223.24,Yes
CUST-01284,Male,0,Yes,No,2,Yes,No,Fiber optic,No,No,Yes,No,No,No,Month-to-month,Yes,Electronic check,37.51,47.73,Yes
CUST-01285,Female,0,Yes,No,26,Yes,No,No,No internet service,No internet service,No internet service,No internet service,No internet service,No internet service,One year,Yes,Electronic check,18.25,510.44,No
CUST-01286,Female,0,Yes,Yes,55,No,No phone service,DSL,No,Yes,No,No,Yes,No,Month-to-month,No,Mailed check,21.25,1205.32,No
CUST-01287,Male,0,Yes,No,45,Yes,No,Fiber optic,Yes,Yes,Yes,Yes,Yes,No,Month-to-month,Yes,Credit card (automatic),64.1,2866.99,No
CUST-01288,Female,0,Yes,No,57,Yes,Yes,Fiber optic,No,No,Yes,No,No,No,Month-to-month,Yes,Mailed check,106.93,6077.39,No
CUST-01289,Female,0,No,No,56,Yes,No,DSL,No,Yes,No,Yes,Yes,No,Two year,Yes,Bank transfer (automatic),52.81,3007.48,No
CUST-01290,Male,0,Yes,No,68,No,No phone service,DSL,Yes,Yes,No,Yes,No,No,One year,No,Electronic check,62.84,4309.85,No
CUST-01291,Female,0,Yes,No,38,Yes,No,Fiber optic,Yes,Yes,No,No,Yes,No,Month-to-month,Yes,Electronic check,73.04,2793.84,No
CUST-01292,Male,1,Yes,No,60,Yes,Yes,Fiber optic,Yes,No,No,Yes,No,No,Month-to-month,No,Credit card (automatic),111.64,6667.27,No
CUST-01293,Female,0,No,No,12,Yes,Yes,Fiber optic,Yes,No,No,Yes,Yes,Yes,Two year,Yes,Bank transfer (automatic),102.71,1253.06,Yes
CUST-01294,Female,0,No,Yes,13,Yes,No,Fiber optic,No,Yes,No,No,Yes,Yes,Month-to-month,Yes,Credit card (automatic),95.46,1222.11,Yes
CUST-01295,Male,0,No,Yes,4,Yes,No,Fiber optic,No,Yes,Yes,No,Yes,No,One year,Yes,Bank transfer (automatic),125.0,499.87,Yes
CUST-01296,Male,0,No,No,15,Yes,No,DSL,Yes,No,Yes,Yes,No,No,One year,No,Electronic check,62.66,950.27,No
CUST-01297,Female,0,No,No,9,Yes,Yes,DSL,Yes,Yes,No,Yes,No,Yes,Two year,No,Bank transfer (automatic),88.07,819.76,No
CUST-01298,Male,0,No,No,60,Yes,No,Fiber optic,No,No,No,Yes,No,Yes,One year,No,Mailed check,69.77,4098.38,No
CUST-01299,Male,0,No,Yes,36,No,No phone service,Fiber optic,Yes,No,No,Yes,No,Yes,Month-to-month,Yes,Mailed check,51.4,1897.8,No
CUST-01300,Female,0,Yes,Yes,32,Yes,No,No,No internet service,No internet service,No internet service,No internet service,No internet service,No internet service,Month-to-month,No,Bank transfer (automatic),88.85,2887.52,No
CUST-01301,Male,0,No,Yes,47,Yes,No,Fiber optic,Yes,Yes,No,No,Yes,Yes,Month-to-month,Yes,Bank transfer (automatic),85.78,4065.43,No
CUST-01302,Female,0,Yes,No,26,Yes,No,Fiber optic,No,No,No,Yes,No,No,One year,Yes,Mailed check,75.96,1992.96,No
CUST-01303,Male,0,No,Yes,42,Yes,No,No,No internet service,No internet service,No internet service,No internet service,No internet service,No internet service,Month-to-month,No,Mailed check,81.47,3364.3,No
CUST-01304,Male,0,Yes,No,1,Yes,Yes,Fiber optic,Yes,No,Yes,No,No,No,Month-to-month,Yes,Electronic check,90.8,134.66,No
CUST-01305,Male,0,Yes,No,52,Yes,No,Fiber optic,Yes,No,No,Yes,No,No,Month-to-month,No,Electronic check,80.63,4168.86,No
CUST-01306,Male,0,Yes,No,63,Yes,No,No,No internet service,No internet service,No internet service,No internet service,No internet service,No internet service,Two year,Yes,Mailed check,18.25,1119.95,No
CUST-01307,Female,0,No,No,3,Yes,No,DSL,Yes,No,No,Yes,No,No,Month-to-month,Yes,Credit card (automatic),49.56,237.9,No
CUST-01308,Female,1,No,Yes,6,Yes,No,Fiber optic,No,No,No,No,No,No,Month-to-month,No,Bank transfer (automatic),80.97,498.95,No
CUST-01309,Female,0,Yes,No,10,Yes,No,Fiber optic,No,Yes,No,Yes,No,No,Month-to-month,Yes,Electronic check,92.06,910.16,Yes
CUST-01310,Male,0,No,No,44,No,No phone service,Fiber optic,No,No,Yes,No,No,No,Month-to-month,Yes,Credit card (automatic),92.2,4036.18,No
CUST-01311,Male,0,Yes,Yes,55,Yes,Yes,No,No internet service,No internet service,No internet service,No internet service,No internet service,No internet service,Month-to-month,No,Credit card (automatic),42.87,2366.58,Yes
CUST-01312,Female,0,No,No,60,Yes,No,DSL,No,No,No,No,Yes,Yes,Month-to-month,No,Credit card (automatic),63.6,3783.48,No
CUST-01313,Male,0,Yes,No,57,Yes,Yes,DSL,Yes,No,Yes,Yes,No,Yes,Month-to-month,Yes,Electronic check,21.25,1101.64,No
CUST-01314,Male,0,Yes,Yes,42,Yes,Yes,DSL,Yes,No,No,Yes,Yes,Yes,Month-to-month,Yes,Mailed check,83.58,3459.58,No
CUST-01315,Male,0,No,No,51,Yes,Yes,No,No internet service,No internet service,No internet service,No internet service,No internet service,No internet service,Month-to-month,Yes,Credit card (automatic),100.56,5128.52,No
CUST-01316,Female,0,No,Yes,21,No,No phone service,Fiber optic,Yes,No,No,Yes,Yes,No,Two year,Yes,Electronic check,120.38,2562.79,Yes
CUST-01317,Male,0,No,Yes,54,Yes,No,Fiber optic,Yes,No,Yes,No,No,Yes,One year,No,Bank transfer (automatic),47.93,2617.32,No
CUST-01318,Male,0,No,Yes,14,Yes,No,DSL,Yes,Yes,No,No,No,No,Two year,No,Mailed check,37.7,557.25,No
CUST-01319,Female,1,No,No,70,Yes,Yes,Fiber optic,No,No,No,No,No,No,One year,Yes,Credit card (automatic),112.69,7848.45,No
CUST-01320,Female,0,Yes,No,4,Yes,No,Fiber optic,No,No,No,No,No,Yes,Month-to-month,Yes,Bank transfer (automatic),120.82,493.47,Yes
CUST-01321,Female,0,Yes,No,68,Yes,Yes,DSL,No,No,No,No,No,No,Two year,Yes,Bank transfer (automatic),61.13,4187.52,No
CUST-01322,Female,0,No,No,34,No,No phone service,Fiber optic,No,No,No,Yes,Yes,No,Two year,No,Credit card (automatic),86.6,2976.47,No
CUST-01323,Male,0,Yes,No,47,Yes,Yes,DSL,Yes,No,No,No,No,No,Month-to-month,Yes,Credit card (automatic),90.35,4222.21,Yes
CUST-01324,Male,0,No,No,12,Yes,No,DSL,No,No,Yes,No,No,No,Month-to-month,Yes,Credit card (automatic),34.29,439.71,Yes
CUST-01325,Male,0,Yes,No,23,Yes,Yes,Fiber optic,Yes,No,No,Yes,Yes,No,Two year,No,Electronic check,99.21,2287.64,No
CUST-01326,Female,0,No,No,63,Yes,Yes,Fiber optic,Yes,Yes,Yes,Yes,No,No,Two year,No,Mailed check,111.69,7021.05,No
CUST-01327,Male,0,Yes,No,2,Yes,No,DSL,Yes,No,Yes,No,Yes,No,Month-to-month,Yes,Bank transfer (automatic),66.23,84.59,No
CUST-01328,Female,0,No,No,14,Yes,No,Fiber optic,No,Yes,No,No,No,No,One year,Yes,Mailed check,125.0,1739.5,No
CUST-01329,Male,0,No,Yes,46,Yes,No,Fiber optic,Yes,No,No,No,No,No,Two year,No,Bank transfer (automatic),72.41,3301.96,No
CUST-01330,Female,0,Yes,No,58,Yes,Yes,No,No internet service,No internet service,No internet service,No internet service,No internet service,No internet service,Month-to-month,No,Mailed check,22.19,1241.92,No
CUST-01331,Female,0,Yes,Yes,32,Yes,Yes,Fiber optic,No,No,Yes,No,Yes,No,Month-to-month,Yes,Electronic check,82.1,2612.09,Yes
CUST-01332,Male,0,Yes,No,7,Yes,No,No,No internet service,No internet service,No internet service,No internet service,No internet service,No internet service,One year,No,Mailed check,29.29,185.25,No
CUST-01333,Female,0,Yes,No,11,Yes,No,Fiber optic,No,Yes,No,No,No,Yes,Month-to-month,No,Electronic check,98.71,1186.33,Yes
CUST-01334,Male,1,Yes,Yes,65,Yes,No,No,No internet service,No internet service,No internet service,No internet service,No internet service,No internet service,Month-to-month,Yes,Credit card (automatic),105.24,6880.85,No
CUST-01335,Male,0,No,No,16,Yes,No,DSL,Yes,No,Yes,No,Yes,Yes,Month-to-month,Yes,Electronic check,38.31,584.2,No
CUST-01336,Male,0,Yes,No,42,Yes,Yes,Fiber optic,Yes,No,No,Yes,No,Yes,Two year,Yes,Credit card (automatic),105.48,4480.15,No
CUST-01337,Male,0,Yes,No,68,Yes,No,Fiber optic,Yes,No,No,Yes,Yes,No,Month-to-month,Yes,Electronic check,103.58,7062.83,No
CUST-01338,Female,0,Yes,No,28,Yes,Yes,Fiber optic,Yes,No,Yes,No,No,No,Month-to-month,Yes,Bank transfer (automatic),62.96,1702.1,No
CUST-01339,Male,0,Yes,No,5,Yes,No,No,No internet service,No internet service,No internet service,No internet service,No internet service,No internet service,Month-to-month,Yes,Credit card (automatic),67.42,340.87,No
CUST-01340,Female,1,Yes,Yes,59,Yes,Yes,Fiber optic,Yes,No,No,Yes,Yes,No,Month-to-month,No,Credit card (automatic),89.15,5270.75,No
CUST-01341,Male,0,No,No,57,Yes,Yes,DSL,No,Yes,Yes,No,No,No,Month-to-month,Yes,Mailed check,77.29,4393.2,Yes
CUST-01342,Female,0,No,No,47,Yes,Yes,Fiber optic,No,No,Yes,No,No,Yes,Month-to-month,No,Electronic check,73.59,3377.66,Yes
CUST-01343,Female,0,No,No,65,Yes,No,Fiber optic,No,Yes,No,No,Yes,No,Two year,No,Bank transfer (automatic),61.85,3924.61,No
CUST-01344,Male,0,Yes,No,56,Yes,Yes,DSL,Yes,No,No,Yes,No,No,One year,Yes,Mailed check,33.48,1908.07,No
CUST-01345,Female,0,No,No,50,Yes,No,DSL,Yes,Yes,No,Yes,No,Yes,Month-to-month,Yes,Electronic check,44.7,2238.32,No
CUST-01346,Male,0,No,Yes,25,Yes,Yes,Fiber optic,No,No,No,No,Yes,No,Two year,Yes,Electronic check,64.19,1573.47,No
CUST-01347,Male,0,No,No,5,Yes,Yes,DSL,No,No,Yes,Yes,Yes,No,Month-to-month,Yes,Credit card (automatic),98.13,538.29,Yes
CUST-01348,Male,0,No,No,53,No,No phone service,DSL,Yes,No,No,No,No,Yes,Month-to-month,No,Mailed check,21.25,1129.06,Yes
CUST-01349,Male,0,Yes,No,61,Yes,Yes,No,No internet service,No internet service,No internet service,No internet service,No internet service,No internet service,One year,Yes,Mailed check,66.83,4023.01,No
CUST-01350,Male,0,No,Yes,51,Yes,Yes,No,No internet service,No internet service,No internet service,No internet service,No internet service,No internet service,Two year,Yes,Bank transfer (automatic),112.69,5754.47,No
CUST-01351,Female,0,No,No,48,Yes,No,Fiber optic,Yes,Yes,No,No,No,No,Two year,Yes,Bank transfer (automatic),30.25,1490.83,No
CUST-01352,Female,0,No,No,52,Yes,No,No,No internet service,No internet service,No internet service,No internet service,No internet service,No internet service,Month-to-month,Yes,Electronic check,82.6,4196.31,No
CUST-01353,Female,0,No,Yes,20,Yes,No,No,No internet service,No internet service,No internet service,No internet service,No internet service,No internet service,Month-to-month,Yes,Bank transfer (automatic),61.14,1270.72,No
CUST-01354,Male,0,No,Yes,9,Yes,No,Fiber optic,No,Yes,Yes,No,Yes,No,Month-to-month,Yes,Mailed check,85.53,821.38,Yes
CUST-01355,Female,0,Yes,No,46,Yes,No,Fiber optic,Yes,Yes,Yes,Yes,No,No,Month-to-month,Yes,Bank transfer (automatic),82.47,3818.62,No
CUST-01356,Female,0,No,Yes,68,Yes,No,No,No internet service,No internet service,No internet service,No internet service,No internet service,No internet service,Month-to-month,Yes,Bank transfer (automatic),110.0,7477.25,No
CUST-01357,Female,0,No,No,10,No,No phone service,Fiber optic,Yes,No,No,No,No,No,Month-to-month,No,Electronic check,71.83,730.27,Yes
CUST-01358,Female,0,No,No,6,Yes,No,DSL,No,Yes,Yes,No,No,No,Month-to-month,Yes,Electronic check,64.57,345.34,Yes
CUST-01359,Female,0,No,No,51,Yes,Yes,DSL,Yes,No,No,Yes,Yes,Yes,Month-to-month,Yes,Bank transfer (automatic),61.19,3081.43,No
CUST-01360,Female,0,Yes,No,31,Yes,No,Fiber optic,No,No,No,No,No,No,Month-to-month,Yes,Electronic check,98.99,3134.1,No
CUST-01361,Female,0,Yes,No,66,Yes,Yes,DSL,No,No,No,Yes,No,No,Month-to-month,No,Electronic check,62.87,4124.88,No
CUST-01362,Female,0,Yes,Yes,34,Yes,No,DSL,Yes,No,No,Yes,No,Yes,One year,Yes,Credit card (automatic),77.45,2615.25,No
CUST-01363,Female,1,No,No,38,No,No phone service,Fiber optic,No,No,Yes,No,No,Yes,Two year,Yes,Credit card (automatic),106.19,4067.69,Yes
CUST-01364,Female,1,No,Yes,5,Yes,Yes,DSL,No,No,Yes,No,No,Yes,Two year,No,Electronic check,66.2,242.57,No
CUST-01365,Male,0,No,Yes,69,Yes,Yes,DSL,No,No,Yes,No,Yes,Yes,Month-to-month,Yes,Electronic check,47.77,3269.52,No
CUST-01366,Female,0,No,Yes,24,Yes,Yes,No,No internet service,No internet service,No internet service,No internet service,No internet service,No internet service,Month-to-month,No,Electronic check,21.25,487.98,No
CUST-01367,Female,0,No,No,32,Yes,Yes,DSL,Yes,Yes,No,Yes,No,No,Month-to-month,Yes,Electronic check,112.57,3603.62,No
CUST-01368,Female,1,Yes,Yes,46,Yes,No,Fiber optic,No,No,No,Yes,No,No,Two year,Yes,Electronic check,101.61,4700.32,No
CUST-01369,Male,0,No,Yes,62,Yes,Yes,Fiber optic,No,Yes,No,No,Yes,Yes,Two year,No,Electronic check,53.07,3286.55,No
CUST-01370,Male,0,No,No,58,Yes,No,No,No internet service,No internet service,No internet service,No internet service,No internet service,No internet service,Two year,Yes,Electronic check,62.87,3647.6,No
CUST-01371,Male,0,No,Yes,56,Yes,Yes,DSL,Yes,Yes,No,No,Yes,No,Two year,Yes,Electronic check,118.75,6584.15,No
CUST-01372,Female,0,No,No,8,Yes,Yes,DSL,No,No,No,No,Yes,Yes,Two year,Yes,Mailed check,43.69,230.04,Yes
CUST-01373,Female,0,No,No,7,No,No phone service,Fiber optic,No,Yes,No,Yes,No,No,Month-to-month,Yes,Electronic check,115.89,799.6,Yes
CUST-01374,Female,0,Yes,No,60,Yes,No,Fiber optic,No,Yes,Yes,No,No,No,Month-to-month,Yes,Electronic check,125.0,7460.09,No
CUST-01375,Male,0,No,Yes,66,Yes,No,No,No internet service,No internet service,No internet service,No internet service,No internet service,No internet service,Two year,No,Electronic check,60.09,3953.29,No
CUST-01376,Male,0,No,Yes,45,Yes,No,DSL,Yes,No,Yes,Yes,Yes,No,Two year,Yes,Credit card (automatic),37.02,1685.22,No
CUST-01377,Male,1,Yes,No,66,Yes,Yes,DSL,Yes,Yes,No,No,Yes,Yes,Month-to-month,No,Electronic check,79.96,5217.64,No
CUST-01378,Male,0,Yes,No,23,Yes,No,DSL,Yes,No,No,Yes,No,Yes,One year,Yes,Electronic check,62.27,1494.12,No
CUST-01379,Male,0,Yes,Yes,26,Yes,No,Fiber optic,No,No,No,Yes,No,No,Month-to-month,Yes,Electronic check,92.57,2432.52,No
CUST-01380,Male,0,Yes,No,13,Yes,No,DSL,No,No,Yes,No,No,No,Month-to-month,Yes,Credit card (automatic),55.16,709.52,Yes
CUST-01381,Male,0,No,No,58,Yes,No,DSL,No,Yes,No,No,Yes,No,Month-to-month,Yes,Mailed check,55.29,3222.16,No
CUST-01382,Female,1,Yes,Yes,49,Yes,Yes,Fiber optic,No,No,No,Yes,No,Yes,Two year,No,Electronic check,99.46,4846.49,No
CUST-01383,Female,0,Yes,No,17,Yes,No,DSL,No,Yes,Yes,No,Yes,No,One year,Yes,Electronic check,18.25,282.47,Yes
CUST-01384,Male,0,No,No,72,Yes,Yes,DSL,Yes,No,Yes,No,No,No,Two year,No,Mailed check,78.17,5540.19,No
CUST-01385,Female,1,Yes,No,3,Yes,No,DSL,Yes,Yes,No,Yes,No,No,Month-to-month,No,Electronic check,54.49,55.56,Yes
CUST-01386,Female,0,No,No,56,Yes,Yes,No,No internet service,No internet service,No internet service,No internet service,No internet service,No internet service,Month-to-month,Yes,Credit card (automatic),74.71,4179.88,No
CUST-01387,Male,0,Yes,No,15,Yes,No,Fiber optic,No,Yes,No,No,No,No,Month-to-month,No,Mailed check,35.06,448.99,No
CUST-01388,Female,0,Yes,No,57,No,No phone service,Fiber optic,No,No,No,Yes,No,No,Month-to-month,No,Mailed check,125.0,7156.19,No
CUST-01389,Male,0,No,No,35,Yes,Yes,Fiber optic,No,Yes,No,Yes,No,No,One year,Yes,Bank transfer (automatic),87.52,3051.56,No
CUST-01390,Male,0,No,No,17,Yes,No,No,No internet service,No internet service,No internet service,No internet service,No internet service,No internet service,Two year,No,Electronic check,99.92,1672.6,Yes
CUST-01391,Female,0,No,No,5,No,No phone service,DSL,Yes,Yes,No,Yes,Yes,No,Month-to-month,No,Bank transfer (automatic),40.55,170.02,Yes
CUST-01392,Male,1,No,No,45,Yes,Yes,DSL,No,No,No,No,Yes,No,One year,Yes,Bank transfer (automatic),50.52,2178.45,No
CUST-01393,Male,0,Yes,Yes,12,Yes,Yes,No,No internet service,No internet service,No internet service,No internet service,No internet service,No internet service,Two year,No,Bank transfer (automatic),72.25,888.13,No
CUST-01394,Male,0,No,No,33,No,No phone service,Fiber optic,No,No,Yes,No,Yes,No,Month-to-month,Yes,Mailed check,85.03,2829.37,Yes
CUST-01395,Female,0,Yes,No,69,Yes,No,No,No internet service,No internet service,No internet service,No internet service,No internet service,No internet service,Two year,Yes,Mailed check,81.0,5532.94,No
CUST-01396,Male,0,No,Yes,64,No,No phone service,Fiber optic,No,No,No,Yes,No,Yes,Two year,Yes,Bank transfer (automatic),79.55,5113.27,No
CUST-01397,Male,1,Yes,No,36,Yes,No,Fiber optic,No,Yes,Yes,Yes,No,No,Two year,Yes,Bank transfer (automatic),79.08,2786.42,No
CUST-01398,Male,0,No,No,53,Yes,Yes,Fiber optic,Yes,No,Yes,Yes,No,No,Month-to-month,No,Electronic check,87.83,4583.75,No
CUST-01399,Female,0,Yes,No,60,Yes,Yes,DSL,No,No,Yes,No,Yes,Yes,One year,No,Electronic check,66.16,4027.91,No
CUST-01400,Female,0,Yes,No,44,Yes,No,No,No internet service,No internet service,No internet service,No internet service,No internet service,No internet service,One year,No,Bank transfer (automatic),59.22,2524.52,No
CUST-01401,Male,0,Yes,Yes,15,Yes,No,Fiber optic,Yes,No,Yes,No,Yes,No,Two year,Yes,Electronic check,65.13,893.54,No
CUST-01402,Female,1,No,No,59,Yes,No,DSL,No,No,No,No,Yes,No,One year,Yes,Mailed check,97.36,5706.04,No
CUST-01403,Female,0,Yes,Yes,7,Yes,Yes,DSL,Yes,No,Yes,No,Yes,No,Two year,No,Electronic check,42.43,319.76,Yes
CUST-01404,Female,0,No,No,38,No,No phone service,Fiber optic,No,No,Yes,No,Yes,Yes,Two year,No,Mailed check,44.52,1672.01,No
CUST-01405,Female,0,Yes,No,57,No,No phone service,DSL,No,No,No,Yes,Yes,No,Month-to-month,No,Bank transfer (automatic),72.85,4198.41,No
CUST-01406,Female,0,No,No,42,No,No phone service,DSL,Yes,Yes,No,Yes,No,No,Two year,No,Mailed check,85.48,3644.32,No
CUST-01407,Female,0,Yes,Yes,26,Yes,No,DSL,No,No,No,Yes,No,No,One year,Yes,Electronic check,118.75,3083.64,No
CUST-01408,Male,0,No,No,30,Yes,Yes,No,No internet service,No internet service,No internet service,No internet service,No internet service,No internet service,Two year,Yes,Electronic check,50.02,1477.32,No
CUST-01409,Female,0,Yes,No,34,Yes,No,Fiber optic,No,No,No,No,Yes,No,Month-to-month,Yes,Electronic check,88.26,3039.92,Yes
CUST-01410,Female,0,Yes,No,54,Yes,No,DSL,No,Yes,Yes,No,No,Yes,Two year,No,Electronic check,58.13,3187.84,No
CUST-01411,Female,0,Yes,Yes,72,No,No phone service,DSL,No,No,No,No,No,No,Two year,Yes,Bank transfer (automatic),71.35,5081.01,No
CUST-01412,Male,0,Yes,Yes,57,Yes,Yes,Fiber optic,No,No,No,Yes,No,No,Two year,Yes,Electronic check,100.24,5756.96,No
CUST-01413,Female,0,Yes,No,23,Yes,No,Fiber optic,No,No,Yes,No,Yes,Yes,Two year,Yes,Mailed check,58.11,1314.18,Yes
CUST-01414,Male,0,Yes,No,9,Yes,No,DSL,No,No,No,No,Yes,Yes,Month-to-month,Yes,Mailed check,83.81,748.97,No
CUST-01415,Male,0,No,No,35,Yes,No,No,No internet service,No internet service,No internet service,No internet service,No internet service,No internet service,Month-to-month,Yes,Bank transfer (automatic),48.48,1739.6,No
CUST-01416,Male,0,No,No,62,Yes,No,DSL,No,No,Yes,No,No,No,Two year,No,Mailed check,56.93,3493.32,No
CUST-01417,Male,0,Yes,No,46,Yes,No,DSL,No,Yes,No,Yes,No,No,One year,No,Electronic check,94.67,4403.92,No
CUST-01418,Female,0,Yes,No,24,Yes,No,DSL,Yes,No,Yes,No,No,Yes,One year,Yes,Electronic check,58.95,1359.0,No
CUST-01419,Male,1,Yes,Yes,7,Yes,Yes,No,No internet service,No internet service,No internet service,No internet service,No internet service,No internet service,Month-to-month,Yes,Electronic check,68.75,482.86,Yes
CUST-01420,Female,0,Yes,Yes,19,Yes,Yes,No,No internet service,No internet service,No internet service,No internet service,No internet service,No internet service,Month-to-month,Yes,Mailed check,104.89,1925.74,No
CUST-01421,Male,0,Yes,Yes,52,Yes,Yes,Fiber optic,Yes,No,Yes,No,Yes,Yes,One year,No,Mailed check,125.0,6480.81,No
CUST-01422,Male,1,Yes,No,49,Yes,No,Fiber optic,No,No,No,No,No,No,Month-to-month,No,Bank transfer (automatic),116.48,5753.65,No
CUST-01423,Male,0,Yes,No,33,Yes,No,DSL,No,Yes,Yes,No,No,Yes,One year,Yes,Bank transfer (automatic),70.83,2254.05,No
CUST-01424,Male,0,No,No,25,Yes,No,DSL,No,No,Yes,No,Yes,No,Month-to-month,Yes,Bank transfer (automatic),48.43,1137.17,Yes
CUST-01425,Female,0,No,No,13,Yes,No,DSL,Yes,Yes,No,Yes,Yes,No,Month-to-month,No,Mailed check,50.37,699.05,Yes
CUST-01426,Male,0,No,No,71,No,No phone service,No,No internet service,No internet service,No internet service,No internet service,No internet service,No internet service,Month-to-month,No,Mailed check,41.56,2926.73,No
CUST-01427,Male,0,Yes,No,31,Yes,No,Fiber optic,Yes,No,No,Yes,No,No,Month-to-month,No,Credit card (automatic),64.36,1982.18,No
CUST-01428,Male,0,No,No,56,Yes,Yes,Fiber optic,No,Yes,No,Yes,No,No,Month-to-month,Yes,Bank transfer (automatic),83.88,4730.49,No
CUST-01429,Female,0,Yes,Yes,34,Yes,No,No,No internet service,No internet service,No internet service,No internet service,No internet service,No internet service,One year,Yes,Bank transfer (automatic),63.37,2184.83,No
CUST-01430,Male,0,Yes,Yes,41,Yes,No,DSL,No,No,No,No,Yes,No,Month-to-month,Yes,Bank transfer (automatic),65.32,2620.01,No
CUST-01431,Female,0,No,No,47,Yes,No,DSL,No,Yes,Yes,Yes,Yes,Yes,Two year,No,Electronic check,83.49,3920.07,No
CUST-01432,Female,1,Yes,No,26,Yes,Yes,Fiber optic,No,No,No,No,Yes,Yes,One year,Yes,Electronic check,96.99,2524.92,No
CUST-01433,Female,0,Yes,No,68,Yes,Yes,No,No internet service,No internet service,No internet service,No internet service,No internet service,No internet service,Two year,No,Electronic check,76.23,5175.95,No
CUST-01434,Male,0,No,No,33,Yes,No,DSL,No,No,Yes,Yes,No,No,Month-to-month,Yes,Credit card (automatic),89.52,2921.72,No
CUST-01435,Female,1,No,No,56,Yes,No,DSL,No,No,No,Yes,Yes,Yes,Month-to-month,Yes,Mailed check,121.75,6833.75,No
CUST-01436,Female,0,No,No,66,Yes,Yes,Fiber optic,No,No,Yes,No,Yes,No,Month-to-month,Yes,Bank transfer (automatic),102.0,6705.49,No
CUST-01437,Female,0,Yes,Yes,28,Yes,No,No,No internet service,No internet service,No internet service,No internet service,No internet service,No internet service,Month-to-month,No,Electronic check,104.95,2944.11,Yes
CUST-01438,Male,0,Yes,No,17,Yes,Yes,Fiber optic,No,No,Yes,Yes,No,No,Two year,No,Mailed check,106.19,1802.81,Yes
CUST-01439,Female,0,No,No,70,Yes,Yes,Fiber optic,No,Yes,Yes,Yes,Yes,No,Two year,Yes,Credit card (automatic),73.16,5139.64,No
CUST-01440,Male,0,Yes,Yes,57,Yes,No,No,No internet service,No internet service,No internet service,No internet service,No internet service,No internet service,Two year,Yes,Credit card (automatic),98.03,5510.12,No
CUST-01441,Male,0,Yes,No,57,Yes,Yes,Fiber optic,No,No,No,No,Yes,No,Two year,Yes,Electronic check,61.71,3524.99,Yes
CUST-01442,Male,0,Yes,No,69,Yes,No,DSL,Yes,Yes,Yes,Yes,No,No,Month-to-month,Yes,Electronic check,37.95,2685.09,No
CUST-01443,Male,0,No,No,3,Yes,No,DSL,No,No,No,No,Yes,No,One year,Yes,Electronic check,103.11,359.93,Yes
CUST-01444,Female,0,No,Yes,69,Yes,No,DSL,Yes,No,No,No,Yes,No,Month-to-month,Yes,Mailed check,121.75,8372.24,No
CUST-01445,Female,0,Yes,No,9,Yes,Yes,No,No internet service,No internet service,No internet service,No internet service,No internet service,No internet service,Month-to-month,No,Bank transfer (automatic),60.36,558.87,No
CUST-01446,Female,0,No,No,11,Yes,Yes,No,No internet service,No internet service,No internet service,No internet service,No internet service,No internet service,Month-to-month,Yes,Electronic check,91.41,983.36,Yes
CUST-01447,Male,0,Yes,Yes,16,Yes,No,DSL,No,No,No,Yes,No,No,Month-to-month,No,Credit card (automatic),31.68,475.12,No
CUST-01448,Male,0,No,No,9,Yes,No,Fiber optic,No,No,No,No,Yes,Yes,Month-to-month,Yes,Credit card (automatic),125.0,1133.04,Yes
CUST-01449,Male,0,Yes,No,7,Yes,No,DSL,No,No,No,No,No,No,Month-to-month,No,Electronic check,64.98,444.09,Yes
CUST-01450,Female,0,Yes,No,10,Yes,No,Fiber optic,No,Yes,No,Yes,No,No,Month-to-month,Yes,Electronic check,92.69,838.31,Yes
CUST-01451,Female,0,Yes,No,35,Yes,Yes,Fiber optic,Yes,Yes,Yes,No,No,Yes,One year,No,Mailed check,74.57,2652.08,No
CUST-01452,Female,1,No,No,27,Yes,Yes,No,No internet service,No internet service,No internet service,No internet service,No internet service,No internet service,Two year,No,Bank transfer (automatic),67.26,1834.34,No
CUST-01453,Female,0,No,No,25,Yes,Yes,Fiber optic,No,No,No,Yes,No,No,Month-to-month,No,Bank transfer (automatic),39.36,1022.13,Yes
CUST-01454,Female,0,No,No,13,Yes,No,DSL,Yes,No,Yes,No,No,No,Month-to-month,Yes,Mailed check,47.4,642.1,No
CUST-01455,Male,0,Yes,No,71,Yes,No,Fiber optic,Yes,No,No,Yes,Yes,Yes,One year,No,Credit card (automatic),82.5,5908.15,Yes
CUST-01456,Female,0,Yes,No,24,Yes,No,No,No internet service,No internet service,No internet service,No internet service,No internet service,No internet service,Two year,Yes,Credit card (automatic),81.46,1976.95,No
CUST-01457,Male,0,Yes,No,35,Yes,No,Fiber optic,Yes,No,No,No,Yes,No,Month-to-month,Yes,Mailed check,116.5,4027.48,Yes
CUST-01458,Female,1,Yes,No,11,Yes,Yes,No,No internet service,No internet service,No internet service,No internet service,No internet service,No internet service,Two year,Yes,Bank transfer (automatic),72.1,741.82,No
CUST-01459,Female,1,Yes,No,16,Yes,No,Fiber optic,No,Yes,No,No,Yes,Yes,One year,No,Credit card (automatic),125.0,1979.99,No
CUST-01460,Male,0,No,No,17,Yes,No,Fiber optic,No,No,No,No,No,No,Month-to-month,No,Credit card (automatic),101.43,1684.65,Yes
CUST-01461,Male,0,No,No,70,Yes,No,Fiber optic,Yes,No,No,Yes,No,Yes,One year,No,Electronic check,102.61,7078.62,No
CUST-01462,Female,0,No,No,13,Yes,Yes,No,No internet service,No internet service,No internet service,No internet service,No internet service,No internet service,Month-to-month,No,Electronic check,51.92,628.05,No
CUST-01463,Female,0,Yes,No,37,Yes,Yes,Fiber optic,No,No,No,No,No,No,Month-to-month,No,Bank transfer (automatic),117.64,4403.01,Yes
CUST-01464,Female,0,Yes,No,40,Yes,No,Fiber optic,No,No,No,Yes,Yes,No,Month-to-month,No,Mailed check,101.67,4018.08,No
CUST-01465,Male,0,No,No,6,Yes,Yes,Fiber optic,No,Yes,No,No,No,No,Month-to-month,Yes,Electronic check,125.0,760.44,Yes
CUST-01466,Female,0,Yes,No,26,Yes,No,DSL,No,Yes,No,Yes,No,No,Month-to-month,Yes,Electronic check,32.27,800.67,Yes
CUST-01467,Male,1,No,Yes,6,Yes,No,DSL,No,No,No,No,No,No,Two year,No,Credit card (automatic),18.25,110.21,Yes
CUST-01468,Female,0,No,Yes,13,Yes,No,DSL,Yes,No,No,Yes,No,No,Month-to-month,Yes,Electronic check,75.78,968.39,No
CUST-01469,Male,0,Yes,No,49,Yes,Yes,Fiber optic,No,No,No,No,Yes,No,Month-to-month,Yes,Credit card (automatic),106.62,5189.41,No
CUST-01470,Female,1,Yes,No,41,Yes,No,No,No internet service,No internet service,No internet service,No internet service,No internet service,No internet service,Month-to-month,Yes,Bank transfer (automatic),101.62,4183.84,No
CUST-01471,Male,0,No,Yes,36,Yes,No,Fiber optic,No,No,No,No,Yes,Yes,Month-to-month,Yes,Mailed check,87.33,3120.37,Yes
CUST-01472,Male,0,No,No,16,Yes,Yes,Fiber optic,No,No,No,Yes,No,No,One year,No,Credit card (automatic),125.0,1946.53,Yes
CUST-01473,Female,0,No,No,45,Yes,No,DSL,No,No,No,Yes,Yes,No,Two year,No,Bank transfer (automatic),66.12,2970.41,Yes
CUST-01474,Female,0,No,Yes,66,No,No phone service,No,No internet service,No internet service,No internet service,No internet service,No internet service,No internet service,Month-to-month,Yes,Mailed check,72.0,4818.34,No
CUST-01475,Male,0,No,No,62,Yes,Yes,DSL,No,Yes,No,Yes,No,Yes,Month-to-month,No,Electronic check,83.67,5154.18,No
CUST-01476,Female,0,Yes,Yes,13,Yes,Yes,DSL,Yes,No,No,No,No,No,Two year,Yes,Electronic check,40.13,516.87,No
CUST-01477,Female,0,No,No,50,Yes,No,No,No internet service,No internet service,No internet service,No internet service,No internet service,No internet service,One year,Yes,Bank transfer (automatic),70.59,3562.72,No
CUST-01478,Female,0,No,No,18,Yes,No,No,No internet service,No internet service,No internet service,No internet service,No internet service,No internet service,Two year,Yes,Bank transfer (automatic),52.19,939.91,No
CUST-01479,Female,0,Yes,No,63,Yes,No,DSL,No,Yes,No,No,No,Yes,Two year,Yes,Bank transfer (automatic),88.36,5499.9,No
CUST-01480,Female,0,Yes,No,35,Yes,Yes,Fiber optic,No,Yes,Yes,No,Yes,No,Two year,Yes,Bank transfer (automatic),75.83,2598.32,No
CUST-01481,Female,0,No,Yes,54,No,No phone service,No,No internet service,No internet service,No internet service,No internet service,No internet service,No internet service,Two year,Yes,Mailed check,66.63,3512.17,No
CUST-01482,Female,0,No,No,39,Yes,No,DSL,No,Yes,No,No,No,No,Month-to-month,No,Bank transfer (automatic),63.61,2470.31,Yes
CUST-01483,Female,0,Yes,No,49,No,No phone service,No,No internet service,No internet service,No internet service,No internet service,No internet service,No internet service,Two year,Yes,Mailed check,82.19,3965.61,No
CUST-01484,Female,0,No,No,68,Yes,No,DSL,No,No,No,Yes,No,No,Month-to-month,Yes,Mailed check,114.24,7733.44,No
CUST-01485,Female,0,No,Yes,10,Yes,No,Fiber optic,No,Yes,Yes,No,No,No,Two year,Yes,Electronic check,58.3,593.97,Yes
CUST-01486,Male,0,No,No,66,Yes,No,DSL,Yes,No,No,Yes,Yes,Yes,Two year,Yes,Bank transfer (automatic),71.3,4696.09,No
CUST-01487,Female,0,Yes,Yes,35,Yes,Yes,DSL,Yes,No,No,Yes,No,Yes,One year,No,Mailed check,93.84,3206.4,Yes
CUST-01488,Female,0,Yes,No,11,Yes,No,DSL,No,Yes,No,Yes,No,No,Month-to-month,No,Credit card (automatic),85.1,927.99,Yes
CUST-01489,Female,0,Yes,No,32,Yes,No,DSL,No,Yes,No,No,No,Yes,Month-to-month,Yes,Electronic check,117.62,3758.64,No
CUST-01490,Male,0,No,No,5,Yes,Yes,No,No internet service,No internet service,No internet service,No internet service,No internet service,No internet service,Month-to-month,Yes,Mailed check,21.25,170.48,No
CUST-01491,Female,0,No,Yes,39,Yes,Yes,Fiber optic,Yes,No,No,No,No,Yes,Month-to-month,No,Credit card (automatic),66.53,2599.71,No
CUST-01492,Female,0,Yes,Yes,35,Yes,Yes,DSL,No,No,Yes,No,No,Yes,Two year,No,Credit card (automatic),67.62,2405.98,No
CUST-01493,Female,0,No,Yes,29,Yes,Yes,Fiber optic,No,No,No,No,No,No,Month-to-month,No,Credit card (automatic),101.0,3012.47,No
CUST-01494,Female,0,Yes,No,32,Yes,No,DSL,No,No,No,No,No,No,Two year,No,Credit card (automatic),63.61,2089.6,No
CUST-01495,Female,0,No,No,45,Yes,No,Fiber optic,No,No,No,No,No,Yes,One year,No,Electronic check,73.25,3245.53,No
CUST-01496,Female,0,Yes,No,60,Yes,Yes,Fiber optic,Yes,No,No,No,Yes,Yes,Month-to-month,No,Electronic check,81.63,4887.45,No
CUST-01497,Male,0,No,Yes,29,Yes,Yes,Fiber optic,No,No,No,No,Yes,No,Month-to-month,No,Electronic check,75.71,2323.53,No
CUST-01498,Male,0,No,Yes,2,No,No phone service,Fiber optic,Yes,No,No,Yes,No,Yes,Month-to-month,No,Electronic check,123.78,208.45,Yes
CUST-01499,Female,1,No,No,41,Yes,No,Fiber optic,No,No,No,No,Yes,No,Month-to-month,No,Credit card (automatic),96.6,3956.86,No
CUST-01500,Male,0,Yes,No,69,Yes,No,No,No internet service,No internet service,No internet service,No internet service,No internet service,No internet service,One year,No,Credit card (automatic),65.73,4577.21,No
CUST-01501,Male,1,Yes,No,29,Yes,No,Fiber optic,Yes,Yes,Yes,No,Yes,No,Month-to-month,Yes,Electronic check,95.23,2779.16,No
CUST-01502,Female,0,Yes,Yes,9,Yes,No,DSL,No,No,No,No,No,No,Month-to-month,Yes,Bank transfer (automatic),35.14,294.21,Yes
CUST-01503,Female,0,No,Yes,65,Yes,No,DSL,Yes,No,Yes,No,No,Yes,Two year,No,Bank transfer (automatic),53.39,3513.38,No
CUST-01504,Female,0,Yes,No,31,Yes,Yes,DSL,No,No,Yes,No,Yes,Yes,Month-to-month,No,Electronic check,56.98,1703.75,Yes
CUST-01505,Male,0,No,No,27,Yes,Yes,No,No internet service,No internet service,No internet service,No internet service,No internet service,No internet service,Month-to-month,No,Bank transfer (automatic),107.06,2872.06,No
CUST-01506,Female,0,No,No,22,Yes,No,No,No internet service,No internet service,No internet service,No internet service,No internet service,No internet service,Month-to-month,Yes,Credit card (automatic),115.01,2550.57,No
CUST-01507,Male,0,Yes,Yes,53,Yes,No,No,No internet service,No internet service,No internet service,No internet service,No internet service,No internet service,Month-to-month,No,Electronic check,53.58,2792.0,No
CUST-01508,Female,0,Yes,Yes,11,Yes,No,Fiber optic,Yes,No,No,Yes,No,No,Month-to-month,Yes,Mailed check,122.12,1401.7,No
CUST-01509,Male,0,Yes,No,45,Yes,No,No,No internet service,No internet service,No internet service,No internet service,No internet service,No internet service,Month-to-month,Yes,Electronic check,80.32,3644.54,No
CUST-01510,Male,1,No,Yes,26,Yes,No,Fiber optic,Yes,No,No,Yes,Yes,No,Month-to-month,Yes,Bank transfer (automatic),78.64,2102.03,No
CUST-01511,Female,0,No,No,28,Yes,Yes,Fiber optic,No,Yes,No,No,Yes,Yes,Two year,Yes,Bank transfer (automatic),66.77,1957.79,No
CUST-01512,Female,0,Yes,Yes,16,Yes,No,Fiber optic,Yes,No,No,No,No,No,One year,Yes,Mailed check,74.85,1209.65,Yes
CUST-01513,Male,0,No,No,59,Yes,No,No,No internet service,No internet service,No internet service,No internet service,No internet service,No internet service,Month-to-month,Yes,Mailed check,68.63,3986.7,No
CUST-01514,Female,0,Yes,Yes,33,Yes,Yes,No,No internet service,No internet service,No internet service,No internet service,No internet service,No internet service,Month-to-month,No,Credit card (automatic),31.31,1050.11,No
CUST-01515,Female,1,Yes,No,67,Yes,No,Fiber optic,No,No,No,No,No,No,Two year,Yes,Electronic check,75.69,5084.91,No
CUST-01516,Male,0,No,Yes,60,Yes,Yes,No,No internet service,No internet service,No internet service,No internet service,No internet service,No internet service,Two year,No,Credit card (automatic),71.29,4327.53,No
CUST-01517,Female,1,No,Yes,55,Yes,No,No,No internet service,No internet service,No internet service,No internet service,No internet service,No internet service,Month-to-month,Yes,Mailed check,35.45,1914.65,No
CUST-01518,Female,0,Yes,No,33,Yes,Yes,DSL,No,Yes,No,No,No,Yes,One year,Yes,Bank transfer (automatic),55.96,1788.42,No
CUST-01519,Female,0,No,Yes,69,Yes,Yes,Fiber optic,No,No,No,No,No,Yes,Month-to-month,Yes,Bank transfer (automatic),72.39,4980.21,Yes
CUST-01520,Female,0,No,Yes,43,Yes,No,Fiber optic,No,No,Yes,Yes,No,No,Month-to-month,Yes,Credit card (automatic),44.85,1992.66,Yes
CUST-01521,Male,0,No,Yes,32,Yes,No,Fiber optic,No,No,Yes,Yes,No,No,Month-to-month,Yes,Electronic check,121.26,3891.97,Yes
CUST-01522,Male,0,No,No,26,Yes,Yes,Fiber optic,No,No,Yes,No,No,Yes,Month-to-month,Yes,Electronic check,85.48,2212.74,No
CUST-01523,Female,0,Yes,No,66,Yes,Yes,Fiber optic,No,Yes,No,No,No,No,Month-to-month,Yes,Mailed check,34.92,2300.48,No
CUST-01524,Female,1,Yes,No,19,Yes,No,DSL,No,Yes,No,No,Yes,No,One year,Yes,Bank transfer (automatic),88.72,1686.71,Yes
CUST-01525,Male,0,No,No,64,Yes,No,No,No internet service,No internet service,No internet service,No internet service,No internet service,No internet service,Month-to-month,No,Electronic check,51.91,3373.66,No
CUST-01526,Female,0,No,No,17,Yes,No,Fiber optic,No,No,No,No,No,Yes,Month-to-month,No,Electronic check,45.08,776.17,Yes
CUST-01527,Female,0,Yes,Yes,55,Yes,Yes,Fiber optic,No,No,No,Yes,No,No,Two year,Yes,Mailed check,79.2,4439.49,No
CUST-01528,Female,1,Yes,No,21,Yes,No,DSL,No,No,No,Yes,No,No,One year,Yes,Credit card (automatic),118.75,2494.29,No
CUST-01529,Female,0,Yes,No,61,Yes,No,DSL,Yes,Yes,No,No,Yes,No,Month-to-month,Yes,Mailed check,72.28,4407.31,No
CUST-01530,Male,0,No,No,61,Yes,Yes,Fiber optic,No,No,No,Yes,No,Yes,Month-to-month,Yes,Credit card (automatic),66.42,4092.34,No
CUST-01531,Female,0,Yes,Yes,53,Yes,Yes,DSL,Yes,Yes,No,No,No,No,Month-to-month,No,Electronic check,93.9,4978.54,No
CUST-01532,Female,0,Yes,No,72,Yes,Yes,DSL,No,No,Yes,No,No,Yes,Two year,Yes,Electronic check,46.44,3458.04,No
CUST-01533,Male,0,Yes,No,37,Yes,Yes,DSL,Yes,Yes,Yes,No,No,Yes,Two year,Yes,Electronic check,116.21,4272.3,No
CUST-01534,Female,0,No,No,61,Yes,No,DSL,No,Yes,No,Yes,No,Yes,Month-to-month,Yes,Bank transfer (automatic),70.46,4285.13,No
CUST-01535,Male,0,No,Yes,40,No,No phone service,DSL,No,Yes,Yes,No,Yes,Yes,Month-to-month,No,Bank transfer (automatic),93.03,3643.9,No
CUST-01536,Female,0,Yes,No,3,Yes,No,Fiber optic,Yes,Yes,No,No,Yes,No,One year,No,Bank transfer (automatic),30.87,151.17,No
CUST-01537,Female,0,Yes,No,31,Yes,No,Fiber optic,No,Yes,Yes,No,Yes,No,Two year,No,Mailed check,82.91,2655.14,No
CUST-01538,Female,0,Yes,No,3,Yes,No,Fiber optic,Yes,No,Yes,No,No,Yes,Month-to-month,Yes,Mailed check,52.09,172.85,No
CUST-01539,Male,0,No,No,48,Yes,No,No,No internet service,No internet service,No internet service,No internet service,No internet service,No internet service,Month-to-month,No,Electronic check,63.96,3137.03,No
CUST-01540,Male,0,No,No,11,No,No phone service,Fiber optic,No,No,Yes,No,No,No,One year,Yes,Mailed check,88.29,906.63,Yes
CUST-01541,Female,0,No,No,24,Yes,Yes,No,No internet service,No internet service,No internet service,No internet service,No internet service,No internet service,Month-to-month,No,Electronic check,59.39,1462.62,No
CUST-01542,Female,0,No,Yes,63,Yes,Yes,DSL,No,No,No,No,No,No,Two year,Yes,Bank transfer (automatic),55.56,3527.03,No
CUST-01543,Female,1,Yes,No,54,Yes,No,DSL,No,No,No,No,No,No,Two year,Yes,Electronic check,111.86,6130.89,Yes
CUST-01544,Male,0,Yes,No,25,Yes,No,DSL,No,Yes,No,No,No,No,Month-to-month,No,Credit card (automatic),21.25,561.7,Yes
CUST-01545,Female,0,Yes,Yes,37,Yes,Yes,No,No internet service,No internet service,No internet service,No internet service,No internet service,No internet service,Month-to-month,No,Mailed check,95.8,3573.98,No
CUST-01546,Male,0,Yes,No,42,Yes,No,No,No internet service,No internet service,No internet service,No internet service,No internet service,No internet service,Two year,No,Credit card (automatic),63.07,2636.01,No
CUST-01547,Male,0,Yes,No,26,Yes,Yes,Fiber optic,Yes,No,No,No,Yes,No,Two year,No,Bank transfer (automatic),61.88,1654.34,No
CUST-01548,Male,0,No,No,54,Yes,Yes,No,No internet service,No internet service,No internet service,No internet service,No internet service,No internet service,Month-to-month,No,Bank transfer (automatic),56.51,2992.98,No
CUST-01549,Female,0,Yes,No,11,Yes,No,DSL,Yes,Yes,No,No,No,No,Month-to-month,Yes,Bank transfer (automatic),80.64,871.25,Yes
CUST-01550,Female,0,No,No,31,No,No phone service,Fiber optic,Yes,Yes,No,No,Yes,No,One year,No,Electronic check,97.01,2997.4,No
CUST-01551,Female,0,Yes,Yes,19,Yes,No,DSL,Yes,No,No,No,No,Yes,Month-to-month,Yes,Electronic check,54.24,945.22,No
CUST-01552,Male,0,Yes,No,49,Yes,Yes,Fiber optic,Yes,No,No,Yes,No,No,One year,Yes,Credit card (automatic),89.98,4438.2,No
CUST-01553,Male,1,No,No,47,Yes,No,DSL,Yes,No,No,No,No,No,Month-to-month,Yes,Electronic check,21.25,930.07,No
CUST-01554,Male,0,Yes,No,59,Yes,Yes,Fiber optic,No,No,No,Yes,No,No,One year,No,Credit card (automatic),110.84,6591.64,No
CUST-01555,Female,0,Yes,Yes,27,Yes,No,Fiber optic,No,No,No,Yes,No,Yes,Two year,Yes,Electronic check,88.42,2342.92,No
CUST-01556,Female,0,Yes,Yes,17,Yes,No,Fiber optic,No,No,Yes,No,No,No,Month-to-month,No,Bank transfer (automatic),41.28,699.03,Yes
CUST-01557,Male,0,No,No,3,Yes,No,DSL,No,No,No,Yes,No,No,Two year,No,Credit card (automatic),103.51,347.57,No
CUST-01558,Male,0,Yes,No,62,Yes,No,Fiber optic,No,No,Yes,Yes,Yes,No,One year,No,Bank transfer (automatic),92.67,5843.97,No
CUST-01559,Male,0,No,No,24,Yes,Yes,DSL,No,No,Yes,Yes,Yes,No,One year,Yes,Bank transfer (automatic),76.15,1804.69,No
CUST-01560,Male,0,No,No,55,Yes,Yes,DSL,Yes,Yes,No,No,Yes,Yes,Two year,No,Mailed check,44.57,2422.49,No
CUST-01561,Female,0,No,No,27,Yes,Yes,Fiber optic,No,No,No,No,No,No,Two year,No,Credit card (automatic),46.23,1298.2,Yes
CUST-01562,Female,0,Yes,No,24,No,No phone service,DSL,No,No,Yes,No,No,Yes,Two year,Yes,Mailed check,45.65,1107.09,No
CUST-01563,Female,1,No,No,17,Yes,No,Fiber optic,No,No,No,No,No,No,Two year,Yes,Electronic check,125.0,2153.47,Yes
CUST-01564,Male,0,Yes,No,57,Yes,No,DSL,Yes,No,Yes,No,No,Yes,Month-to-month,Yes,Credit card (automatic),61.46,3521.89,No
CUST-01565,Male,0,No,Yes,21,No,No phone service,Fiber optic,No,No,Yes,Yes,No,Yes,Month-to-month,Yes,Credit card (automatic),104.99,2203.59,No
CUST-01566,Female,0,No,No,22,Yes,Yes,Fiber optic,Yes,No,No,No,Yes,No,Month-to-month,No,Bank transfer (automatic),107.55,2357.84,Yes
CUST-01567,Male,1,Yes,No,51,Yes,No,DSL,Yes,No,No,Yes,Yes,Yes,Two year,Yes,Mailed check,118.75,6133.15,No
CUST-01568,Male,0,Yes,Yes,38,Yes,Yes,DSL,No,Yes,Yes,No,No,Yes,Two year,No,Credit card (automatic),84.57,3155.64,No
CUST-01569,Male,0,No,No,54,Yes,Yes,Fiber optic,No,No,No,No,Yes,No,Two year,Yes,Bank transfer (automatic),44.83,2357.18,No
CUST-01570,Male,0,No,Yes,8,Yes,No,No,No internet service,No internet service,No internet service,No internet service,No internet service,No internet service,Two year,No,Mailed check,58.19,424.7,Yes
CUST-01571,Female,0,No,No,70,Yes,Yes,DSL,No,Yes,No,No,No,No,Month-to-month,Yes,Electronic check,50.03,3580.96,No
CUST-01572,Female,0,No,Yes,18,No,No phone service,DSL,No,No,No,Yes,No,No,Month-to-month,Yes,Bank transfer (automatic),86.15,1644.51,Yes
CUST-01573,Male,1,No,No,9,Yes,No,No,No internet service,No internet service,No internet service,No internet service,No internet service,No internet service,One year,Yes,Credit card (automatic),94.1,889.72,No
CUST-01574,Male,0,No,No,8,Yes,No,DSL,No,Yes,No,Yes,No,No,Month-to-month,Yes,Electronic check,97.41,697.28,No
CUST-01575,Female,0,No,Yes,23,No,No phone service,DSL,No,No,Yes,Yes,No,No,Month-to-month,Yes,Electronic check,98.46,2296.2,Yes
CUST-01576,Female,0,Yes,No,31,Yes,Yes,DSL,Yes,No,Yes,No,No,No,Month-to-month,No,Bank transfer (automatic),121.75,3772.24,Yes
CUST-01577,Male,0,No,No,6,No,No phone service,No,No internet service,No internet service,No internet service,No internet service,No internet service,No internet service,Month-to-month,Yes,Credit card (automatic),103.51,580.52,Yes
CUST-01578,Male,1,No,No,45,No,No phone service,Fiber optic,No,Yes,No,No,No,No,Month-to-month,Yes,Electronic check,41.35,1927.95,No
CUST-01579,Female,0,Yes,No,45,No,No phone service,DSL,Yes,Yes,Yes,No,Yes,No,Two year,No,Bank transfer (automatic),49.92,2311.61,No
CUST-01580,Male,0,Yes,No,56,Yes,No,Fiber optic,No,Yes,No,Yes,No,No,Month-to-month,No,Electronic check,125.0,6973.1,No
CUST-01581,Female,0,Yes,No,2,Yes,No,DSL,No,Yes,No,Yes,No,No,One year,No,Bank transfer (automatic),57.06,161.92,Yes
CUST-01582,Female,0,Yes,No,7,Yes,No,DSL,No,No,No,No,No,No,One year,Yes,Credit card (automatic),77.97,521.66,No
CUST-01583,Male,0,No,No,15,Yes,No,No,No internet service,No internet service,No internet service,No internet service,No internet service,No internet service,Month-to-month,No,Electronic check,56.49,853.48,No
CUST-01584,Female,0,Yes,No,32,Yes,Yes,Fiber optic,No,No,Yes,Yes,No,Yes,Month-to-month,No,Bank transfer (automatic),45.8,1406.75,No
CUST-01585,Male,0,No,No,43,Yes,No,Fiber optic,No,No,No,No,No,Yes,Month-to-month,Yes,Mailed check,94.99,4051.86,No
CUST-01586,Female,0,Yes,No,15,Yes,No,No,No internet service,No internet service,No internet service,No internet service,No internet service,No internet service,Month-to-month,No,Mailed check,109.08,1573.6,No
CUST-01587,Male,0,No,No,26,Yes,Yes,DSL,Yes,Yes,No,No,No,No,Month-to-month,No,Credit card (automatic),66.85,1719.84,No
CUST-01588,Female,0,No,No,37,No,No phone service,DSL,No,Yes,No,Yes,No,Yes,Month-to-month,Yes,Credit card (automatic),21.25,709.82,Yes
CUST-01589,Male,0,No,Yes,40,Yes,No,DSL,No,No,Yes,No,No,No,Two year,No,Mailed check,64.85,2717.21,No
CUST-01590,Female,0,No,No,38,Yes,No,Fiber optic,Yes,Yes,No,No,Yes,Yes,Month-to-month,No,Credit card (automatic),77.75,2930.19,Yes
CUST-01591,Male,0,Yes,No,47,Yes,Yes,Fiber optic,Yes,No,No,No,Yes,No,Month-to-month,No,Electronic check,84.75,4000.65,No
CUST-01592,Female,1,No,No,55,Yes,No,Fiber optic,No,No,No,No,Yes,Yes,One year,No,Electronic check,65.08,3605.85,Yes
CUST-01593,Female,0,No,No,61,Yes,No,DSL,No,Yes,No,Yes,No,Yes,Two year,No,Mailed check,23.45,1360.82,No
CUST-01594,Female,1,Yes,No,70,Yes,Yes,DSL,No,Yes,No,Yes,No,No,Month-to-month,No,Mailed check,49.0,3455.05,No
CUST-01595,Male,0,No,No,29,Yes,No,Fiber optic,No,No,No,No,No,No,Month-to-month,Yes,Mailed check,56.18,1598.4,Yes
CUST-01596,Female,0,Yes,No,24,Yes,No,DSL,No,No,No,Yes,No,No,One year,Yes,Electronic check,94.06,2268.7,No
CUST-01597,Male,0,No,No,21,Yes,Yes,No,No internet service,No internet service,No internet service,No internet service,No internet service,No internet service,Two year,Yes,Mailed check,71.01,1490.35,Yes
CUST-01598,Male,0,Yes,No,26,Yes,No,No,No internet service,No internet service,No internet service,No internet service,No internet service,No internet service,Month-to-month,No,Electronic check,95.39,2468.1,No
CUST-01599,Male,0,No,Yes,39,Yes,Yes,No,No internet service,No internet service,No internet service,No internet service,No internet service,No internet service,One year,No,Mailed check,59.71,2295.09,No
CUST-01600,Male,0,Yes,No,44,Yes,Yes,Fiber optic,No,No,Yes,Yes,Yes,No,Two year,Yes,Bank transfer (automatic),65.08,2922.44,No
CUST-01601,Female,0,Yes,No,6,Yes,Yes,DSL,No,No,No,Yes,Yes,No,One year,No,Mailed check,59.13,422.04,No
CUST-01602,Male,0,Yes,No,72,Yes,No,Fiber optic,No,No,Yes,Yes,No,No,Month-to-month,No,Electronic check,60.61,4392.93,No
CUST-01603,Male,0,No,No,4,Yes,No,DSL,Yes,No,No,No,Yes,No,Month-to-month,Yes,Bank transfer (automatic),90.28,379.18,Yes
CUST-01604,Female,0,Yes,Yes,29,Yes,No,No,No internet service,No internet service,No internet service,No internet service,No internet service,No internet service,Two year,Yes,Mailed check,18.25,488.91,Yes
CUST-01605,Female,0,No,No,33,Yes,Yes,Fiber optic,No,Yes,Yes,Yes,Yes,No,Month-to-month,Yes,Electronic check,75.82,2524.3,Yes
CUST-01606,Male,0,No,No,25,Yes,No,DSL,No,No,No,No,No,No,Month-to-month,Yes,Electronic check,61.5,1519.85,No
CUST-01607,Female,1,No,No,16,Yes,No,Fiber optic,Yes,No,Yes,No,Yes,No,Month-to-month,No,Mailed check,76.66,1147.14,No
CUST-01608,Male,1,Yes,No,39,Yes,No,DSL,No,No,Yes,No,Yes,Yes,Month-to-month,No,Credit card (automatic),85.5,3311.96,No
CUST-01609,Female,0,No,No,1,Yes,Yes,Fiber optic,Yes,No,Yes,No,No,No,Month-to-month,Yes,Mailed check,33.25,26.58,Yes
CUST-01610,Female,0,No,No,54,Yes,Yes,Fiber optic,No,No,Yes,No,No,No,One year,No,Credit card (automatic),93.96,5117.71,No
CUST-01611,Male,0,Yes,No,49,Yes,No,No,No internet service,No internet service,No internet service,No internet service,No internet service,No internet service,Month-to-month,No,Bank transfer (automatic),78.01,3832.21,No
CUST-01612,Female,0,Yes,No,56,Yes,No,No,No internet service,No internet service,No internet service,No internet service,No internet service,No internet service,Month-to-month,No,Credit card (automatic),86.0,4810.61,No
CUST-01613,Male,1,No,Yes,59,Yes,Yes,DSL,Yes,Yes,Yes,No,No,No,Month-to-month,No,Credit card (automatic),87.58,5162.8,No
CUST-01614,Male,0,Yes,Yes,64,Yes,No,Fiber optic,No,No,Yes,No,No,Yes,Month-to-month,Yes,Credit card (automatic),77.94,5031.31,No
CUST-01615,Female,0,Yes,No,11,Yes,Yes,DSL,Yes,Yes,No,Yes,No,No,Month-to-month,Yes,Electronic check,77.4,806.66,No
CUST-01616,Female,0,Yes,No,61,Yes,No,No,No internet service,No internet service,No internet service,No internet service,No internet service,No internet service,Month-to-month,Yes,Electronic check,113.95,6957.85,No
CUST-01617,Male,0,No,No,41,Yes,Yes,Fiber optic,No,No,No,Yes,No,Yes,Month-to-month,No,Bank transfer (automatic),33.25,1415.29,No
CUST-01618,Male,1,No,No,9,Yes,No,No,No internet service,No internet service,No internet service,No internet service,No internet service,No internet service,One year,No,Electronic check,113.63,1028.26,No
CUST-01619,Female,0,No,Yes,71,Yes,Yes,No,No internet service,No internet service,No internet service,No internet service,No internet service,No internet service,One year,Yes,Bank transfer (automatic),118.75,8423.6,No
CUST-01620,Male,0,No,No,59,Yes,No,DSL,No,No,Yes,No,No,Yes,Two year,No,Electronic check,96.27,5671.97,No
CUST-01621,Female,0,Yes,No,20,Yes,No,DSL,No,No,Yes,Yes,No,Yes,Month-to-month,Yes,Mailed check,66.61,1248.06,Yes
CUST-01622,Female,1,Yes,Yes,65,Yes,Yes,Fiber optic,No,Yes,Yes,No,Yes,Yes,One year,Yes,Bank transfer (automatic),82.41,5365.48,No
CUST-01623,Male,0,Yes,No,53,Yes,Yes,DSL,No,No,No,No,Yes,No,Two year,No,Bank transfer (automatic),101.11,5303.51,No
CUST-01624,Female,0,Yes,No,33,No,No phone service,DSL,No,Yes,No,No,Yes,Yes,Two year,Yes,Mailed check,93.78,3099.29,No
CUST-01625,Male,1,Yes,No,12,Yes,Yes,Fiber optic,Yes,Yes,No,No,No,No,Month-to-month,Yes,Bank transfer (automatic),96.4,1131.22,Yes
CUST-01626,Male,0,No,No,53,Yes,Yes,Fiber optic,Yes,Yes,No,Yes,No,Yes,One year,Yes,Mailed check,51.67,2827.34,No
CUST-01627,Male,1,Yes,No,68,Yes,No,Fiber optic,Yes,Yes,No,Yes,No,No,Month-to-month,Yes,Mailed check,125.0,8486.36,No
CUST-01628,Male,0,Yes,Yes,14,Yes,Yes,DSL,No,No,No,No,No,Yes,Month-to-month,No,Electronic check,92.91,1201.83,Yes
CUST-01629,Female,0,Yes,No,1,Yes,No,DSL,No,No,Yes,No,Yes,No,One year,No,Electronic check,83.95,80.97,Yes
CUST-01630,Female,0,Yes,Yes,17,Yes,No,DSL,Yes,No,No,Yes,No,No,Two year,Yes,Electronic check,102.17,1674.0,Yes
CUST-01631,Male,0,Yes,No,22,Yes,Yes,Fiber optic,Yes,No,No,Yes,Yes,Yes,Month-to-month,No,Credit card (automatic),82.15,1826.15,No
CUST-01632,Male,0,Yes,No,28,Yes,Yes,Fiber optic,No,No,Yes,Yes,Yes,Yes,Two year,Yes,Electronic check,93.77,2666.36,No
CUST-01633,Female,0,Yes,No,71,Yes,Yes,Fiber optic,Yes,No,Yes,No,Yes,No,One year,Yes,Mailed check,66.8,4699.86,No
CUST-01634,Male,0,No,No,70,Yes,No,No,No internet service,No internet service,No internet service,No internet service,No internet service,No internet service,Month-to-month,No,Electronic check,67.17,4716.49,No
CUST-01635,Female,0,No,No,49,Yes,Yes,No,No internet service,No internet service,No internet service,No internet service,No internet service,No internet service,Month-to-month,No,Bank transfer (automatic),91.38,4488.85,No
CUST-01636,Male,0,No,No,16,Yes,No,DSL,No,No,No,No,No,No,One year,Yes,Electronic check,72.93,,No
CUST-01637,Female,0,No,No,16,Yes,No,No,No internet service,No internet service,No internet service,No internet service,No internet service,No internet service,Two year,Yes,Bank transfer (automatic),75.47,1185.62,No
CUST-01638,Male,0,No,Yes,6,Yes,No,DSL,No,Yes,No,No,No,No,Month-to-month,Yes,Bank transfer (automatic),66.98,464.9,Yes
CUST-01639,Female,1,No,Yes,57,Yes,Yes,Fiber optic,No,No,Yes,Yes,No,No,Month-to-month,No,Electronic check,33.25,1887.76,No
CUST-01640,Female,1,No,No,16,Yes,Yes,DSL,No,Yes,No,No,Yes,No,Month-to-month,Yes,Electronic check,112.01,1777.27,Yes
CUST-01641,Male,0,No,No,65,No,No phone service,DSL,Yes,Yes,No,No,Yes,Yes,Month-to-month,No,Credit card (automatic),48.74,3175.61,No
CUST-01642,Female,0,Yes,Yes,44,Yes,No,No,No internet service,No internet service,No internet service,No internet service,No internet service,No internet service,Month-to-month,No,Electronic check,99.92,4382.54,No
CUST-01643,Female,0,Yes,No,36,Yes,No,Fiber optic,No,Yes,No,Yes,No,Yes,Two year,No,Credit card (automatic),82.86,2975.89,No
CUST-01644,Male,0,Yes,Yes,67,Yes,Yes,Fiber optic,Yes,Yes,No,Yes,No,No,One year,No,Bank transfer (automatic),95.62,6427.81,No
CUST-01645,Female,0,Yes,No,12,Yes,No,No,No internet service,No internet service,No internet service,No internet service,No internet service,No internet service,Two year,Yes,Electronic check,63.97,774.87,Yes
CUST-01646,Female,0,No,No,34,Yes,Yes,DSL,Yes,No,No,No,No,No,Month-to-month,Yes,Credit card (automatic),61.95,2226.1,No
CUST-01647,Female,0,Yes,Yes,19,Yes,No,DSL,No,No,Yes,No,No,Yes,Two year,Yes,Electronic check,41.14,855.61,Yes
CUST-01648,Male,0,No,Yes,14,Yes,No,Fiber optic,No,Yes,Yes,No,No,No,Month-to-month,Yes,Mailed check,124.45,1744.84,No
CUST-01649,Male,0,No,No,68,Yes,Yes,Fiber optic,Yes,Yes,No,Yes,No,Yes,Two year,Yes,Electronic check,104.89,7145.83,No
CUST-01650,Male,0,No,No,44,Yes,No,Fiber optic,Yes,No,No,No,No,No,Month-to-month,Yes,Mailed check,99.42,4325.65,No
CUST-01651,Female,0,Yes,No,12,Yes,No,Fiber optic,No,No,No,Yes,No,Yes,Month-to-month,No,Bank transfer (automatic),108.27,1271.98,Yes
CUST-01652,Female,0,Yes,Yes,8,Yes,Yes,Fiber optic,Yes,No,No,No,Yes,Yes,Two year,Yes,Electronic check,95.28,761.84,Yes
CUST-01653,Female,0,Yes,No,23,Yes,Yes,Fiber optic,Yes,No,No,No,No,No,Two year,No,Credit card (automatic),48.26,1156.82,No
CUST-01654,Male,0,No,No,61,Yes,No,Fiber optic,Yes,Yes,Yes,No,No,No,One year,No,Electronic check,100.43,6142.65,No
CUST-01655,Female,0,No,No,11,Yes,No,DSL,No,Yes,Yes,Yes,No,No,Two year,No,Electronic check,57.9,648.27,No
CUST-01656,Female,0,No,No,54,Yes,Yes,DSL,No,No,No,Yes,Yes,Yes,Month-to-month,No,Bank transfer (automatic),89.01,4790.22,No
CUST-01657,Male,0,No,Yes,8,Yes,Yes,Fiber optic,No,No,Yes,No,No,No,Two year,No,Electronic check,63.28,450.37,No
CUST-01658,Male,0,No,No,25,Yes,No,No,No internet service,No internet service,No internet service,No internet service,No internet service,No internet service,Month-to-month,Yes,Credit card (automatic),21.25,500.38,No
CUST-01659,Male,0,No,No,38,Yes,Yes,Fiber optic,No,Yes,Yes,No,No,No,Two year,Yes,Credit card (automatic),68.68,2585.27,No
CUST-01660,Female,0,Yes,No,10,No,No phone service,DSL,No,Yes,No,Yes,No,No,Month-to-month,Yes,Electronic check,59.03,617.1,Yes
CUST-01661,Male,0,Yes,No,29,Yes,No,Fiber optic,No,No,No,Yes,No,No,Two year,Yes,Mailed check,124.49,3680.2,Yes
CUST-01662,Male,0,Yes,Yes,20,Yes,No,DSL,No,No,Yes,Yes,Yes,Yes,One year,No,Bank transfer (automatic),93.02,1822.09,No
CUST-01663,Female,0,No,Yes,4,Yes,Yes,Fiber optic,No,Yes,Yes,Yes,Yes,No,Month-to-month,Yes,Electronic check,125.0,506.72,Yes
CUST-01664,Male,1,No,Yes,1,Yes,Yes,Fiber optic,Yes,Yes,Yes,Yes,No,No,Month-to-month,No,Credit card (automatic),88.19,167.12,Yes
CUST-01665,Male,0,No,No,11,Yes,Yes,Fiber optic,No,No,No,No,Yes,No,One year,Yes,Electronic check,79.32,864.84,No
CUST-01666,Female,0,No,Yes,54,Yes,Yes,DSL,No,Yes,Yes,No,No,Yes,Month-to-month,No,Electronic check,69.26,3779.23,No
CUST-01667,Male,1,No,Yes,3,Yes,No,No,No internet service,No internet service,No internet service,No internet service,No internet service,No internet service,Two year,No,Credit card (automatic),70.87,153.25,No
CUST-01668,Male,0,Yes,Yes,37,Yes,Yes,DSL,Yes,Yes,No,Yes,Yes,No,Two year,No,Electronic check,74.17,2836.19,No
CUST-01669,Male,0,Yes,Yes,2,Yes,Yes,DSL,Yes,Yes,Yes,No,Yes,No,Month-to-month,No,Mailed check,53.95,78.66,Yes
CUST-01670,Male,0,No,No,16,Yes,No,Fiber optic,Yes,No,Yes,Yes,No,Yes,One year,No,Mailed check,76.62,1189.96,No
CUST-01671,Male,0,No,No,13,Yes,No,Fiber optic,Yes,No,Yes,No,No,No,Two year,Yes,Electronic check,65.2,928.62,No
CUST-01672,Male,0,No,No,25,No,No phone service,Fiber optic,No,No,No,Yes,No,No,Month-to-month,No,Credit card (automatic),86.36,2201.4,Yes
CUST-01673,Female,1,Yes,No,54,Yes,Yes,Fiber optic,No,No,No,No,No,No,Two year,Yes,Mailed check,125.0,6713.75,No
CUST-01674,Male,1,No,No,31,Yes,No,Fiber optic,Yes,Yes,No,No,No,No,Month-to-month,Yes,Bank transfer (automatic),121.76,3794.92,No
CUST-01675,Male,0,No,No,2,Yes,No,Fiber optic,No,No,No,No,No,No,One year,No,Bank transfer (automatic),125.0,276.0,Yes
CUST-01676,Male,0,No,Yes,11,Yes,No,DSL,No,Yes,No,No,No,Yes,Month-to-month,Yes,Credit card (automatic),78.87,814.15,Yes
CUST-01677,Female,0,Yes,Yes,22,Yes,Yes,DSL,No,Yes,No,No,Yes,No,Month-to-month,No,Bank transfer (automatic),113.67,2451.79,No
CUST-01678,Female,0,No,No,21,Yes,Yes,Fiber optic,No,Yes,No,No,No,No,Month-to-month,No,Electronic check,78.66,1695.07,No
CUST-01679,Male,0,No,No,41,Yes,Yes,Fiber optic,No,Yes,Yes,Yes,Yes,No,Two year,No,Bank transfer (automatic),99.84,4123.22,No
CUST-01680,Male,0,No,No,26,Yes,No,Fiber optic,Yes,No,No,Yes,Yes,No,One year,No,Mailed check,76.84,1947.01,No
CUST-01681,Male,0,No,Yes,54,Yes,Yes,No,No internet service,No internet service,No internet service,No internet service,No internet service,No internet service,Two year,No,Credit card (automatic),118.75,6407.89,No
CUST-01682,Female,0,No,Yes,19,Yes,No,Fiber optic,No,Yes,Yes,No,No,No,One year,Yes,Credit card (automatic),81.72,1585.66,Yes
CUST-01683,Female,0,No,Yes,49,Yes,No,Fiber optic,No,No,No,Yes,No,No,One year,No,Credit card (automatic),65.32,3207.81,No
CUST-01684,Male,0,No,No,8,Yes,No,No,No internet service,No internet service,No internet service,No internet service,No internet service,No internet service,Two year,Yes,Bank transfer (automatic),80.36,628.92,Yes
CUST-01685,Female,0,Yes,No,72,Yes,No,DSL,No,No,Yes,No,No,No,Month-to-month,Yes,Bank transfer (automatic),60.64,4331.97,No
CUST-01686,Male,1,Yes,Yes,72,Yes,No,Fiber optic,No,No,Yes,No,No,No,Two year,Yes,Mailed check,125.0,9023.12,No
CUST-01687,Female,0,Yes,Yes,20,Yes,Yes,Fiber optic,No,Yes,Yes,No,No,No,Two year,No,Credit card (automatic),94.4,1884.47,No
CUST-01688,Female,0,No,Yes,17,Yes,No,Fiber optic,No,No,Yes,Yes,No,Yes,One year,Yes,Electronic check,125.0,2120.1,Yes
CUST-01689,Male,0,Yes,Yes,1,Yes,Yes,No,No internet service,No internet service,No internet service,No internet service,No internet service,No internet service,One year,Yes,Mailed check,79.26,84.21,Yes
CUST-01690,Female,0,Yes,No,71,Yes,Yes,Fiber optic,Yes,No,No,Yes,No,No,Month-to-month,Yes,Credit card (automatic),94.35,6739.79,No
CUST-01691,Male,1,No,No,3,Yes,No,No,No internet service,No internet service,No internet service,No internet service,No internet service,No internet service,Two year,Yes,Credit card (automatic),80.32,151.93,No
CUST-01692,Male,1,No,No,1,Yes,No,DSL,Yes,Yes,No,No,Yes,Yes,Month-to-month,Yes,Credit card (automatic),83.22,60.33,No
CUST-01693,Male,0,Yes,No,8,Yes,Yes,No,No internet service,No internet service,No internet service,No internet service,No internet service,No internet service,Month-to-month,Yes,Electronic check,95.14,776.1,Yes
CUST-01694,Female,0,Yes,No,22,Yes,Yes,DSL,No,No,Yes,Yes,No,No,Month-to-month,Yes,Bank transfer (automatic),90.23,1994.01,No
CUST-01695,Female,0,No,No,71,Yes,Yes,DSL,No,No,No,No,No,Yes,Month-to-month,Yes,Bank transfer (automatic),52.81,3837.83,No
CUST-01696,Male,0,Yes,No,12,Yes,No,DSL,No,No,No,Yes,Yes,No,Month-to-month,Yes,Electronic check,76.67,935.17,Yes
CUST-01697,Female,0,Yes,No,42,Yes,No,Fiber optic,No,No,Yes,No,Yes,No,One year,Yes,Electronic check,76.1,3252.92,No
CUST-01698,Female,0,Yes,No,47,No,No phone service,DSL,Yes,No,No,No,Yes,No,Month-to-month,No,Electronic check,60.67,2889.41,No
CUST-01699,Female,0,Yes,Yes,58,Yes,No,DSL,No,No,No,Yes,Yes,No,Two year,Yes,Mailed check,25.15,1509.64,No
CUST-01700,Male,0,No,Yes,51,Yes,No,Fiber optic,No,No,Yes,No,No,No,Month-to-month,Yes,Bank transfer (automatic),46.8,2378.22,No
CUST-01701,Female,0,Yes,No,71,Yes,Yes,Fiber optic,No,No,No,Yes,No,Yes,Month-to-month,Yes,Bank transfer (automatic),76.69,5395.1,No
CUST-01702,Female,0,No,No,48,Yes,No,Fiber optic,No,Yes,No,Yes,Yes,Yes,Month-to-month,Yes,Electronic check,77.75,3820.15,No
CUST-01703,Male,0,Yes,Yes,61,No,No phone service,Fiber optic,No,No,No,Yes,No,No,Month-to-month,Yes,Mailed check,125.0,7628.72,No
CUST-01704,Female,0,Yes,No,24,Yes,No,No,No internet service,No internet service,No internet service,No internet service,No internet service,No internet service,Month-to-month,No,Mailed check,57.69,1377.18,No
CUST-01705,Male,0,Yes,No,30,Yes,No,Fiber optic,Yes,No,Yes,Yes,Yes,No,Two year,Yes,Mailed check,38.96,1122.04,No
CUST-01706,Male,0,No,No,54,Yes,Yes,Fiber optic,No,Yes,Yes,Yes,No,Yes,Two year,No,Credit card (automatic),45.57,2491.02,No
CUST-01707,Male,0,Yes,No,64,Yes,No,No,No internet service,No internet service,No internet service,No internet service,No internet service,No internet service,Month-to-month,No,Credit card (automatic),71.57,4457.89,No
CUST-01708,Male,0,Yes,Yes,1,Yes,No,No,No internet service,No internet service,No internet service,No internet service,No internet service,No internet service,Month-to-month,Yes,Electronic check,98.33,27.01,Yes
CUST-01709,Female,0,Yes,No,32,Yes,No,Fiber optic,Yes,No,No,Yes,No,Yes,One year,No,Electronic check,112.85,3534.58,No
CUST-01710,Female,1,No,Yes,58,Yes,No,DSL,No,No,No,Yes,Yes,No,One year,Yes,Credit card (automatic),66.17,3784.51,No
CUST-01711,Female,0,Yes,No,9,Yes,No,DSL,No,No,No,No,No,No,Two year,No,Bank transfer (automatic),118.75,1053.87,No
CUST-01712,Female,0,No,No,26,Yes,Yes,Fiber optic,Yes,No,No,No,Yes,No,Two year,Yes,Bank transfer (automatic),67.87,1795.26,Yes
CUST-01713,Male,0,No,Yes,40,Yes,No,No,No internet service,No internet service,No internet service,No internet service,No internet service,No internet service,Month-to-month,No,Mailed check,38.23,1518.07,No
CUST-01714,Male,0,No,No,6,No,No phone service,DSL,Yes,Yes,No,No,No,Yes,Two year,No,Electronic check,58.71,395.41,No
CUST-01715,Male,0,No,No,66,Yes,No,Fiber optic,Yes,No,No,Yes,No,Yes,Month-to-month,Yes,Mailed check,51.39,3492.74,No
CUST-01716,Male,0,Yes,No,27,Yes,No,DSL,Yes,No,No,No,Yes,No,Two year,Yes,Electronic check,59.04,1605.4,No
CUST-01717,Male,0,No,No,57,Yes,No,Fiber optic,Yes,No,Yes,No,No,No,One year,No,Electronic check,75.35,4341.87,No
CUST-01718,Female,0,No,Yes,31,Yes,No,No,No internet service,No internet service,No internet service,No internet service,No internet service,No internet service,Month-to-month,No,Mailed check,121.75,3810.8,No
CUST-01719,Female,0,Yes,No,29,Yes,No,No,No internet service,No internet service,No internet service,No internet service,No internet service,No internet service,One year,Yes,Mailed check,40.58,1195.55,No
CUST-01720,Male,0,No,Yes,70,No,No phone service,No,No internet service,No internet service,No internet service,No internet service,No internet service,No internet service,Month-to-month,No,Mailed check,121.75,8464.8,No
CUST-01721,Female,0,Yes,Yes,62,Yes,Yes,Fiber optic,No,Yes,No,No,No,Yes,One year,Yes,Bank transfer (automatic),93.36,5788.56,No
CUST-01722,Male,0,No,No,38,Yes,Yes,Fiber optic,Yes,No,Yes,No,No,No,Month-to-month,No,Bank transfer (automatic),125.0,4711.02,Yes
CUST-01723,Male,0,No,No,34,Yes,No,No,No internet service,No internet service,No internet service,No internet service,No internet service,No internet service,Month-to-month,Yes,Bank transfer (automatic),100.32,3430.34,No
CUST-01724,Male,0,No,No,57,Yes,No,Fiber optic,No,No,No,No,No,No,Month-to-month,Yes,Mailed check,69.38,3972.07,No
CUST-01725,Male,0,Yes,No,50,Yes,No,No,No internet service,No internet service,No internet service,No internet service,No internet service,No internet service,Month-to-month,Yes,Bank transfer (automatic),64.19,3189.62,No
CUST-01726,Male,0,No,No,71,Yes,Yes,DSL,Yes,No,Yes,Yes,No,Yes,Two year,No,Credit card (automatic),66.41,4747.27,No
CUST-01727,Male,0,No,No,24,Yes,Yes,DSL,No,Yes,Yes,No,Yes,No,One year,No,Credit card (automatic),60.16,1428.52,No
CUST-01728,Male,0,Yes,Yes,9,Yes,Yes,DSL,No,Yes,No,No,Yes,Yes,Month-to-month,No,Electronic check,121.75,1112.58,Yes
CUST-01729,Female,0,No,No,15,Yes,Yes,No,No internet service,No internet service,No internet service,No internet service,No internet service,No internet service,One year,Yes,Bank transfer (automatic),59.93,846.33,No
CUST-01730,Female,0,No,No,38,Yes,No,DSL,No,No,No,No,Yes,No,One year,No,Electronic check,18.25,623.29,No
CUST-01731,Male,0,No,No,23,Yes,No,No,No internet service,No internet service,No internet service,No internet service,No internet service,No internet service,Month-to-month,Yes,Mailed check,66.47,1596.38,No
CUST-01732,Male,0,No,No,59,Yes,No,Fiber optic,No,Yes,Yes,No,No,Yes,Month-to-month,Yes,Mailed check,78.61,4687.49,No
CUST-01733,Male,0,Yes,No,64,Yes,Yes,Fiber optic,No,No,No,No,Yes,Yes,Month-to-month,Yes,Electronic check,78.15,5024.75,No
CUST-01734,Male,1,Yes,No,14,Yes,Yes,Fiber optic,No,No,No,No,No,No,Month-to-month,No,Mailed check,87.56,1187.98,No
CUST-01735,Male,0,Yes,No,72,No,No phone service,Fiber optic,Yes,No,No,No,No,Yes,Month-to-month,Yes,Electronic check,93.51,6690.85,No
CUST-01736,Male,0,Yes,No,46,Yes,Yes,DSL,Yes,No,No,No,Yes,Yes,Two year,No,Electronic check,116.25,5288.13,No
CUST-01737,Male,0,Yes,No,20,Yes,No,Fiber optic,No,No,No,No,No,No,Month-to-month,Yes,Mailed check,101.81,2030.23,No
CUST-01738,Female,0,No,No,15,Yes,No,No,No internet service,No internet service,No internet service,No internet service,No internet service,No internet service,Month-to-month,Yes,Bank transfer (automatic),21.25,337.87,No
CUST-01739,Female,0,Yes,No,12,Yes,Yes,DSL,No,Yes,No,No,Yes,Yes,Month-to-month,Yes,Credit card (automatic),39.69,455.53,No
CUST-01740,Female,0,No,Yes,34,Yes,No,DSL,No,No,No,No,No,No,Month-to-month,No,Bank transfer (automatic),62.96,2209.73,No
CUST-01741,Female,0,Yes,No,6,Yes,No,No,No internet service,No internet service,No internet service,No internet service,No internet service,No internet service,Month-to-month,No,Bank transfer (automatic),93.85,464.57,No
CUST-01742,Male,1,Yes,No,10,Yes,Yes,DSL,No,Yes,No,No,No,Yes,Two year,No,Bank transfer (automatic),80.45,841.34,Yes
CUST-01743,Female,0,No,Yes,55,Yes,No,DSL,No,No,No,No,Yes,No,Month-to-month,Yes,Electronic check,41.81,2294.15,No
CUST-01744,Female,0,No,Yes,36,Yes,Yes,No,No internet service,No internet service,No internet service,No internet service,No internet service,No internet service,Month-to-month,Yes,Mailed check,92.54,3334.68,No
CUST-01745,Female,0,Yes,No,39,Yes,Yes,Fiber optic,No,No,No,No,Yes,Yes,Two year,Yes,Mailed check,100.26,3780.81,Yes
CUST-01746,Male,1,No,Yes,24,Yes,Yes,DSL,No,No,No,No,No,Yes,Month-to-month,No,Mailed check,105.9,2508.46,No
CUST-01747,Male,1,No,No,41,Yes,No,No,No internet service,No internet service,No internet service,No internet service,No internet service,No internet service,One year,Yes,Credit card (automatic),55.73,2230.6,No
CUST-01748,Female,0,Yes,Yes,25,Yes,No,Fiber optic,Yes,No,Yes,No,No,Yes,Month-to-month,No,Mailed check,106.65,2724.64,Yes
CUST-01749,Male,1,No,Yes,4,Yes,No,DSL,No,No,No,No,No,No,Month-to-month,Yes,Electronic check,81.23,296.97,Yes
CUST-01750,Male,1,No,Yes,41,Yes,No,Fiber optic,No,No,No,No,No,No,Month-to-month,No,Electronic check,39.32,1526.45,Yes
CUST-01751,Male,0,Yes,No,6,Yes,Yes,No,No internet service,No internet service,No internet service,No internet service,No internet service,No internet service,Month-to-month,No,Credit card (automatic),98.34,604.45,Yes
CUST-01752,Male,1,No,No,50,No,No phone service,Fiber optic,No,No,No,No,No,No,Two year,Yes,Credit card (automatic),84.14,4251.09,Yes
CUST-01753,Male,0,No,No,66,Yes,No,Fiber optic,Yes,No,No,No,Yes,No,One year,Yes,Credit card (automatic),101.22,6710.75,No
CUST-01754,Female,0,Yes,No,49,Yes,No,Fiber optic,No,No,Yes,No,No,No,Two year,No,Bank transfer (automatic),30.25,1480.33,No
CUST-01755,Male,0,No,No,42,Yes,No,DSL,No,No,No,No,No,No,Two year,No,Bank transfer (automatic),65.65,2791.08,No
CUST-01756,Female,0,Yes,Yes,70,Yes,Yes,Fiber optic,Yes,Yes,Yes,No,No,Yes,Month-to-month,Yes,Mailed check,66.41,4603.44,No
CUST-01757,Female,0,Yes,Yes,16,Yes,No,DSL,No,No,No,No,No,No,One year,Yes,Bank transfer (automatic),105.77,1705.4,Yes
CUST-01758,Male,0,Yes,No,56,Yes,No,No,No internet service,No internet service,No internet service,No internet service,No internet service,No internet service,Two year,Yes,Mailed check,62.27,3507.97,Yes
CUST-01759,Male,1,Yes,Yes,15,Yes,No,DSL,Yes,No,No,No,No,No,Month-to-month,No,Bank transfer (automatic),74.65,1119.81,Yes
CUST-01760,Male,0,Yes,No,1,Yes,No,DSL,Yes,Yes,No,No,Yes,No,Month-to-month,No,Electronic check,67.0,49.32,No
CUST-01761,Female,1,Yes,No,18,Yes,No,DSL,No,No,No,Yes,No,Yes,Two year,Yes,Bank transfer (automatic),81.76,1428.96,Yes
CUST-01762,Female,0,No,No,37,Yes,Yes,No,No internet service,No internet service,No internet service,No internet service,No internet service,No internet service,One year,Yes,Electronic check,71.06,2601.25,No
CUST-01763,Female,0,Yes,No,5,Yes,Yes,Fiber optic,Yes,No,No,No,No,Yes,Month-to-month,Yes,Bank transfer (automatic),68.91,393.24,Yes
CUST-01764,Male,0,Yes,No,21,Yes,Yes,Fiber optic,No,No,No,No,No,No,One year,Yes,Credit card (automatic),97.19,2007.87,No
CUST-01765,Male,0,No,No,4,Yes,Yes,Fiber optic,Yes,Yes,No,No,No,Yes,Month-to-month,Yes,Bank transfer (automatic),84.85,322.88,Yes
CUST-01766,Male,0,Yes,No,18,Yes,Yes,Fiber optic,Yes,No,No,Yes,No,No,Month-to-month,Yes,Mailed check,72.18,1328.86,Yes
CUST-01767,Male,0,No,No,52,Yes,No,No,No internet service,No internet service,No internet service,No internet service,No internet service,No internet service,One year,No,Electronic check,58.3,2970.09,No
CUST-01768,Female,0,No,No,11,Yes,Yes,Fiber optic,No,No,No,No,No,No,Two year,Yes,Credit card (automatic),107.18,1141.07,No
CUST-01769,Female,0,Yes,No,19,Yes,Yes,DSL,Yes,Yes,No,No,No,Yes,Month-to-month,Yes,Electronic check,83.62,1505.66,No
CUST-01770,Female,0,Yes,No,10,Yes,No,No,No internet service,No internet service,No internet service,No internet service,No internet service,No internet service,Month-to-month,No,Electronic check,33.01,424.77,No
CUST-01771,Female,1,No,No,28,No,No phone service,Fiber optic,Yes,Yes,No,No,Yes,No,Two year,No,Credit card (automatic),81.0,2252.88,No
CUST-01772,Female,0,Yes,No,55,Yes,Yes,Fiber optic,No,Yes,Yes,Yes,No,No,One year,Yes,Bank transfer (automatic),125.0,6902.19,No
CUST-01773,Female,0,No,Yes,39,Yes,No,DSL,No,No,No,No,No,No,One year,No,Electronic check,50.68,2074.97,No
CUST-01774,Female,0,No,No,15,Yes,No,No,No internet service,No internet service,No internet service,No internet service,No internet service,No internet service,Month-to-month,Yes,Mailed check,77.39,1099.57,No
CUST-01775,Male,1,No,No,24,Yes,No,No,No internet service,No internet service,No internet service,No internet service,No internet service,No internet service,Month-to-month,Yes,Bank transfer (automatic),44.79,1069.61,No
CUST-01776,Female,0,Yes,No,49,Yes,No,Fiber optic,No,Yes,No,No,No,No,One year,No,Credit card (automatic),70.44,3424.69,No
CUST-01777,Female,0,No,Yes,35,Yes,No,DSL,No,No,No,Yes,No,No,Two year,No,Credit card (automatic),64.6,2245.81,No
CUST-01778,Female,0,Yes,No,34,No,No phone service,DSL,No,No,No,No,Yes,No,Month-to-month,No,Mailed check,91.42,3109.97,No
CUST-01779,Female,0,No,No,63,Yes,No,DSL,No,No,Yes,No,No,Yes,One year,Yes,Credit card (automatic),54.33,3486.16,No
CUST-01780,Male,0,No,No,59,Yes,Yes,Fiber optic,Yes,Yes,No,No,No,No,Month-to-month,Yes,Credit card (automatic),125.0,7401.02,Yes
CUST-01781,Female,0,Yes,No,18,Yes,Yes,Fiber optic,Yes,No,Yes,No,Yes,No,One year,Yes,Electronic check,52.1,1012.08,No
CUST-01782,Female,0,Yes,No,51,Yes,No,Fiber optic,Yes,No,No,Yes,Yes,No,Two year,Yes,Credit card (automatic),91.26,4658.17,No
CUST-01783,Female,0,Yes,No,57,No,No phone service,DSL,Yes,No,Yes,No,No,No,Month-to-month,Yes,Mailed check,28.34,1589.86,No
CUST-01784,Male,0,No,Yes,65,Yes,Yes,DSL,No,Yes,No,Yes,No,Yes,Month-to-month,No,Electronic check,77.17,5066.37,No
CUST-01785,Male,1,Yes,No,20,Yes,Yes,No,No internet service,No internet service,No internet service,No internet service,No internet service,No internet service,Month-to-month,Yes,Credit card (automatic),105.64,2085.85,Yes
CUST-01786,Female,0,No,No,53,Yes,No,DSL,Yes,No,Yes,No,No,No,One year,No,Bank transfer (automatic),80.18,4253.09,No
CUST-01787,Female,0,No,No,14,Yes,No,No,No internet service,No internet service,No internet service,No internet service,No internet service,No internet service,Month-to-month,Yes,Credit card (automatic),36.87,541.55,No
CUST-01788,Female,0,Yes,No,33,Yes,No,Fiber optic,No,No,Yes,No,No,No,Month-to-month,No,Mailed check,125.0,4164.83,No
CUST-01789,Female,0,No,No,6,Yes,Yes,DSL,No,No,No,No,No,No,Month-to-month,Yes,Bank transfer (automatic),104.47,623.63,Yes
CUST-01790,Male,0,Yes,Yes,44,Yes,Yes,Fiber optic,No,No,Yes,No,No,Yes,Two year,Yes,Credit card (automatic),72.14,3207.44,No
CUST-01791,Male,0,Yes,No,50,Yes,Yes,No,No internet service,No internet service,No internet service,No internet service,No internet service,No internet service,Month-to-month,Yes,Bank transfer (automatic),76.34,3786.86,No
CUST-01792,Male,0,No,No,33,Yes,No,No,No internet service,No internet service,No internet service,No internet service,No internet service,No internet service,One year,No,Credit card (automatic),75.22,2467.22,No
CUST-01793,Female,0,Yes,No,30,Yes,No,DSL,Yes,No,No,No,No,Yes,One year,No,Credit card (automatic),23.65,732.96,No
CUST-01794,Female,0,No,No,18,Yes,No,DSL,No,No,Yes,No,Yes,No,Month-to-month,No,Bank transfer (automatic),51.2,922.35,Yes
CUST-01795,Female,0,No,No,56,Yes,No,Fiber optic,No,No,No,No,No,No,Two year,Yes,Credit card (automatic),82.67,4598.47,No
CUST-01796,Female,1,Yes,No,66,Yes,Yes,DSL,No,No,No,No,Yes,Yes,Month-to-month,No,Credit card (automatic),114.79,7615.14,No
CUST-01797,Male,0,No,No,10,Yes,Yes,DSL,Yes,No,No,No,Yes,No,Two year,Yes,Electronic check,50.2,511.41,Yes
CUST-01798,Female,0,Yes,No,20,Yes,Yes,No,No internet service,No internet service,No internet service,No internet service,No internet service,No internet service,Month-to-month,Yes,Mailed check,66.98,1272.73,No
CUST-01799,Female,0,No,No,44,Yes,No,Fiber optic,No,Yes,No,No,No,Yes,Month-to-month,Yes,Mailed check,112.79,4981.84,Yes
CUST-01800,Male,0,No,Yes,27,Yes,No,No,No internet service,No internet service,No internet service,No internet service,No internet service,No internet service,One year,Yes,Mailed check,90.14,2457.13,No
CUST-01801,Female,1,No,No,1,Yes,No,Fiber optic,Yes,Yes,No,No,Yes,No,Month-to-month,No,Mailed check,125.0,122.91,Yes
CUST-01802,Female,0,No,No,2,Yes,Yes,DSL,Yes,No,Yes,No,No,Yes,Month-to-month,Yes,Credit card (automatic),95.19,201.73,Yes
CUST-01803,Female,0,Yes,No,17,Yes,No,DSL,No,No,No,No,No,No,Month-to-month,No,Bank transfer (automatic),82.95,1463.42,No
CUST-01804,Female,0,No,Yes,70,Yes,Yes,Fiber optic,Yes,No,No,No,No,No,Two year,No,Credit card (automatic),92.19,6374.98,No
CUST-01805,Female,0,Yes,No,44,Yes,Yes,Fiber optic,No,Yes,Yes,No,No,No,Two year,Yes,Bank transfer (automatic),121.34,5378.19,No
CUST-01806,Female,1,No,No,19,Yes,Yes,Fiber optic,No,Yes,Yes,No,No,No,Month-to-month,No,Mailed check,66.3,1149.18,No
CUST-01807,Female,0,Yes,Yes,5,Yes,Yes,DSL,Yes,Yes,No,No,No,No,Two year,No,Bank transfer (automatic),92.96,432.01,No
CUST-01808,Female,0,Yes,No,55,Yes,Yes,Fiber optic,No,No,Yes,No,No,No,One year,No,Electronic check,69.03,3715.49,No
CUST-01809,Female,0,Yes,No,28,Yes,Yes,DSL,Yes,Yes,No,No,No,Yes,Month-to-month,Yes,Mailed check,62.2,1806.1,No
CUST-01810,Male,0,Yes,Yes,29,Yes,No,DSL,No,Yes,No,No,No,No,Month-to-month,No,Credit card (automatic),79.93,2303.79,No
CUST-01811,Female,0,Yes,No,41,Yes,No,No,No internet service,No internet service,No internet service,No internet service,No internet service,No internet service,One year,Yes,Credit card (automatic),70.34,2882.87,No
CUST-01812,Male,0,Yes,No,17,Yes,No,Fiber optic,No,No,Yes,Yes,No,No,Month-to-month,No,Electronic check,68.12,1144.23,No
CUST-01813,Male,0,No,No,53,Yes,No,No,No internet service,No internet service,No internet service,No internet service,No internet service,No internet service,One year,Yes,Credit card (automatic),65.41,3459.73,No
CUST-01814,Female,0,No,No,23,Yes,No,No,No internet service,No internet service,No internet service,No internet service,No internet service,No internet service,Month-to-month,Yes,Bank transfer (automatic),71.59,1640.46,No
CUST-01815,Male,0,Yes,No,51,Yes,No,Fiber optic,Yes,Yes,No,Yes,Yes,No,Two year,No,Electronic check,98.66,5071.69,No
CUST-01816,Female,0,No,No,38,Yes,Yes,DSL,Yes,No,No,Yes,No,No,Two year,No,Electronic check,70.57,2693.53,No
CUST-01817,Female,0,Yes,No,11,No,No phone service,Fiber optic,Yes,No,No,Yes,No,Yes,Month-to-month,Yes,Mailed check,97.59,1038.86,Yes
CUST-01818,Female,0,No,Yes,45,Yes,Yes,DSL,Yes,Yes,No,No,No,Yes,One year,Yes,Mailed check,81.03,3569.36,No
CUST-01819,Female,0,Yes,No,6,Yes,No,No,No internet service,No internet service,No internet service,No internet service,No internet service,No internet service,Month-to-month,No,Electronic check,55.89,389.45,No
CUST-01820,Female,0,No,No,52,No,No phone service,No,No internet service,No internet service,No internet service,No internet service,No internet service,No internet service,Two year,Yes,Electronic check,80.88,4226.98,No
CUST-01821,Female,1,Yes,No,28,Yes,Yes,Fiber optic,No,Yes,No,Yes,No,No,Two year,No,Mailed check,30.25,833.64,No
CUST-01822,Male,0,Yes,No,49,Yes,Yes,Fiber optic,Yes,Yes,No,No,No,Yes,One year,No,Credit card (automatic),125.0,6171.05,No
CUST-01823,Female,0,No,No,18,No,No phone service,DSL,No,No,No,No,No,No,Month-to-month,No,Credit card (automatic),121.75,2289.67,No
CUST-01824,Male,0,No,No,30,Yes,No,DSL,No,Yes,Yes,No,No,No,Month-to-month,Yes,Mailed check,79.1,2374.93,No
CUST-01825,Male,0,No,No,23,Yes,No,DSL,No,No,No,No,No,No,One year,Yes,Credit card (automatic),51.5,1244.87,No
CUST-01826,Male,0,Yes,Yes,19,Yes,Yes,No,No internet service,No internet service,No internet service,No internet service,No internet service,No internet service,Two year,Yes,Electronic check,84.86,1614.27,No
CUST-01827,Female,0,No,No,25,No,No phone service,DSL,No,Yes,No,Yes,Yes,Yes,Two year,Yes,Credit card (automatic),30.62,845.91,No
CUST-01828,Male,0,No,No,4,Yes,No,No,No internet service,No internet service,No internet service,No internet service,No internet service,No internet service,Two year,Yes,Mailed check,111.08,450.04,Yes
CUST-01829,Male,1,Yes,No,29,Yes,Yes,Fiber optic,Yes,No,No,Yes,No,Yes,Month-to-month,Yes,Electronic check,100.89,2906.96,No
CUST-01830,Male,0,Yes,No,9,Yes,Yes,Fiber optic,No,No,Yes,No,No,Yes,Month-to-month,Yes,Electronic check,64.08,637.51,Yes
CUST-01831,Female,0,Yes,Yes,38,No,No phone service,DSL,No,No,No,No,No,No,Two year,Yes,Electronic check,34.46,1315.74,No
CUST-01832,Male,0,Yes,Yes,7,Yes,No,DSL,No,Yes,No,No,No,No,Month-to-month,Yes,Electronic check,21.25,150.69,No
CUST-01833,Male,1,Yes,Yes,1,Yes,Yes,Fiber optic,No,Yes,Yes,Yes,Yes,No,One year,No,Mailed check,95.61,134.12,Yes
CUST-01834,Female,1,Yes,Yes,32,Yes,Yes,Fiber optic,Yes,Yes,No,Yes,Yes,Yes,Two year,Yes,Bank transfer (automatic),34.89,1112.87,No
CUST-01835,Female,0,No,No,22,Yes,Yes,Fiber optic,No,Yes,No,No,No,Yes,Month-to-month,No,Bank transfer (automatic),73.04,1528.34,No
CUST-01836,Female,0,No,No,64,Yes,No,DSL,No,No,No,No,Yes,Yes,Month-to-month,Yes,Mailed check,71.9,4586.34,No
CUST-01837,Male,0,No,Yes,20,Yes,Yes,DSL,No,No,No,Yes,No,Yes,Two year,No,Electronic check,54.11,1054.72,No
CUST-01838,Female,0,No,No,29,Yes,No,DSL,Yes,Yes,No,No,No,No,Two year,Yes,Bank transfer (automatic),28.85,797.79,No
CUST-01839,Female,0,Yes,Yes,18,Yes,No,Fiber optic,No,No,Yes,No,No,No,Month-to-month,No,Credit card (automatic),86.35,1601.75,Yes
CUST-01840,Male,0,No,Yes,65,Yes,Yes,Fiber optic,No,No,No,No,No,No,Two year,No,Credit card (automatic),82.73,5355.82,No
CUST-01841,Female,0,No,No,57,Yes,Yes,DSL,No,Yes,No,No,No,Yes,One year,Yes,Mailed check,65.98,3739.96,No
CUST-01842,Female,1,No,No,13,Yes,Yes,No,No internet service,No internet service,No internet service,No internet service,No internet service,No internet service,Month-to-month,No,Mailed check,121.75,1579.5,Yes
CUST-01843,Male,1,Yes,No,19,Yes,No,DSL,Yes,No,Yes,No,No,No,Month-to-month,Yes,Mailed check,121.75,2328.36,No
CUST-01844,Male,1,No,Yes,14,Yes,No,No,No internet service,No internet service,No internet service,No internet service,No internet service,No internet service,Two year,No,Mailed check,64.78,928.53,No
CUST-01845,Male,0,No,No,11,Yes,No,Fiber optic,Yes,No,No,No,Yes,No,Month-to-month,No,Mailed check,110.46,1222.55,Yes
CUST-01846,Male,0,No,Yes,18,Yes,No,Fiber optic,Yes,No,No,No,No,No,Month-to-month,No,Electronic check,71.03,1285.56,Yes
CUST-01847,Female,0,No,No,62,Yes,No,DSL,No,No,No,No,No,Yes,Month-to-month,No,Electronic check,28.29,1701.99,No
CUST-01848,Male,0,No,No,34,Yes,No,Fiber optic,No,No,No,No,No,No,Month-to-month,Yes,Credit card (automatic),96.61,3307.02,Yes
CUST-01849,Male,0,No,No,28,Yes,Yes,Fiber optic,No,Yes,No,No,No,Yes,Month-to-month,No,Mailed check,43.13,1163.77,Yes
CUST-01850,Female,1,No,No,14,Yes,No,DSL,Yes,No,No,Yes,No,No,One year,Yes,Electronic check,102.77,1490.29,Yes
CUST-01851,Female,0,No,No,14,Yes,No,DSL,No,Yes,Yes,No,Yes,No,One year,No,Mailed check,68.41,945.51,No
CUST-01852,Female,0,No,No,40,No,No phone service,Fiber optic,No,No,No,Yes,Yes,Yes,Month-to-month,Yes,Bank transfer (automatic),75.66,2967.92,No
CUST-01853,Female,0,Yes,Yes,55,Yes,No,Fiber optic,No,No,No,No,No,No,One year,Yes,Electronic check,52.02,2871.31,No
CUST-01854,Female,0,No,No,41,No,No phone service,Fiber optic,No,Yes,Yes,Yes,No,No,Month-to-month,Yes,Credit card (automatic),84.64,3505.11,No
CUST-01855,Female,0,Yes,No,48,Yes,No,DSL,No,No,No,Yes,Yes,No,Month-to-month,Yes,Electronic check,61.32,2928.28,No
CUST-01856,Male,0,Yes,Yes,19,Yes,No,DSL,Yes,Yes,No,Yes,Yes,No,One year,Yes,Mailed check,22.05,448.0,No
CUST-01857,Female,0,Yes,Yes,69,Yes,No,Fiber optic,No,Yes,No,No,Yes,Yes,One year,No,Electronic check,75.1,5245.89,No
CUST-01858,Male,0,No,No,60,Yes,Yes,DSL,Yes,No,Yes,No,Yes,No,One year,No,Credit card (automatic),69.61,4191.52,No
CUST-01859,Male,0,Yes,Yes,64,No,No phone service,DSL,No,No,Yes,No,No,No,One year,Yes,Electronic check,84.13,5326.25,No
CUST-01860,Male,0,Yes,No,49,Yes,No,DSL,No,Yes,No,No,No,Yes,Month-to-month,No,Bank transfer (automatic),57.2,2801.75,No
CUST-01861,Male,0,Yes,No,50,Yes,No,No,No internet service,No internet service,No internet service,No internet service,No internet service,No internet service,Month-to-month,Yes,Electronic check,69.67,3461.55,No
CUST-01862,Female,0,No,No,6,Yes,No,Fiber optic,No,No,No,No,No,No,Month-to-month,Yes,Mailed check,71.23,340.16,No
CUST-01863,Male,0,No,No,12,Yes,Yes,Fiber optic,No,No,No,Yes,No,Yes,Month-to-month,Yes,Bank transfer (automatic),70.81,788.04,No
CUST-01864,Female,0,No,No,10,No,No phone service,Fiber optic,No,No,Yes,Yes,No,No,Month-to-month,Yes,Credit card (automatic),73.61,817.63,Yes
CUST-01865,Male,0,Yes,No,35,Yes,Yes,Fiber optic,No,No,No,No,Yes,No,Two year,Yes,Electronic check,89.68,3121.89,No
CUST-01866,Female,0,Yes,Yes,43,Yes,No,DSL,Yes,No,Yes,Yes,No,No,One year,Yes,Credit card (automatic),59.47,2548.39,No
CUST-01867,Female,0,No,Yes,9,Yes,No,DSL,No,No,No,No,No,No,Month-to-month,No,Electronic check,63.21,513.69,No
CUST-01868,Male,1,Yes,No,55,Yes,No,DSL,Yes,No,No,No,Yes,No,Two year,No,Electronic check,99.58,5567.27,No
CUST-01869,Female,0,No,No,40,Yes,No,No,No internet service,No internet service,No internet service,No internet service,No internet service,No internet service,Month-to-month,Yes,Credit card (automatic),74.07,2980.85,Yes
CUST-01870,Male,0,No,No,43,Yes,No,Fiber optic,No,No,No,No,Yes,No,One year,No,Electronic check,108.05,4630.75,No
CUST-01871,Female,1,No,Yes,67,Yes,Yes,No,No internet service,No internet service,No internet service,No internet service,No internet service,No internet service,Month-to-month,No,Credit card (automatic),25.93,1772.82,No
CUST-01872,Female,0,Yes,No,43,Yes,No,No,No internet service,No internet service,No internet service,No internet service,No internet service,No internet service,Month-to-month,No,Credit card (automatic),121.75,5293.62,No
CUST-01873,Male,0,Yes,No,1,Yes,Yes,DSL,Yes,No,Yes,Yes,No,No,One year,Yes,Bank transfer (automatic),79.09,0.0,Yes
CUST-01874,Male,0,No,Yes,56,No,No phone service,Fiber optic,Yes,No,Yes,Yes,No,No,Month-to-month,No,Mailed check,80.93,4587.36,No
CUST-01875,Female,0,Yes,No,64,Yes,No,Fiber optic,Yes,Yes,Yes,No,No,Yes,One year,Yes,Electronic check,104.42,6642.89,No
CUST-01876,Female,0,No,No,7,No,No phone service,Fiber optic,No,No,No,No,Yes,No,One year,Yes,Electronic check,125.0,800.91,Yes
CUST-01877,Female,0,No,No,39,Yes,No,No,No internet service,No internet service,No internet service,No internet service,No internet service,No internet service,One year,No,Bank transfer (automatic),44.16,1814.23,No
CUST-01878,Male,0,Yes,No,34,Yes,No,Fiber optic,No,No,No,No,No,Yes,Two year,Yes,Mailed check,30.25,1043.95,Yes
CUST-01879,Male,0,Yes,No,11,Yes,Yes,Fiber optic,No,No,No,Yes,Yes,No,One year,No,Bank transfer (automatic),88.55,944.42,No
CUST-01880,Female,0,No,No,20,Yes,Yes,DSL,No,No,No,No,No,Yes,Two year,No,Electronic check,22.7,537.95,No
CUST-01881,Female,0,Yes,Yes,62,Yes,Yes,No,No internet service,No internet service,No internet service,No internet service,No internet service,No internet service,Two year,No,Electronic check,39.53,2429.57,No
CUST-01882,Female,0,No,No,29,Yes,Yes,DSL,No,Yes,No,No,No,Yes,Month-to-month,Yes,Electronic check,121.75,3485.2,Yes
CUST-01883,Female,0,No,No,39,Yes,No,Fiber optic,No,Yes,Yes,No,Yes,No,One year,No,Credit card (automatic),48.75,1941.17,No
CUST-01884,Male,0,No,No,56,Yes,No,No,No internet service,No internet service,No internet service,No internet service,No internet service,No internet service,One year,Yes,Electronic check,30.09,1613.7,No
CUST-01885,Male,0,Yes,Yes,33,No,No phone service,DSL,No,Yes,No,No,No,Yes,Month-to-month,Yes,Electronic check,94.07,3106.17,Yes
CUST-01886,Female,0,Yes,No,65,Yes,No,Fiber optic,Yes,No,No,Yes,Yes,No,Month-to-month,Yes,Electronic check,107.49,6922.2,No
CUST-01887,Male,0,No,No,36,Yes,No,Fiber optic,No,No,No,Yes,No,Yes,Month-to-month,Yes,Mailed check,125.0,4449.78,No
CUST-01888,Female,0,No,No,71,Yes,No,Fiber optic,No,No,No,Yes,Yes,No,Month-to-month,Yes,Electronic check,40.98,2935.95,No
CUST-01889,Female,0,No,Yes,11,Yes,No,DSL,Yes,No,No,Yes,No,Yes,Two year,Yes,Electronic check,60.21,618.74,No
CUST-01890,Female,0,No,No,64,Yes,No,DSL,Yes,No,No,No,Yes,Yes,Month-to-month,No,Bank transfer (automatic),92.76,5972.87,No
CUST-01891,Female,0,No,Yes,9,Yes,Yes,Fiber optic,No,Yes,No,Yes,No,No,Two year,Yes,Electronic check,68.66,520.58,Yes
CUST-01892,Female,0,Yes,No,59,Yes,Yes,Fiber optic,No,Yes,Yes,No,No,No,Two year,No,Mailed check,122.96,7244.72,No
CUST-01893,Male,0,Yes,No,48,Yes,Yes,No,No internet service,No internet service,No internet service,No internet service,No internet service,No internet service,One year,No,Bank transfer (automatic),55.96,2661.11,No
CUST-01894,Male,0,No,Yes,41,Yes,No,Fiber optic,Yes,No,No,No,No,No,Two year,Yes,Bank transfer (automatic),72.66,2967.92,Yes
CUST-01895,Female,0,Yes,No,64,Yes,No,Fiber optic,No,Yes,No,Yes,No,Yes,Month-to-month,Yes,Electronic check,74.5,4748.32,No
CUST-01896,Male,1,No,No,47,Yes,No,DSL,Yes,Yes,No,No,No,Yes,Month-to-month,No,Electronic check,107.8,5083.25,No
CUST-01897,Male,0,Yes,No,51,Yes,Yes,No,No internet service,No internet service,No internet service,No internet service,No internet service,No internet service,Month-to-month,No,Credit card (automatic),84.44,4325.15,No
CUST-01898,Male,0,Yes,No,55,Yes,Yes,DSL,Yes,No,No,No,No,No,Month-to-month,No,Bank transfer (automatic),61.68,3374.19,No
CUST-01899,Male,0,Yes,No,61,Yes,Yes,No,No internet service,No internet service,No internet service,No internet service,No internet service,No internet service,Two year,Yes,Mailed check,45.7,2764.14,No
CUST-01900,Female,0,No,No,17,Yes,No,No,No internet service,No internet service,No internet service,No internet service,No internet service,No internet service,Month-to-month,Yes,Credit card (automatic),76.59,1320.43,Yes
CUST-01901,Male,0,No,Yes,61,Yes,No,No,No internet service,No internet service,No internet service,No internet service,No internet service,No internet service,Two year,Yes,Electronic check,81.25,4980.02,No
CUST-01902,Male,0,Yes,No,43,Yes,No,DSL,No,No,No,No,No,Yes,Month-to-month,Yes,Electronic check,80.08,3343.59,No
CUST-01903,Male,1,Yes,No,3,Yes,No,DSL,No,No,No,No,No,Yes,Two year,Yes,Bank transfer (automatic),70.26,148.4,No
CUST-01904,Female,0,Yes,No,67,No,No phone service,Fiber optic,Yes,No,Yes,No,Yes,No,One year,No,Bank transfer (automatic),90.82,6028.62,No
CUST-01905,Female,1,Yes,No,56,Yes,No,Fiber optic,Yes,No,Yes,No,No,No,Month-to-month,No,Bank transfer (automatic),65.9,3669.23,No
CUST-01906,Female,0,No,No,65,Yes,No,Fiber optic,No,Yes,No,No,No,Yes,One year,Yes,Bank transfer (automatic),87.16,5577.0,No
CUST-01907,Female,1,Yes,Yes,56,Yes,No,Fiber optic,Yes,No,Yes,No,No,No,Two year,No,Mailed check,77.55,4362.81,No
CUST-01908,Female,0,Yes,Yes,25,Yes,Yes,Fiber optic,No,Yes,Yes,No,No,No,Month-to-month,No,Electronic check,53.61,1295.29,No
CUST-01909,Female,0,Yes,Yes,26,Yes,No,DSL,No,No,Yes,No,No,No,Month-to-month,No,Bank transfer (automatic),74.14,1959.02,No
CUST-01910,Male,0,No,Yes,20,Yes,No,DSL,No,No,No,No,No,No,Month-to-month,No,Credit card (automatic),73.77,1444.32,No
CUST-01911,Female,0,No,No,30,Yes,No,Fiber optic,Yes,Yes,No,No,No,Yes,One year,Yes,Mailed check,43.44,1341.94,No
CUST-01912,Male,0,No,No,3,Yes,Yes,DSL,No,No,No,Yes,Yes,No,Month-to-month,Yes,Electronic check,100.56,284.64,Yes
CUST-01913,Female,0,No,Yes,54,Yes,No,Fiber optic,No,No,No,Yes,No,No,Month-to-month,No,Bank transfer (automatic),71.4,3845.35,No
CUST-01914,Male,0,No,No,55,Yes,No,No,No internet service,No internet service,No internet service,No internet service,No internet service,No internet service,Month-to-month,Yes,Mailed check,74.26,4113.55,No
CUST-01915,Female,0,Yes,Yes,72,Yes,Yes,No,No internet service,No internet service,No internet service,No internet service,No internet service,No internet service,Month-to-month,Yes,Electronic check,50.43,3608.04,No
CUST-01916,Male,0,No,No,40,Yes,No,Fiber optic,No,No,Yes,No,No,No,One year,No,Electronic check,76.94,3002.05,No
CUST-01917,Female,1,No,No,72,Yes,Yes,Fiber optic,No,Yes,No,Yes,No,Yes,Month-to-month,No,Credit card (automatic),125.0,8925.1,No
CUST-01918,Female,0,Yes,No,16,Yes,Yes,No,No internet service,No internet service,No internet service,No internet service,No internet service,No internet service,Month-to-month,Yes,Credit card (automatic),87.33,1439.99,No
CUST-01919,Female,0,No,Yes,35,Yes,No,Fiber optic,No,No,Yes,No,Yes,No,Month-to-month,No,Bank transfer (automatic),77.56,2655.9,No
CUST-01920,Male,0,No,No,57,Yes,Yes,No,No internet service,No internet service,No internet service,No internet service,No internet service,No internet service,Month-to-month,Yes,Electronic check,37.4,2111.32,No
CUST-01921,Female,0,No,No,57,Yes,Yes,DSL,No,No,No,Yes,No,No,Month-to-month,No,Bank transfer (automatic),61.98,3595.03,No
CUST-01922,Male,0,Yes,No,56,Yes,No,Fiber optic,No,No,No,Yes,No,No,Month-to-month,Yes,Mailed check,70.58,3924.5,No
CUST-01923,Male,1,Yes,Yes,34,Yes,No,DSL,Yes,No,No,No,No,No,Month-to-month,Yes,Electronic check,84.81,2848.01,No
CUST-01924,Female,0,No,No,6,Yes,Yes,DSL,Yes,Yes,Yes,Yes,No,No,Month-to-month,Yes,Credit card (automatic),52.99,327.21,No
CUST-01925,Female,0,Yes,No,63,Yes,Yes,Fiber optic,No,No,No,No,No,No,Month-to-month,No,Bank transfer (automatic),107.29,6818.07,No
CUST-01926,Female,0,Yes,No,28,Yes,Yes,DSL,No,Yes,No,Yes,No,No,Month-to-month,Yes,Credit card (automatic),66.34,1931.05,Yes
CUST-01927,Female,0,Yes,No,47,Yes,Yes,DSL,No,Yes,No,Yes,No,No,Month-to-month,Yes,Credit card (automatic),29.97,1372.28,No
CUST-01928,Female,0,No,No,10,Yes,No,Fiber optic,Yes,Yes,Yes,Yes,No,Yes,Two year,No,Bank transfer (automatic),113.81,1162.17,No
CUST-01929,Female,0,No,No,68,Yes,No,Fiber optic,No,No,No,Yes,No,Yes,One year,Yes,Bank transfer (automatic),70.38,4779.31,No
CUST-01930,Male,0,No,Yes,19,Yes,No,Fiber optic,Yes,No,No,No,Yes,Yes,Month-to-month,No,Electronic check,61.22,1158.42,No
CUST-01931,Female,0,No,Yes,72,Yes,Yes,No,No internet service,No internet service,No internet service,No internet service,No internet service,No internet service,Month-to-month,No,Electronic check,71.31,5153.78,No
CUST-01932,Female,0,Yes,No,52,Yes,No,Fiber optic,No,No,Yes,No,Yes,Yes,Month-to-month,No,Electronic check,96.59,5036.5,Yes
CUST-01933,Male,1,Yes,Yes,24,Yes,No,No,No internet service,No internet service,No internet service,No internet service,No internet service,No internet service,Two year,No,Electronic check,54.18,1252.2,No
CUST-01934,Male,0,Yes,No,27,Yes,No,DSL,No,No,No,Yes,Yes,Yes,Two year,Yes,Electronic check,89.09,2357.61,No
CUST-01935,Female,0,Yes,No,71,Yes,No,DSL,Yes,No,Yes,No,Yes,No,Month-to-month,Yes,Electronic check,45.33,3290.67,No
CUST-01936,Female,0,No,No,43,No,No phone service,DSL,No,No,No,No,No,Yes,One year,Yes,Credit card (automatic),104.61,4472.59,No
CUST-01937,Female,0,Yes,Yes,50,Yes,No,Fiber optic,No,Yes,No,No,Yes,No,Month-to-month,No,Credit card (automatic),36.8,1865.0,No
CUST-01938,Male,0,Yes,No,45,No,No phone service,DSL,No,No,No,Yes,No,Yes,One year,No,Electronic check,53.65,2480.52,No
CUST-01939,Male,0,No,No,18,Yes,Yes,Fiber optic,No,No,Yes,No,No,Yes,Two year,Yes,Electronic check,113.64,2036.27,Yes
CUST-01940,Female,0,No,No,10,No,No phone service,Fiber optic,No,No,No,Yes,Yes,No,Month-to-month,Yes,Bank transfer (automatic),68.01,742.4,Yes
CUST-01941,Female,0,Yes,No,1,Yes,No,No,No internet service,No internet service,No internet service,No internet service,No internet service,No internet service,Month-to-month,No,Electronic check,60.98,30.41,Yes
CUST-01942,Female,0,No,Yes,30,Yes,No,No,No internet service,No internet service,No internet service,No internet service,No internet service,No internet service,Two year,Yes,Credit card (automatic),23.49,751.15,No
CUST-01943,Male,0,No,No,50,Yes,No,DSL,No,No,Yes,No,No,No,Month-to-month,No,Credit card (automatic),101.38,5073.12,No
CUST-01944,Female,0,No,Yes,22,Yes,Yes,DSL,Yes,No,No,No,Yes,No,One year,Yes,Bank transfer (automatic),67.82,1480.22,No
CUST-01945,Female,0,No,No,17,Yes,No,Fiber optic,No,Yes,Yes,No,No,No,Month-to-month,No,Electronic check,106.41,1843.82,Yes
CUST-01946,Female,0,Yes,Yes,28,Yes,No,No,No internet service,No internet service,No internet service,No internet service,No internet service,No internet service,Month-to-month,No,Credit card (automatic),83.35,2322.75,No
CUST-01947,Female,0,Yes,Yes,17,Yes,Yes,DSL,No,No,No,Yes,Yes,No,Month-to-month,No,Electronic check,21.25,328.85,No
CUST-01948,Male,0,Yes,Yes,32,No,No phone service,Fiber optic,No,No,No,Yes,Yes,Yes,Month-to-month,Yes,Mailed check,33.25,987.96,No
CUST-01949,Female,0,No,Yes,40,No,No phone service,DSL,No,No,No,Yes,No,No,Month-to-month,Yes,Electronic check,54.49,2205.13,No
CUST-01950,Female,0,No,No,20,Yes,Yes,DSL,Yes,No,No,No,No,No,Month-to-month,No,Mailed check,121.75,2464.7,Yes
CUST-01951,Male,1,No,No,3,No,No phone service,DSL,No,Yes,No,No,No,No,Two year,Yes,Electronic check,60.26,260.76,Yes
CUST-01952,Male,0,No,Yes,8,Yes,No,No,No internet service,No internet service,No internet service,No internet service,No internet service,No internet service,Month-to-month,Yes,Bank transfer (automatic),121.75,993.41,Yes
CUST-01953,Female,0,Yes,Yes,30,No,No phone service,Fiber optic,Yes,Yes,No,No,No,No,One year,Yes,Bank transfer (automatic),40.14,1167.14,No
CUST-01954,Female,0,Yes,No,13,Yes,Yes,Fiber optic,Yes,No,No,No,Yes,Yes,Two year,No,Mailed check,100.41,1310.06,No
CUST-01955,Male,0,Yes,Yes,58,Yes,Yes,Fiber optic,Yes,Yes,Yes,No,No,No,Two year,No,Bank transfer (automatic),101.46,5877.27,No
CUST-01956,Female,0,Yes,No,12,Yes,No,Fiber optic,No,No,No,No,No,No,One year,No,Electronic check,42.13,556.59,No
CUST-01957,Male,0,No,Yes,2,Yes,Yes,DSL,No,No,No,Yes,Yes,No,Month-to-month,No,Electronic check,21.25,95.3,No
CUST-01958,Male,1,No,No,45,Yes,No,No,No internet service,No internet service,No internet service,No internet service,No internet service,No internet service,Month-to-month,Yes,Mailed check,116.42,5346.44,No
CUST-01959,Male,0,Yes,No,45,Yes,No,DSL,No,Yes,No,No,No,No,Month-to-month,Yes,Bank transfer (automatic),45.42,2036.37,No
CUST-01960,Female,0,No,Yes,49,Yes,No,No,No internet service,No internet service,No internet service,No internet service,No internet service,No internet service,Two year,Yes,Electronic check,106.01,5247.77,No
CUST-01961,Male,0,Yes,No,12,Yes,Yes,No,No internet service,No internet service,No internet service,No internet service,No internet service,No internet service,One year,Yes,Mailed check,48.05,643.47,No
CUST-01962,Male,0,No,No,50,Yes,Yes,Fiber optic,No,No,No,No,No,No,Two year,Yes,Bank transfer (automatic),113.24,5695.86,No
CUST-01963,Female,1,Yes,No,63,Yes,No,Fiber optic,No,No,Yes,No,Yes,No,Month-to-month,Yes,Credit card (automatic),79.92,5012.68,No
CUST-01964,Male,1,No,No,44,Yes,Yes,No,No internet service,No internet service,No internet service,No internet service,No internet service,No internet service,Two year,No,Electronic check,96.11,4211.3,No
CUST-01965,Male,1,Yes,No,29,Yes,Yes,DSL,Yes,No,Yes,No,Yes,No,One year,Yes,Mailed check,91.31,2683.62,No
CUST-01966,Male,0,Yes,No,35,Yes,Yes,Fiber optic,No,Yes,No,No,No,No,Two year,Yes,Mailed check,125.0,4401.43,Yes
CUST-01967,Female,0,No,No,59,Yes,No,DSL,No,No,No,Yes,No,No,Two year,No,Bank transfer (automatic),111.95,6549.15,No
CUST-01968,Female,0,Yes,Yes,11,Yes,Yes,Fiber optic,No,No,Yes,No,No,No,One year,No,Electronic check,103.0,1083.63,No
CUST-01969,Male,0,Yes,No,53,Yes,Yes,Fiber optic,No,No,Yes,Yes,No,No,Month-to-month,Yes,Electronic check,75.87,4043.93,Yes
CUST-01970,Female,0,Yes,No,20,No,No phone service,DSL,Yes,No,No,No,Yes,No,Month-to-month,Yes,Bank transfer (automatic),21.25,322.72,No
CUST-01971,Male,0,No,Yes,64,Yes,No,DSL,No,No,Yes,No,No,Yes,Month-to-month,No,Mailed check,67.82,4348.91,No
CUST-01972,Male,0,Yes,Yes,11,No,No phone service,Fiber optic,No,Yes,Yes,No,Yes,No,Month-to-month,Yes,Mailed check,76.99,819.39,Yes
CUST-01973,Male,1,No,Yes,38,Yes,No,No,No internet service,No internet service,No internet service,No internet service,No internet service,No internet service,Two year,Yes,Mailed check,115.72,4356.38,No
CUST-01974,Female,0,No,No,29,Yes,No,Fiber optic,Yes,No,No,No,Yes,No,Month-to-month,Yes,Mailed check,125.0,3601.34,Yes
CUST-01975,Male,1,No,Yes,36,Yes,No,Fiber optic,No,Yes,Yes,Yes,No,No,Two year,Yes,Electronic check,85.69,3093.19,No
CUST-01976,Female,0,Yes,Yes,28,Yes,No,No,No internet service,No internet service,No internet service,No internet service,No internet service,No internet service,One year,Yes,Credit card (automatic),87.3,2442.61,No
CUST-01977,Male,0,No,Yes,3,Yes,No,No,No internet service,No internet service,No internet service,No internet service,No internet service,No internet service,One year,Yes,Electronic check,118.75,298.55,Yes
CUST-01978,Female,0,Yes,No,62,Yes,Yes,Fiber optic,No,No,No,Yes,Yes,No,Two year,No,Mailed check,60.47,3667.95,No
CUST-01979,Female,0,No,Yes,39,Yes,Yes,Fiber optic,No,No,Yes,Yes,No,No,Month-to-month,No,Mailed check,92.95,3631.84,No
CUST-01980,Male,0,Yes,Yes,44,Yes,No,Fiber optic,No,No,No,No,Yes,No,Month-to-month,No,Bank transfer (automatic),62.56,2772.98,No
CUST-01981,Male,0,No,No,38,Yes,No,DSL,No,No,Yes,Yes,No,Yes,Month-to-month,Yes,Electronic check,95.17,3648.22,No
CUST-01982,Male,0,No,No,39,Yes,Yes,No,No internet service,No internet service,No internet service,No internet service,No internet service,No internet service,Month-to-month,Yes,Electronic check,58.08,2188.66,No
CUST-01983,Female,1,Yes,Yes,44,Yes,No,DSL,Yes,No,No,No,No,No,Two year,No,Credit card (automatic),18.25,813.75,No
CUST-01984,Male,0,Yes,No,31,Yes,No,Fiber optic,No,No,No,Yes,No,Yes,Month-to-month,No,Bank transfer (automatic),121.32,3786.35,No
CUST-01985,Male,0,Yes,No,10,Yes,No,No,No internet service,No internet service,No internet service,No internet service,No internet service,No internet service,Month-to-month,No,Electronic check,70.92,684.01,No
CUST-01986,Male,0,No,Yes,3,Yes,Yes,Fiber optic,Yes,No,No,No,No,No,One year,Yes,Bank transfer (automatic),124.13,353.09,Yes
CUST-01987,Male,0,Yes,No,39,Yes,No,DSL,Yes,No,No,No,No,No,One year,No,Mailed check,107.65,4175.17,Yes
CUST-01988,Female,0,No,No,14,Yes,No,DSL,Yes,No,Yes,No,No,Yes,Two year,Yes,Bank transfer (automatic),79.7,1087.83,No
CUST-01989,Female,0,No,No,33,Yes,Yes,Fiber optic,No,No,No,Yes,Yes,Yes,Two year,Yes,Electronic check,38.38,1321.42,No
CUST-01990,Male,0,No,Yes,44,No,No phone service,DSL,No,No,No,No,No,No,One year,No,Mailed check,82.99,3622.68,No
CUST-01991,Male,0,Yes,No,43,Yes,Yes,DSL,No,No,No,No,No,Yes,Two year,Yes,Mailed check,58.78,2490.8,No
CUST-01992,Female,0,Yes,No,13,Yes,No,Fiber optic,No,No,No,Yes,No,No,Two year,Yes,Credit card (automatic),125.0,1522.64,Yes
CUST-01993,Female,0,Yes,No,48,Yes,No,Fiber optic,No,Yes,Yes,Yes,No,No,Month-to-month,No,Credit card (automatic),102.45,4944.56,No
CUST-01994,Male,1,No,No,68,Yes,No,Fiber optic,No,No,No,No,Yes,No,One year,No,Mailed check,125.0,8460.43,No
CUST-01995,Male,0,Yes,No,27,Yes,Yes,DSL,No,No,No,Yes,No,Yes,Month-to-month,Yes,Mailed check,81.47,2159.88,No
CUST-01996,Female,0,Yes,No,9,Yes,No,Fiber optic,No,No,No,No,No,No,Two year,Yes,Mailed check,124.92,1190.96,No
CUST-01997,Male,0,Yes,Yes,37,Yes,No,Fiber optic,No,No,No,No,No,Yes,Month-to-month,Yes,Electronic check,105.37,3841.55,Yes
CUST-01998,Male,0,No,No,45,Yes,No,Fiber optic,No,No,Yes,No,No,No,Two year,Yes,Mailed check,72.92,3211.11,No
CUST-01999,Female,0,No,No,29,Yes,Yes,No,No internet service,No internet service,No internet service,No internet service,No internet service,No internet service,Month-to-month,No,Credit card (automatic),109.01,3091.56,No
CUST-02000,Female,0,Yes,No,44,No,No phone service,DSL,Yes,Yes,No,No,No,No,Month-to-month,Yes,Credit card (automatic),26.8,1109.39,No
CUST-02001,Male,0,Yes,Yes,56,Yes,No,Fiber optic,No,No,No,No,No,No,One year,Yes,Credit card (automatic),125.0,6964.12,No
CUST-02002,Female,0,Yes,Yes,42,Yes,No,DSL,No,No,No,No,No,Yes,Month-to-month,Yes,Electronic check,120.67,5060.44,No
CUST-02003,Female,0,Yes,Yes,58,Yes,No,DSL,No,No,No,Yes,No,Yes,Two year,Yes,Mailed check,87.64,5064.63,No
CUST-02004,Female,1,No,No,11,Yes,Yes,Fiber optic,No,No,Yes,Yes,No,Yes,Two year,No,Bank transfer (automatic),67.21,774.74,No
CUST-02005,Male,0,Yes,No,22,Yes,Yes,Fiber optic,No,No,No,No,Yes,No,Month-to-month,No,Credit card (automatic),52.17,1164.1,No
CUST-02006,Female,0,No,No,40,Yes,Yes,Fiber optic,Yes,Yes,Yes,Yes,No,No,Month-to-month,No,Electronic check,111.21,4454.47,Yes
CUST-02007,Female,1,No,No,19,Yes,Yes,No,No internet service,No internet service,No internet service,No internet service,No internet service,No internet service,One year,Yes,Electronic check,89.1,1704.79,Yes
CUST-02008,Female,0,No,Yes,72,Yes,No,No,No internet service,No internet service,No internet service,No internet service,No internet service,No internet service,Month-to-month,No,Electronic check,21.25,1552.87,No
CUST-02009,Male,0,Yes,No,49,Yes,No,DSL,Yes,No,No,Yes,No,Yes,Month-to-month,No,Credit card (automatic),61.2,2988.49,No
CUST-02010,Male,1,No,No,30,Yes,No,Fiber optic,No,Yes,No,No,Yes,No,Month-to-month,No,Mailed check,37.21,1185.24,No
CUST-02011,Female,0,Yes,Yes,56,Yes,Yes,Fiber optic,Yes,No,No,Yes,Yes,Yes,Month-to-month,Yes,Mailed check,83.29,4631.09,No
CUST-02012,Female,0,Yes,No,71,No,No phone service,Fiber optic,Yes,Yes,No,No,No,No,Month-to-month,Yes,Mailed check,68.69,4847.35,No
CUST-02013,Female,0,No,No,1,Yes,No,Fiber optic,No,Yes,Yes,No,Yes,No,Month-to-month,No,Electronic check,86.33,43.17,Yes
CUST-02014,Male,0,Yes,No,41,Yes,No,No,No internet service,No internet service,No internet service,No internet service,No internet service,No internet service,Two year,Yes,Credit card (automatic),37.86,1511.36,No
CUST-02015,Male,0,Yes,No,31,Yes,No,Fiber optic,No,No,No,No,No,Yes,Two year,Yes,Mailed check,122.93,3752.87,Yes
CUST-02016,Female,0,Yes,Yes,55,Yes,No,No,No internet service,No internet service,No internet service,No internet service,No internet service,No internet service,Two year,Yes,Mailed check,19.57,1020.26,No
CUST-02017,Female,0,Yes,Yes,23,Yes,No,Fiber optic,Yes,Yes,No,No,No,No,Month-to-month,Yes,Credit card (automatic),113.12,2589.45,No
CUST-02018,Male,0,No,Yes,24,No,No phone service,No,No internet service,No internet service,No internet service,No internet service,No internet service,No internet service,One year,No,Electronic check,103.57,2472.3,No
CUST-02019,Male,1,No,No,56,Yes,No,Fiber optic,Yes,No,Yes,Yes,No,No,One year,Yes,Electronic check,43.5,2409.77,No
CUST-02020,Female,0,No,No,65,Yes,No,DSL,No,Yes,No,Yes,No,No,One year,Yes,Electronic check,56.62,3638.98,No
CUST-02021,Female,0,Yes,No,11,Yes,Yes,Fiber optic,No,No,Yes,No,Yes,No,Month-to-month,Yes,Electronic check,86.88,1010.64,Yes
CUST-02022,Male,0,Yes,No,45,Yes,Yes,Fiber optic,No,Yes,No,Yes,No,No,Month-to-month,Yes,Mailed check,33.25,1561.11,No
CUST-02023,Male,0,Yes,No,57,Yes,Yes,DSL,No,No,Yes,Yes,No,Yes,Month-to-month,No,Bank transfer (automatic),66.45,3815.72,No
CUST-02024,Male,0,No,No,12,No,No phone service,Fiber optic,Yes,Yes,Yes,No,No,Yes,Month-to-month,Yes,Credit card (automatic),40.97,502.05,No
CUST-02025,Female,1,No,No,48,Yes,No,No,No internet service,No internet service,No internet service,No internet service,No internet service,No internet service,One year,No,Electronic check,64.03,3138.43,No
CUST-02026,Female,0,No,Yes,71,Yes,Yes,No,No internet service,No internet service,No internet service,No internet service,No internet service,No internet service,Month-to-month,Yes,Electronic check,54.28,3864.88,No
CUST-02027,Male,0,No,No,61,Yes,Yes,Fiber optic,No,No,No,No,No,No,Month-to-month,No,Electronic check,90.77,5472.21,No
CUST-02028,Male,0,No,No,14,Yes,No,Fiber optic,No,Yes,No,No,No,No,One year,Yes,Credit card (automatic),70.16,935.06,No
CUST-02029,Male,0,Yes,No,72,Yes,No,No,No internet service,No internet service,No internet service,No internet service,No internet service,No internet service,Month-to-month,No,Electronic check,82.84,5965.53,No
CUST-02030,Female,0,No,No,26,Yes,Yes,No,No internet service,No internet service,No internet service,No internet service,No internet service,No internet service,Month-to-month,No,Credit card (automatic),51.41,1363.63,No
CUST-02031,Male,0,No,No,35,No,No phone service,DSL,No,No,Yes,No,Yes,No,Two year,No,Electronic check,18.25,695.75,No
CUST-02032,Female,0,No,No,21,Yes,Yes,DSL,No,No,No,No,No,No,One year,Yes,Electronic check,61.05,1337.92,No
CUST-02033,Female,0,Yes,Yes,51,Yes,Yes,DSL,No,No,Yes,No,Yes,No,One year,Yes,Mailed check,26.09,1369.46,No
CUST-02034,Male,1,No,No,10,Yes,Yes,Fiber optic,Yes,No,No,No,Yes,Yes,Month-to-month,No,Bank transfer (automatic),113.2,1176.28,No
CUST-02035,Male,0,Yes,Yes,52,Yes,Yes,No,No internet service,No internet service,No internet service,No internet service,No internet service,No internet service,One year,Yes,Mailed check,32.58,1677.58,No
CUST-02036,Male,0,No,Yes,4,Yes,Yes,DSL,Yes,No,No,No,Yes,Yes,Month-to-month,Yes,Electronic check,104.11,397.68,Yes
CUST-02037,Male,0,No,Yes,61,Yes,Yes,Fiber optic,Yes,Yes,No,Yes,No,No,Two year,Yes,Electronic check,98.99,6016.72,No
CUST-02038,Female,0,No,No,24,Yes,Yes,DSL,Yes,Yes,No,No,No,No,One year,No,Electronic check,74.28,1784.56,No
CUST-02039,Male,1,Yes,No,38,Yes,No,DSL,No,Yes,Yes,No,Yes,Yes,Two year,No,Bank transfer (automatic),106.04,4063.33,No
CUST-02040,Female,0,Yes,No,17,Yes,No,Fiber optic,Yes,No,Yes,Yes,No,Yes,One year,Yes,Electronic check,30.25,657.48,No
CUST-02041,Female,0,No,No,8,Yes,Yes,Fiber optic,No,No,Yes,No,No,Yes,Month-to-month,No,Credit card (automatic),81.05,628.93,No
CUST-02042,Male,0,No,Yes,2,Yes,No,DSL,Yes,Yes,No,No,No,No,One year,No,Electronic check,68.39,107.55,Yes
CUST-02043,Male,1,No,No,71,Yes,Yes,DSL,No,No,No,No,No,Yes,Two year,Yes,Bank transfer (automatic),56.7,4054.73,No
CUST-02044,Male,0,Yes,Yes,10,Yes,No,Fiber optic,No,No,Yes,No,No,No,Month-to-month,No,Bank transfer (automatic),85.15,831.96,Yes
CUST-02045,Female,0,No,No,5,Yes,Yes,No,No internet service,No internet service,No internet service,No internet service,No internet service,No internet service,Month-to-month,Yes,Bank transfer (automatic),66.09,388.74,No
CUST-02046,Male,0,No,No,37,Yes,Yes,No,No internet service,No internet service,No internet service,No internet service,No internet service,No internet service,Month-to-month,No,Mailed check,31.11,1215.83,No
CUST-02047,Female,0,Yes,No,70,Yes,No,Fiber optic,No,No,No,Yes,No,No,Two year,No,Mailed check,96.5,6840.21,No
CUST-02048,Male,1,Yes,No,6,Yes,Yes,No,No internet service,No internet service,No internet service,No internet service,No internet service,No internet service,Month-to-month,Yes,Electronic check,57.05,363.75,Yes
CUST-02049,Male,0,No,No,19,Yes,Yes,Fiber optic,No,Yes,No,No,No,Yes,Two year,Yes,Mailed check,90.22,1785.86,No
CUST-02050,Male,0,Yes,Yes,41,Yes,Yes,DSL,Yes,No,Yes,No,No,No,One year,No,Electronic check,71.24,2863.66,No
CUST-02051,Female,0,No,No,36,No,No phone service,Fiber optic,Yes,Yes,No,No,Yes,No,One year,No,Mailed check,110.62,4041.98,No
CUST-02052,Female,1,No,Yes,11,Yes,Yes,No,No internet service,No internet service,No internet service,No internet service,No internet service,No internet service,Month-to-month,No,Bank transfer (automatic),121.75,1376.48,Yes
CUST-02053,Female,0,Yes,No,69,Yes,Yes,Fiber optic,Yes,Yes,No,Yes,No,No,Month-to-month,No,Mailed check,33.25,2305.93,No
CUST-02054,Male,0,Yes,No,26,Yes,No,No,No internet service,No internet service,No internet service,No internet service,No internet service,No internet service,Month-to-month,No,Mailed check,106.19,2753.42,Yes
CUST-02055,Male,1,No,No,49,Yes,Yes,Fiber optic,Yes,No,Yes,No,No,Yes,One year,No,Credit card (automatic),102.17,4877.96,No
CUST-02056,Female,0,No,No,33,Yes,Yes,No,No internet service,No internet service,No internet service,No internet service,No internet service,No internet service,Month-to-month,No,Electronic check,83.67,2794.21,Yes
CUST-02057,Male,1,No,Yes,43,Yes,No,Fiber optic,No,Yes,No,Yes,Yes,No,Month-to-month,Yes,Credit card (automatic),113.91,4874.5,No
CUST-02058,Male,0,No,No,66,Yes,Yes,No,No internet service,No internet service,No internet service,No internet service,No internet service,No internet service,Month-to-month,No,Electronic check,121.75,8021.06,No
CUST-02059,Female,0,No,No,24,No,No phone service,No,No internet service,No internet service,No internet service,No internet service,No internet service,No internet service,Month-to-month,Yes,Mailed check,55.15,1335.07,Yes
CUST-02060,Female,0,No,No,59,Yes,Yes,DSL,No,Yes,Yes,Yes,No,No,One year,Yes,Electronic check,118.75,7022.71,No
CUST-02061,Male,0,No,No,22,Yes,Yes,Fiber optic,No,Yes,No,No,No,Yes,Two year,Yes,Electronic check,43.63,925.69,No
CUST-02062,Male,0,No,Yes,23,Yes,No,DSL,No,No,Yes,No,No,No,Two year,Yes,Electronic check,60.52,1355.26,Yes
CUST-02063,Female,0,Yes,Yes,3,No,No phone service,No,No internet service,No internet service,No internet service,No internet service,No internet service,No internet service,One year,Yes,Mailed check,88.98,224.75,No
CUST-02064,Male,1,Yes,No,25,Yes,No,Fiber optic,Yes,No,No,Yes,No,No,Month-to-month,Yes,Electronic check,69.98,1754.21,No
CUST-02065,Male,0,No,No,43,No,No phone service,DSL,No,No,No,No,Yes,No,Month-to-month,Yes,Mailed check,70.15,3070.59,No
CUST-02066,Male,0,Yes,Yes,47,No,No phone service,Fiber optic,No,No,No,No,No,No,Two year,Yes,Credit card (automatic),98.79,4651.67,No
CUST-02067,Male,0,No,No,31,Yes,No,DSL,No,No,Yes,Yes,Yes,Yes,One year,Yes,Credit card (automatic),76.97,2400.64,No
CUST-02068,Male,0,No,Yes,26,Yes,No,Fiber optic,Yes,No,Yes,No,No,No,One year,No,Credit card (automatic),125.0,3240.65,No
CUST-02069,Female,0,Yes,No,17,Yes,No,DSL,No,Yes,Yes,Yes,No,Yes,Month-to-month,Yes,Mailed check,114.57,1927.15,No
CUST-02070,Female,0,Yes,No,66,Yes,No,No,No internet service,No internet service,No internet service,No internet service,No internet service,No internet service,Two year,No,Electronic check,54.92,3596.07,No
CUST-02071,Female,0,No,No,28,Yes,No,Fiber optic,No,Yes,No,No,Yes,No,Month-to-month,Yes,Mailed check,94.8,2636.91,Yes
CUST-02072,Male,0,Yes,Yes,23,Yes,Yes,No,No internet service,No internet service,No internet service,No internet service,No internet service,No internet service,Month-to-month,Yes,Mailed check,101.75,2276.72,Yes
CUST-02073,Female,0,No,Yes,68,No,No phone service,DSL,Yes,Yes,Yes,No,Yes,No,Month-to-month,No,Credit card (automatic),21.25,1504.58,No
CUST-02074,Female,0,No,No,46,Yes,No,Fiber optic,Yes,No,Yes,No,Yes,No,Month-to-month,No,Mailed check,91.68,4229.75,No
CUST-02075,Male,1,No,No,62,Yes,No,No,No internet service,No internet service,No internet service,No internet service,No internet service,No internet service,Month-to-month,Yes,Bank transfer (automatic),61.62,3830.16,No
CUST-02076,Female,0,No,Yes,28,Yes,No,Fiber optic,Yes,No,No,Yes,No,No,Month-to-month,Yes,Credit card (automatic),83.72,2361.73,No
CUST-02077,Female,0,No,No,31,Yes,No,DSL,No,No,Yes,No,No,Yes,Month-to-month,No,Bank transfer (automatic),121.75,3755.78,No
CUST-02078,Female,0,Yes,Yes,53,Yes,No,No,No internet service,No internet service,No internet service,No internet service,No internet service,No internet service,Month-to-month,Yes,Credit card (automatic),98.89,5255.76,No
CUST-02079,Female,0,Yes,No,71,No,No phone service,DSL,No,Yes,No,No,Yes,Yes,Month-to-month,No,Credit card (automatic),86.98,6146.71,No
CUST-02080,Female,0,Yes,No,57,Yes,No,DSL,Yes,No,No,No,Yes,No,Month-to-month,No,Credit card (automatic),51.79,2928.91,No
CUST-02081,Male,1,No,Yes,34,Yes,No,Fiber optic,No,No,Yes,Yes,No,No,Month-to-month,Yes,Bank transfer (automatic),120.59,4099.07,No
CUST-02082,Female,1,Yes,No,44,Yes,No,Fiber optic,Yes,No,No,Yes,Yes,Yes,Month-to-month,Yes,Mailed check,52.08,2294.78,No
CUST-02083,Female,0,Yes,No,26,Yes,No,Fiber optic,Yes,Yes,Yes,Yes,No,No,Month-to-month,No,Bank transfer (automatic),81.33,2181.53,No
CUST-02084,Male,0,Yes,No,33,No,No phone service,DSL,No,No,No,No,Yes,Yes,Month-to-month,Yes,Credit card (automatic),85.71,2787.28,No
CUST-02085,Female,0,Yes,No,28,No,No phone service,DSL,No,Yes,Yes,No,No,Yes,One year,No,Electronic check,78.43,2152.78,No
CUST-02086,Male,0,Yes,No,8,Yes,No,Fiber optic,Yes,No,Yes,Yes,No,Yes,Month-to-month,Yes,Electronic check,73.98,572.23,Yes
CUST-02087,Male,0,No,No,63,Yes,No,Fiber optic,Yes,No,No,Yes,No,No,Month-to-month,Yes,Bank transfer (automatic),64.22,4092.57,No
CUST-02088,Male,0,Yes,Yes,10,Yes,No,DSL,No,Yes,No,No,Yes,No,Two year,Yes,Electronic check,118.75,1200.73,Yes
CUST-02089,Female,0,No,No,20,Yes,Yes,Fiber optic,Yes,No,No,No,No,Yes,Month-to-month,Yes,Bank transfer (automatic),47.97,1061.04,No
CUST-02090,Female,0,Yes,Yes,19,Yes,No,No,No internet service,No internet service,No internet service,No internet service,No internet service,No internet service,Month-to-month,Yes,Bank transfer (automatic),101.72,1929.74,No
CUST-02091,Male,0,Yes,Yes,16,No,No phone service,No,No internet service,No internet service,No internet service,No internet service,No internet service,No internet service,One year,Yes,Bank transfer (automatic),62.53,1017.42,No
CUST-02092,Female,0,Yes,No,36,Yes,No,No,No internet service,No internet service,No internet service,No internet service,No internet service,No internet service,Month-to-month,No,Mailed check,45.38,1637.67,No
CUST-02093,Male,0,No,Yes,70,Yes,No,DSL,No,Yes,No,Yes,No,No,Month-to-month,Yes,Electronic check,64.23,4508.67,No
CUST-02094,Female,0,No,No,24,Yes,No,Fiber optic,No,No,Yes,Yes,No,Yes,Month-to-month,Yes,Bank transfer (automatic),78.25,1843.91,No
CUST-02095,Female,0,Yes,No,53,Yes,No,No,No internet service,No internet service,No internet service,No internet service,No internet service,No internet service,Month-to-month,Yes,Electronic check,38.83,2061.99,No
CUST-02096,Male,0,No,Yes,53,Yes,Yes,DSL,No,No,Yes,Yes,No,No,Two year,Yes,Mailed check,113.13,5945.27,No
CUST-02097,Male,0,Yes,No,55,Yes,No,DSL,No,Yes,Yes,No,No,No,Month-to-month,Yes,Bank transfer (automatic),81.82,4515.69,No
CUST-02098,Male,0,No,No,45,Yes,No,DSL,Yes,Yes,Yes,No,Yes,No,Month-to-month,No,Electronic check,42.5,1932.47,No
CUST-02099,Male,0,No,No,54,Yes,No,Fiber optic,Yes,No,Yes,Yes,No,Yes,One year,No,Electronic check,59.61,3209.99,No
CUST-02100,Female,0,Yes,No,55,Yes,Yes,No,No internet service,No internet service,No internet service,No internet service,No internet service,No internet service,Two year,No,Electronic check,18.25,974.11,No
CUST-02101,Male,0,Yes,No,50,Yes,No,Fiber optic,Yes,No,No,No,No,No,One year,No,Bank transfer (automatic),91.37,4534.76,No
CUST-02102,Male,0,Yes,No,41,Yes,No,Fiber optic,No,No,No,No,No,No,Two year,Yes,Bank transfer (automatic),70.72,2857.11,No
CUST-02103,Female,0,No,No,7,Yes,No,Fiber optic,No,No,Yes,Yes,Yes,No,Month-to-month,No,Electronic check,39.43,243.29,No
CUST-02104,Female,0,Yes,Yes,37,Yes,No,No,No internet service,No internet service,No internet service,No internet service,No internet service,No internet service,Month-to-month,Yes,Electronic check,43.62,1726.38,No
CUST-02105,Male,0,No,No,55,Yes,No,DSL,No,No,No,Yes,No,No,Month-to-month,Yes,Credit card (automatic),53.95,2980.2,No
CUST-02106,Female,0,Yes,Yes,25,Yes,No,Fiber optic,No,No,No,No,Yes,No,One year,Yes,Electronic check,55.93,1387.14,Yes
CUST-02107,Male,0,No,Yes,18,Yes,Yes,No,No internet service,No internet service,No internet service,No internet service,No internet service,No internet service,Month-to-month,No,Credit card (automatic),121.75,2158.8,No
CUST-02108,Female,0,Yes,Yes,43,Yes,No,No,No internet service,No internet service,No internet service,No internet service,No internet service,No internet service,One year,No,Electronic check,99.61,4276.49,No
CUST-02109,Female,0,No,No,10,Yes,No,Fiber optic,No,No,No,No,No,No,One year,Yes,Mailed check,43.48,461.29,No
CUST-02110,Female,0,Yes,No,52,Yes,No,DSL,No,No,No,No,No,No,One year,No,Credit card (automatic),88.31,4616.06,No
CUST-02111,Female,0,Yes,No,71,Yes,Yes,No,No internet service,No internet service,No internet service,No internet service,No internet service,No internet service,Two year,Yes,Credit card (automatic),64.47,4620.79,No
CUST-02112,Male,0,Yes,No,35,Yes,Yes,No,No internet service,No internet service,No internet service,No internet service,No internet service,No internet service,Month-to-month,Yes,Mailed check,78.39,2789.21,No
CUST-02113,Male,0,No,No,3,Yes,No,DSL,No,Yes,No,No,No,Yes,Month-to-month,Yes,Credit card (automatic),61.67,184.14,Yes
CUST-02114,Male,0,Yes,No,20,Yes,No,DSL,Yes,No,No,No,No,Yes,Two year,No,Credit card (automatic),89.26,1753.68,No
CUST-02115,Male,0,No,No,3,Yes,Yes,DSL,No,No,No,No,No,Yes,Month-to-month,Yes,Electronic check,113.27,329.04,Yes
CUST-02116,Female,0,No,No,34,Yes,No,Fiber optic,Yes,No,No,No,Yes,No,Two year,No,Electronic check,85.97,2958.37,No
CUST-02117,Male,0,Yes,Yes,23,Yes,Yes,DSL,Yes,No,No,No,No,No,Month-to-month,Yes,Bank transfer (automatic),44.64,997.25,No
CUST-02118,Male,0,Yes,No,56,Yes,Yes,DSL,Yes,Yes,No,No,No,No,Month-to-month,Yes,Mailed check,74.44,4263.32,No
CUST-02119,Male,0,Yes,No,61,Yes,Yes,No,No internet service,No internet service,No internet service,No internet service,No internet service,No internet service,Two year,Yes,Bank transfer (automatic),94.06,5706.76,No
CUST-02120,Male,0,Yes,No,32,Yes,Yes,DSL,No,No,No,No,No,Yes,One year,Yes,Electronic check,97.46,3141.54,No
CUST-02121,Male,0,Yes,Yes,71,Yes,Yes,No,No internet service,No internet service,No internet service,No internet service,No internet service,No internet service,Month-to-month,Yes,Electronic check,64.71,4607.57,No
CUST-02122,Male,0,No,No,33,Yes,Yes,Fiber optic,No,No,No,Yes,No,Yes,One year,No,Mailed check,38.77,1315.29,No
CUST-02123,Male,0,Yes,No,9,No,No phone service,Fiber optic,No,Yes,Yes,No,No,No,Month-to-month,No,Electronic check,119.38,982.01,Yes
CUST-02124,Male,0,Yes,Yes,66,Yes,No,No,No internet service,No internet service,No internet service,No internet service,No internet service,No internet service,Two year,Yes,Mailed check,64.84,4322.27,No
CUST-02125,Male,0,No,No,29,Yes,Yes,DSL,No,No,No,Yes,No,No,One year,Yes,Mailed check,82.18,2366.76,Yes
CUST-02126,Female,0,Yes,No,64,Yes,No,DSL,Yes,No,Yes,Yes,No,Yes,Month-to-month,No,Bank transfer (automatic),121.75,7753.76,No
CUST-02127,Female,0,No,No,53,Yes,No,Fiber optic,No,No,Yes,Yes,No,Yes,Month-to-month,No,Mailed check,102.39,5470.23,Yes
CUST-02128,Male,0,No,No,68,Yes,No,Fiber optic,No,No,No,No,No,Yes,Month-to-month,No,Credit card (automatic),105.42,7086.97,No
CUST-02129,Female,1,Yes,No,47,No,No phone service,Fiber optic,No,No,Yes,No,No,No,One year,Yes,Electronic check,77.44,3726.07,No
CUST-02130,Female,0,No,No,43,Yes,Yes,No,No internet service,No internet service,No internet service,No internet service,No internet service,No internet service,Two year,Yes,Electronic check,91.57,3946.86,No
CUST-02131,Male,0,No,No,17,Yes,No,No,No internet service,No internet service,No internet service,No internet service,No internet service,No internet service,One year,No,Mailed check,18.25,303.62,No
CUST-02132,Male,0,No,Yes,21,Yes,Yes,DSL,Yes,No,Yes,No,No,No,One year,Yes,Credit card (automatic),18.25,326.36,No
CUST-02133,Male,0,No,No,24,Yes,No,DSL,Yes,No,Yes,Yes,No,No,Month-to-month,Yes,Credit card (automatic),79.13,1887.06,No
CUST-02134,Female,0,No,No,23,Yes,No,Fiber optic,No,No,No,No,No,No,Month-to-month,Yes,Electronic check,38.36,935.04,Yes
CUST-02135,Female,1,No,Yes,43,No,No phone service,No,No internet service,No internet service,No internet service,No internet service,No internet service,No internet service,Two year,No,Bank transfer (automatic),118.75,5117.99,No
CUST-02136,Male,0,No,Yes,63,Yes,Yes,DSL,No,Yes,No,Yes,No,No,Month-to-month,Yes,Mailed check,104.34,6598.7,No
CUST-02137,Male,0,No,Yes,3,Yes,No,Fiber optic,No,Yes,No,Yes,No,No,Two year,No,Mailed check,125.0,420.44,No
CUST-02138,Female,0,No,No,45,Yes,No,DSL,No,Yes,Yes,Yes,Yes,Yes,Two year,No,Electronic check,58.98,2615.8,No
CUST-02139,Male,0,No,No,55,Yes,No,No,No internet service,No internet service,No internet service,No internet service,No internet service,No internet service,Month-to-month,No,Mailed check,82.52,4465.63,No
CUST-02140,Female,0,Yes,No,32,Yes,No,DSL,No,No,No,No,No,No,Two year,No,Credit card (automatic),67.65,2119.77,No
CUST-02141,Male,0,No,Yes,20,Yes,No,Fiber optic,No,No,No,Yes,No,No,Month-to-month,Yes,Bank transfer (automatic),75.52,1509.07,No
CUST-02142,Male,0,Yes,No,32,Yes,Yes,DSL,No,No,Yes,Yes,No,No,Two year,Yes,Electronic check,39.77,1261.91,No
CUST-02143,Male,0,Yes,Yes,60,Yes,No,Fiber optic,No,No,No,Yes,No,Yes,Month-to-month,Yes,Mailed check,76.17,4558.75,No
CUST-02144,Male,0,Yes,No,66,No,No phone service,Fiber optic,No,No,No,Yes,No,Yes,Two year,Yes,Electronic check,58.22,3865.66,No
CUST-02145,Female,0,Yes,Yes,50,Yes,No,Fiber optic,Yes,No,No,Yes,No,No,Month-to-month,No,Electronic check,99.71,4966.15,No
CUST-02146,Female,1,No,No,35,Yes,Yes,DSL,Yes,Yes,No,Yes,No,No,Month-to-month,Yes,Bank transfer (automatic),55.94,1910.15,No
CUST-02147,Female,0,Yes,No,47,No,No phone service,DSL,No,No,Yes,No,No,No,One year,No,Electronic check,108.39,5050.0,No
CUST-02148,Male,0,No,No,49,Yes,No,DSL,No,No,No,No,No,Yes,Two year,No,Electronic check,45.1,2237.53,No
CUST-02149,Male,0,No,Yes,56,Yes,Yes,No,No internet service,No internet service,No internet service,No internet service,No internet service,No internet service,Month-to-month,Yes,Mailed check,65.15,3696.61,No
CUST-02150,Male,1,Yes,Yes,11,Yes,No,Fiber optic,No,No,Yes,Yes,Yes,No,Two year,Yes,Mailed check,93.19,1088.22,Yes
CUST-02151,Female,0,Yes,No,6,Yes,No,DSL,No,No,No,Yes,No,No,Two year,No,Electronic check,68.15,387.52,No
CUST-02152,Female,0,No,No,25,Yes,No,DSL,No,No,No,Yes,Yes,Yes,Month-to-month,No,Credit card (automatic),55.42,1393.42,No
CUST-02153,Male,0,No,No,19,Yes,Yes,Fiber optic,Yes,No,No,Yes,No,No,Month-to-month,No,Bank transfer (automatic),108.39,2080.64,Yes
CUST-02154,Male,1,Yes,No,45,Yes,No,DSL,Yes,No,No,Yes,No,Yes,Month-to-month,Yes,Bank transfer (automatic),63.01,2848.47,No
CUST-02155,Male,0,Yes,No,38,Yes,No,No,No internet service,No internet service,No internet service,No internet service,No internet service,No internet service,One year,Yes,Mailed check,102.85,3933.53,No
CUST-02156,Female,0,Yes,No,67,Yes,Yes,Fiber optic,Yes,No,No,No,No,No,Two year,No,Bank transfer (automatic),79.35,5347.78,No
CUST-02157,Female,0,Yes,No,56,Yes,No,Fiber optic,Yes,No,Yes,No,No,Yes,Two year,No,Mailed check,100.32,5583.51,No
CUST-02158,Male,0,Yes,No,11,Yes,Yes,Fiber optic,Yes,Yes,Yes,No,No,No,Month-to-month,No,Electronic check,98.12,1051.38,Yes
CUST-02159,Male,1,No,No,62,Yes,No,No,No internet service,No internet service,No internet service,No internet service,No internet service,No internet service,Month-to-month,No,Bank transfer (automatic),23.21,1458.23,No
CUST-02160,Female,0,Yes,No,56,Yes,No,Fiber optic,No,Yes,No,No,No,No,One year,Yes,Credit card (automatic),125.0,6955.33,Yes
CUST-02161,Male,0,Yes,No,28,Yes,Yes,DSL,No,No,Yes,Yes,Yes,Yes,Month-to-month,Yes,Mailed check,26.51,714.27,Yes
CUST-02162,Female,0,No,Yes,5,Yes,Yes,DSL,No,Yes,Yes,Yes,Yes,No,One year,Yes,Credit card (automatic),101.7,515.48,No
CUST-02163,Female,0,No,Yes,58,Yes,Yes,Fiber optic,No,No,No,No,Yes,Yes,Month-to-month,No,Mailed check,72.99,4211.29,No
CUST-02164,Male,0,Yes,Yes,14,No,No phone service,DSL,Yes,No,Yes,No,No,Yes,One year,No,Electronic check,69.03,982.38,No
CUST-02165,Male,0,No,No,16,Yes,Yes,Fiber optic,No,No,No,No,Yes,Yes,Month-to-month,Yes,Credit card (automatic),66.17,1027.11,Yes
CUST-02166,Male,0,No,No,34,Yes,No,No,No internet service,No internet service,No internet service,No internet service,No internet service,No internet service,Month-to-month,Yes,Bank transfer (automatic),102.16,3366.25,No
CUST-02167,Female,0,Yes,Yes,6,Yes,No,DSL,No,No,No,No,No,No,Month-to-month,Yes,Mailed check,50.39,315.53,Yes
CUST-02168,Male,1,Yes,Yes,29,Yes,Yes,Fiber optic,Yes,Yes,No,No,No,Yes,Two year,Yes,Electronic check,48.35,1398.87,No
CUST-02169,Male,0,No,No,18,No,No phone service,DSL,Yes,Yes,No,No,Yes,No,Two year,No,Mailed check,110.52,2045.9,No
CUST-02170,Male,0,No,Yes,4,Yes,No,DSL,No,Yes,No,Yes,No,No,Two year,Yes,Mailed check,111.35,428.61,No
CUST-02171,Female,0,No,Yes,66,Yes,Yes,DSL,No,No,No,No,No,No,One year,No,Bank transfer (automatic),66.88,4417.77,No
CUST-02172,Male,1,Yes,Yes,19,Yes,No,DSL,Yes,Yes,Yes,No,No,Yes,Month-to-month,Yes,Mailed check,37.31,690.76,No
CUST-02173,Male,0,No,No,40,Yes,No,DSL,No,Yes,No,No,No,No,Month-to-month,Yes,Credit card (automatic),59.17,2334.94,No
CUST-02174,Male,0,Yes,No,59,Yes,Yes,No,No internet service,No internet service,No internet service,No internet service,No internet service,No internet service,One year,No,Credit card (automatic),57.4,3364.83,No
CUST-02175,Female,0,No,Yes,35,Yes,No,Fiber optic,No,No,No,No,Yes,No,Month-to-month,Yes,Bank transfer (automatic),114.46,3961.88,Yes
CUST-02176,Male,1,No,Yes,22,No,No phone service,DSL,Yes,No,Yes,Yes,Yes,Yes,One year,No,Mailed check,118.22,2606.38,Yes
CUST-02177,Female,1,Yes,Yes,54,Yes,No,DSL,No,Yes,No,Yes,Yes,No,Month-to-month,Yes,Bank transfer (automatic),90.23,4877.03,No
CUST-02178,Female,0,Yes,No,50,Yes,Yes,No,No internet service,No internet service,No internet service,No internet service,No internet service,No internet service,Month-to-month,Yes,Bank transfer (automatic),67.62,3337.52,No
CUST-02179,Male,0,No,No,1,Yes,No,DSL,Yes,Yes,No,Yes,No,No,One year,Yes,Credit card (automatic),36.92,74.66,No
CUST-02180,Female,0,No,No,59,Yes,Yes,DSL,No,No,No,No,Yes,Yes,Two year,Yes,Electronic check,86.61,5077.11,No
CUST-02181,Male,0,Yes,No,9,Yes,No,No,No internet service,No internet service,No internet service,No internet service,No internet service,No internet service,Month-to-month,Yes,Electronic check,94.35,848.02,No
CUST-02182,Female,0,No,No,54,Yes,Yes,Fiber optic,No,No,Yes,Yes,Yes,No,Month-to-month,No,Bank transfer (automatic),43.87,2406.2,No
CUST-02183,Male,0,Yes,Yes,8,Yes,No,DSL,No,No,No,Yes,No,No,One year,No,Credit card (automatic),64.99,577.84,No
CUST-02184,Male,0,Yes,No,5,Yes,No,Fiber optic,No,No,No,No,No,Yes,Month-to-month,Yes,Electronic check,106.78,427.31,Yes
CUST-02185,Male,1,Yes,No,9,Yes,Yes,Fiber optic,Yes,Yes,Yes,No,Yes,No,One year,No,Credit card (automatic),71.49,682.07,Yes
CUST-02186,Female,0,No,Yes,54,Yes,Yes,Fiber optic,Yes,No,Yes,Yes,No,Yes,Two year,No,Credit card (automatic),83.36,4512.05,No
CUST-02187,Female,0,Yes,No,33,Yes,No,DSL,No,No,Yes,No,Yes,Yes,Month-to-month,Yes,Bank transfer (automatic),100.79,3347.56,No
CUST-02188,Female,0,No,Yes,44,Yes,Yes,No,No internet service,No internet service,No internet service,No internet service,No internet service,No internet service,Month-to-month,Yes,Bank transfer (automatic),74.56,3258.38,No
CUST-02189,Female,0,Yes,No,21,Yes,Yes,Fiber optic,Yes,No,Yes,No,No,No,Month-to-month,No,Bank transfer (automatic),33.25,729.68,No
CUST-02190,Male,0,No,Yes,9,Yes,No,DSL,No,No,No,Yes,No,No,Month-to-month,Yes,Bank transfer (automatic),107.73,1016.68,No
CUST-02191,Female,1,No,No,57,Yes,No,Fiber optic,Yes,Yes,Yes,Yes,No,No,Month-to-month,Yes,Electronic check,98.68,5649.9,No
CUST-02192,Female,0,Yes,Yes,60,Yes,Yes,Fiber optic,No,No,No,No,No,No,Month-to-month,Yes,Credit card (automatic),37.97,2315.6,No
CUST-02193,Female,0,Yes,No,61,Yes,No,No,No internet service,No internet service,No internet service,No internet service,No internet service,No internet service,Month-to-month,No,Mailed check,100.56,6218.19,No
CUST-02194,Female,0,Yes,No,5,Yes,Yes,DSL,Yes,Yes,No,No,No,No,Month-to-month,Yes,Electronic check,47.16,297.93,No
CUST-02195,Male,0,Yes,No,67,Yes,No,DSL,No,No,Yes,No,No,No,One year,Yes,Mailed check,96.57,6439.73,No
CUST-02196,Male,1,No,No,40,Yes,No,Fiber optic,No,No,Yes,No,Yes,No,Two year,Yes,Mailed check,41.41,1687.37,No
CUST-02197,Female,0,No,Yes,15,Yes,Yes,DSL,Yes,Yes,Yes,Yes,Yes,No,Two year,Yes,Mailed check,87.68,1364.29,No
CUST-02198,Male,0,Yes,No,15,Yes,No,DSL,Yes,No,No,Yes,No,No,Month-to-month,No,Credit card (automatic),80.4,1219.3,No
CUST-02199,Male,0,No,Yes,37,Yes,No,Fiber optic,No,No,Yes,No,Yes,Yes,One year,No,Mailed check,51.99,1952.09,No
CUST-02200,Female,0,Yes,No,44,Yes,No,Fiber optic,No,Yes,No,Yes,No,No,Month-to-month,No,Electronic check,86.66,3743.19,No
CUST-02201,Female,0,Yes,Yes,4,Yes,No,Fiber optic,No,No,No,Yes,No,Yes,One year,Yes,Mailed check,125.0,496.66,Yes
CUST-02202,Female,1,Yes,No,36,Yes,Yes,Fiber optic,Yes,Yes,Yes,Yes,Yes,No,Month-to-month,Yes,Electronic check,125.0,4487.08,No
CUST-02203,Female,0,Yes,No,18,Yes,No,Fiber optic,No,No,No,Yes,Yes,Yes,Month-to-month,Yes,Electronic check,76.2,1327.61,Yes
CUST-02204,Female,1,No,No,67,Yes,No,No,No internet service,No internet service,No internet service,No internet service,No internet service,No internet service,Month-to-month,Yes,Mailed check,103.9,7003.99,No
CUST-02205,Female,0,Yes,No,45,Yes,No,Fiber optic,No,No,Yes,No,No,Yes,Two year,No,Credit card (automatic),35.14,1526.83,No
CUST-02206,Male,0,No,Yes,27,No,No phone service,Fiber optic,No,Yes,Yes,No,No,No,Month-to-month,Yes,Electronic check,125.0,3416.07,No
CUST-02207,Female,1,Yes,No,31,Yes,No,No,No internet service,No internet service,No internet service,No internet service,No internet service,No internet service,Two year,No,Mailed check,100.78,3116.69,No
CUST-02208,Male,0,No,Yes,61,Yes,Yes,DSL,Yes,No,No,Yes,Yes,No,Month-to-month,Yes,Electronic check,121.75,7477.53,Yes
CUST-02209,Female,0,Yes,Yes,50,Yes,No,Fiber optic,Yes,Yes,Yes,No,No,No,One year,No,Electronic check,66.65,3349.3,Yes
CUST-02210,Female,1,Yes,No,28,Yes,Yes,Fiber optic,Yes,No,No,Yes,No,Yes,Month-to-month,Yes,Electronic check,69.46,1950.88,No
CUST-02211,Male,0,Yes,No,61,Yes,Yes,Fiber optic,Yes,Yes,No,Yes,No,No,One year,No,Credit card (automatic),117.34,7155.44,Yes
CUST-02212,Male,1,Yes,No,45,Yes,Yes,Fiber optic,No,No,No,No,No,Yes,Two year,Yes,Bank transfer (automatic),92.42,4137.55,No
CUST-02213,Male,0,Yes,No,5,No,No phone service,DSL,No,No,Yes,Yes,No,Yes,Month-to-month,Yes,Mailed check,73.72,378.32,Yes
CUST-02214,Female,1,Yes,Yes,46,No,No phone service,Fiber optic,No,No,No,No,Yes,No,One year,Yes,Electronic check,106.8,4819.57,Yes
CUST-02215,Female,0,No,Yes,68,No,No phone service,Fiber optic,No,No,Yes,Yes,No,No,Month-to-month,Yes,Electronic check,105.81,7180.95,No
CUST-02216,Female,0,Yes,No,63,Yes,No,No,No internet service,No internet service,No internet service,No internet service,No internet service,No internet service,Two year,No,Electronic check,71.68,4543.93,No
CUST-02217,Female,1,No,Yes,4,Yes,Yes,DSL,Yes,Yes,No,No,No,No,Month-to-month,No,Credit card (automatic),102.28,404.49,Yes
CUST-02218,Male,0,No,No,64,Yes,Yes,No,No internet service,No internet service,No internet service,No internet service,No internet service,No internet service,Month-to-month,No,Mailed check,87.61,5646.77,No
CUST-02219,Female,0,No,No,71,Yes,Yes,DSL,No,No,No,No,No,No,One year,No,Electronic check,70.11,4941.61,No
CUST-02220,Female,0,No,Yes,12,Yes,No,Fiber optic,No,No,No,Yes,No,Yes,One year,Yes,Credit card (automatic),39.23,425.19,Yes
CUST-02221,Male,0,Yes,No,46,Yes,No,Fiber optic,No,No,Yes,No,Yes,Yes,Month-to-month,No,Bank transfer (automatic),72.79,3353.75,No
CUST-02222,Female,1,No,No,55,No,No phone service,Fiber optic,No,Yes,No,No,No,No,Two year,Yes,Credit card (automatic),90.79,4966.09,No
CUST-02223,Female,0,No,No,4,Yes,Yes,No,No internet service,No internet service,No internet service,No internet service,No internet service,No internet service,Two year,Yes,Electronic check,26.35,130.73,Yes
CUST-02224,Female,0,No,No,60,Yes,Yes,Fiber optic,Yes,No,No,Yes,No,Yes,Month-to-month,No,Electronic check,45.74,2722.65,No
CUST-02225,Female,0,Yes,No,29,Yes,Yes,DSL,Yes,No,No,No,Yes,No,One year,Yes,Credit card (automatic),27.33,801.66,No
CUST-02226,Male,1,No,No,22,Yes,No,Fiber optic,No,Yes,No,No,No,No,Month-to-month,No,Mailed check,83.05,1718.73,Yes
CUST-02227,Male,1,Yes,No,19,Yes,No,Fiber optic,No,Yes,No,Yes,No,Yes,Month-to-month,No,Bank transfer (automatic),82.62,1555.36,No
CUST-02228,Male,1,No,No,37,Yes,Yes,Fiber optic,No,No,No,Yes,No,No,Two year,No,Electronic check,42.31,1551.49,No
CUST-02229,Female,0,Yes,No,58,Yes,Yes,Fiber optic,No,No,No,No,Yes,No,Month-to-month,No,Credit card (automatic),55.25,3125.91,No
CUST-02230,Male,0,Yes,No,60,Yes,No,DSL,No,No,No,Yes,Yes,Yes,Month-to-month,Yes,Credit card (automatic),108.43,6516.09,No
CUST-02231,Male,0,No,No,17,Yes,No,Fiber optic,Yes,No,Yes,Yes,Yes,Yes,One year,Yes,Bank transfer (automatic),99.32,1682.59,No
CUST-02232,Female,0,No,No,60,Yes,No,Fiber optic,Yes,No,No,No,No,No,Month-to-month,Yes,Bank transfer (automatic),101.41,6046.87,No
CUST-02233,Male,0,Yes,Yes,60,Yes,No,Fiber optic,No,No,No,No,No,No,Two year,No,Mailed check,42.4,2601.85,No
CUST-02234,Female,0,No,No,5,Yes,No,No,No internet service,No internet service,No internet service,No internet service,No internet service,No internet service,Two year,Yes,Mailed check,84.16,376.01,No
CUST-02235,Male,0,No,No,23,Yes,No,DSL,No,No,No,No,No,No,Month-to-month,No,Electronic check,59.77,1415.54,No
CUST-02236,Male,0,No,No,2,Yes,Yes,Fiber optic,Yes,Yes,No,No,No,Yes,Two year,Yes,Electronic check,37.56,70.21,No
CUST-02237,Female,0,No,No,72,Yes,No,No,No internet service,No internet service,No internet service,No internet service,No internet service,No internet service,One year,Yes,Electronic check,31.89,2338.28,No
CUST-02238,Female,0,Yes,No,35,Yes,No,DSL,Yes,No,Yes,No,Yes,Yes,Month-to-month,No,Mailed check,103.66,3653.37,No
CUST-02239,Female,0,Yes,No,20,Yes,No,Fiber optic,No,Yes,No,No,Yes,Yes,Month-to-month,Yes,Credit card (automatic),33.25,577.14,Yes
CUST-02240,Male,1,No,No,65,Yes,No,No,No internet service,No internet service,No internet service,No internet service,No internet service,No internet service,Two year,No,Electronic check,118.75,7672.5,No
CUST-02241,Female,0,Yes,No,50,Yes,No,DSL,Yes,No,No,No,Yes,Yes,Month-to-month,No,Mailed check,21.25,1025.07,No
CUST-02242,Male,1,No,No,68,Yes,No,Fiber optic,No,No,Yes,No,Yes,No,Month-to-month,No,Electronic check,116.61,8034.55,No
CUST-02243,Female,0,No,No,58,Yes,Yes,Fiber optic,No,No,No,Yes,Yes,No,Month-to-month,No,Bank transfer (automatic),93.38,5462.16,No
CUST-02244,Female,0,No,No,69,Yes,No,DSL,Yes,No,Yes,Yes,No,Yes,Month-to-month,Yes,Bank transfer (automatic),95.63,6664.89,No
CUST-02245,Male,0,Yes,No,16,Yes,Yes,Fiber optic,Yes,No,Yes,No,No,No,One year,Yes,Mailed check,101.5,1573.21,No
CUST-02246,Male,0,No,No,15,Yes,No,DSL,Yes,Yes,Yes,Yes,No,No,Month-to-month,No,Electronic check,103.96,1568.52,No
CUST-02247,Male,0,No,Yes,6,Yes,Yes,No,No internet service,No internet service,No internet service,No internet service,No internet service,No internet service,One year,Yes,Mailed check,67.69,373.2,No
CUST-02248,Female,0,Yes,Yes,25,Yes,No,Fiber optic,No,Yes,No,No,Yes,No,Two year,Yes,Electronic check,92.47,2383.04,No
CUST-02249,Female,0,Yes,No,40,Yes,No,DSL,No,No,No,Yes,No,Yes,Month-to-month,No,Bank transfer (automatic),82.84,3336.07,No
CUST-02250,Female,1,Yes,No,41,Yes,Yes,DSL,Yes,No,No,No,No,No,Month-to-month,Yes,Bank transfer (automatic),89.67,3666.17,No
CUST-02251,Male,0,Yes,No,49,Yes,Yes,No,No internet service,No internet service,No internet service,No internet service,No internet service,No internet service,Month-to-month,Yes,Bank transfer (automatic),77.87,3785.98,No
CUST-02252,Male,0,No,Yes,53,Yes,No,Fiber optic,No,No,No,Yes,No,No,One year,No,Electronic check,114.6,6104.06,No
CUST-02253,Female,0,No,Yes,59,Yes,No,DSL,Yes,No,No,No,No,No,One year,Yes,Credit card (automatic),32.77,1949.64,No
CUST-02254,Male,0,Yes,No,38,Yes,Yes,DSL,No,Yes,No,No,No,No,One year,Yes,Electronic check,89.93,3402.8,No
CUST-02255,Female,0,No,No,20,Yes,Yes,Fiber optic,No,No,Yes,No,No,No,Two year,No,Credit card (automatic),67.92,1324.55,Yes
CUST-02256,Male,0,Yes,No,32,Yes,Yes,DSL,Yes,Yes,No,Yes,No,Yes,Month-to-month,Yes,Electronic check,74.86,2425.45,No
CUST-02257,Male,0,Yes,No,63,Yes,Yes,No,No internet service,No internet service,No internet service,No internet service,No internet service,No internet service,One year,No,Electronic check,118.75,7479.55,No
CUST-02258,Male,0,Yes,No,59,Yes,No,DSL,No,Yes,No,No,Yes,No,Two year,Yes,Bank transfer (automatic),109.16,6411.02,No
CUST-02259,Female,1,No,No,66,Yes,Yes,DSL,No,Yes,Yes,No,No,No,One year,Yes,Mailed check,20.19,1342.58,No
CUST-02260,Male,1,No,Yes,39,Yes,No,Fiber optic,No,No,No,No,No,Yes,One year,No,Credit card (automatic),69.53,2745.14,Yes
CUST-02261,Female,0,No,No,57,Yes,Yes,DSL,No,No,Yes,No,No,Yes,One year,Yes,Electronic check,48.31,2754.16,No
CUST-02262,Male,1,No,No,30,Yes,No,Fiber optic,No,No,No,No,No,Yes,Month-to-month,Yes,Credit card (automatic),104.72,3171.09,No
CUST-02263,Female,0,Yes,No,1,Yes,No,No,No internet service,No internet service,No internet service,No internet service,No internet service,No internet service,Month-to-month,Yes,Credit card (automatic),108.94,69.48,No
CUST-02264,Male,0,No,No,54,Yes,No,Fiber optic,Yes,No,No,No,No,No,Month-to-month,No,Bank transfer (automatic),54.8,3025.92,No
CUST-02265,Female,1,Yes,No,7,No,No phone service,No,No internet service,No internet service,No internet service,No internet service,No internet service,No internet service,One year,No,Mailed check,63.05,403.64,No
CUST-02266,Female,0,Yes,Yes,46,Yes,Yes,No,No internet service,No internet service,No internet service,No internet service,No internet service,No internet service,Month-to-month,Yes,Credit card (automatic),76.78,3557.18,No
CUST-02267,Male,0,No,Yes,72,Yes,Yes,DSL,Yes,No,Yes,No,No,No,Two year,Yes,Bank transfer (automatic),51.86,3728.43,No
CUST-02268,Male,0,Yes,No,2,No,No phone service,DSL,No,No,No,No,Yes,No,Month-to-month,No,Bank transfer (automatic),76.58,111.09,Yes
CUST-02269,Female,0,Yes,No,53,Yes,No,Fiber optic,No,No,No,No,No,Yes,One year,Yes,Bank transfer (automatic),105.56,5578.28,No
CUST-02270,Male,0,Yes,No,63,Yes,Yes,No,No internet service,No internet service,No internet service,No internet service,No internet service,No internet service,Month-to-month,No,Electronic check,88.06,5626.65,No
CUST-02271,Female,0,Yes,Yes,46,Yes,Yes,No,No internet service,No internet service,No internet service,No internet service,No internet service,No internet service,Month-to-month,Yes,Electronic check,57.25,2589.93,No
CUST-02272,Female,0,No,No,50,Yes,No,Fiber optic,Yes,No,No,No,No,Yes,Two year,Yes,Electronic check,125.0,6206.68,No
CUST-02273,Female,0,Yes,Yes,65,No,No phone service,DSL,Yes,Yes,No,No,No,No,Month-to-month,No,Bank transfer (automatic),21.25,1342.1,No
CUST-02274,Female,0,No,No,56,No,No phone service,Fiber optic,No,No,No,No,Yes,No,Month-to-month,No,Electronic check,33.25,1906.71,No
CUST-02275,Female,0,No,Yes,3,Yes,No,Fiber optic,Yes,No,No,No,Yes,No,Two year,Yes,Credit card (automatic),68.07,212.38,Yes
CUST-02276,Female,1,No,No,56,No,No phone service,No,No internet service,No internet service,No internet service,No internet service,No internet service,No internet service,Month-to-month,No,Electronic check,82.88,4623.1,No
CUST-02277,Female,0,Yes,No,55,Yes,No,Fiber optic,Yes,No,No,No,No,No,Month-to-month,Yes,Credit card (automatic),53.19,2912.47,No
CUST-02278,Female,0,No,Yes,17,Yes,Yes,DSL,No,No,No,Yes,No,Yes,Two year,No,Bank transfer (automatic),118.75,1998.7,Yes
CUST-02279,Female,0,Yes,No,48,Yes,No,Fiber optic,Yes,No,No,No,No,Yes,Month-to-month,No,Credit card (automatic),89.69,4296.32,No
CUST-02280,Male,0,Yes,No,61,Yes,Yes,Fiber optic,Yes,Yes,No,Yes,Yes,Yes,Two year,Yes,Electronic check,77.11,4655.59,No
CUST-02281,Male,0,No,Yes,62,Yes,No,Fiber optic,No,Yes,No,No,No,No,Two year,Yes,Credit card (automatic),112.08,6887.32,No
CUST-02282,Female,0,Yes,Yes,63,Yes,Yes,Fiber optic,Yes,Yes,No,Yes,No,No,One year,Yes,Mailed check,35.62,2254.45,No
CUST-02283,Female,0,No,No,57,No,No phone service,No,No internet service,No internet service,No internet service,No internet service,No internet service,No internet service,Two year,No,Electronic check,113.06,6416.54,No
CUST-02284,Male,0,Yes,No,9,Yes,Yes,Fiber optic,Yes,Yes,No,No,No,No,Month-to-month,Yes,Mailed check,49.11,460.64,Yes
CUST-02285,Male,0,No,No,35,Yes,No,DSL,Yes,No,Yes,No,No,No,Month-to-month,Yes,Mailed check,34.71,1222.42,No
CUST-02286,Male,0,No,No,17,Yes,Yes,DSL,No,No,No,No,No,No,Month-to-month,No,Electronic check,76.76,1357.3,No
CUST-02287,Male,0,No,No,6,Yes,No,Fiber optic,No,No,No,No,No,Yes,Two year,Yes,Bank transfer (automatic),65.64,400.87,Yes
CUST-02288,Male,0,Yes,No,19,Yes,Yes,Fiber optic,Yes,No,Yes,No,Yes,Yes,One year,No,Electronic check,104.95,2020.66,No
CUST-02289,Male,0,Yes,No,66,Yes,No,Fiber optic,Yes,Yes,No,No,Yes,No,One year,No,Mailed check,69.96,4592.38,No
CUST-02290,Female,0,No,No,44,Yes,No,Fiber optic,Yes,No,No,Yes,Yes,No,Month-to-month,Yes,Mailed check,111.68,4837.81,No
CUST-02291,Female,0,No,Yes,55,Yes,No,Fiber optic,No,No,Yes,Yes,No,No,One year,Yes,Electronic check,101.01,5543.8,No
CUST-02292,Female,0,Yes,Yes,37,Yes,Yes,No,No internet service,No internet service,No internet service,No internet service,No internet service,No internet service,One year,Yes,Mailed check,80.92,2970.29,No
CUST-02293,Female,0,Yes,No,26,Yes,Yes,DSL,Yes,Yes,Yes,No,No,No,Two year,No,Bank transfer (automatic),70.58,1791.35,No
CUST-02294,Male,0,No,No,35,Yes,Yes,Fiber optic,No,No,No,No,No,Yes,One year,Yes,Electronic check,69.99,2487.32,No
CUST-02295,Male,0,No,No,71,Yes,No,No,No internet service,No internet service,No internet service,No internet service,No internet service,No internet service,Month-to-month,Yes,Electronic check,66.97,4740.3,No
CUST-02296,Male,0,No,Yes,21,Yes,No,DSL,No,No,No,No,No,No,Month-to-month,No,Credit card (automatic),74.3,1575.38,No
CUST-02297,Female,0,No,No,23,Yes,Yes,DSL,No,Yes,No,Yes,No,No,Month-to-month,No,Bank transfer (automatic),97.68,2194.92,Yes
CUST-02298,Female,0,Yes,No,61,Yes,No,Fiber optic,Yes,No,No,No,Yes,No,Month-to-month,No,Credit card (automatic),89.93,5494.22,No
CUST-02299,Female,0,Yes,No,27,Yes,Yes,DSL,Yes,No,Yes,Yes,No,No,Two year,Yes,Mailed check,50.96,1418.9,No
CUST-02300,Male,1,No,Yes,66,No,No phone service,Fiber optic,No,No,No,No,No,No,Month-to-month,Yes,Electronic check,107.4,7177.98,No
CUST-02301,Female,0,No,No,71,Yes,No,No,No internet service,No internet service,No internet service,No internet service,No internet service,No internet service,Month-to-month,No,Bank transfer (automatic),58.89,4118.74,Yes
CUST-02302,Female,0,Yes,No,5,Yes,No,DSL,Yes,No,No,No,No,Yes,Two year,No,Electronic check,113.7,581.83,No
CUST-02303,Male,0,No,Yes,49,Yes,No,No,No internet service,No internet service,No internet service,No internet service,No internet service,No internet service,One year,Yes,Electronic check,85.95,4147.67,No
CUST-02304,Male,0,Yes,No,7,Yes,No,DSL,Yes,Yes,Yes,Yes,No,No,Month-to-month,Yes,Electronic check,114.72,747.55,No
CUST-02305,Male,0,Yes,Yes,64,Yes,Yes,Fiber optic,No,No,Yes,No,No,No,Month-to-month,No,Mailed check,84.5,5420.54,Yes
CUST-02306,Female,0,No,No,9,Yes,Yes,DSL,Yes,Yes,No,No,No,Yes,Month-to-month,No,Electronic check,92.61,851.77,Yes
CUST-02307,Female,0,Yes,Yes,64,Yes,No,Fiber optic,No,Yes,Yes,Yes,No,No,Month-to-month,No,Mailed check,83.89,5403.16,No
CUST-02308,Female,0,Yes,No,56,Yes,Yes,No,No internet service,No internet service,No internet service,No internet service,No internet service,No internet service,Two year,Yes,Bank transfer (automatic),52.25,2919.78,No
CUST-02309,Female,0,No,Yes,39,Yes,No,DSL,No,No,No,No,No,No,One year,Yes,Mailed check,91.15,3608.3,No
CUST-02310,Male,0,Yes,No,15,Yes,Yes,No,No internet service,No internet service,No internet service,No internet service,No internet service,No internet service,Month-to-month,No,Mailed check,55.75,870.3,No
CUST-02311,Female,0,Yes,Yes,20,Yes,Yes,Fiber optic,Yes,No,No,Yes,No,Yes,Month-to-month,No,Credit card (automatic),67.34,1343.39,No
CUST-02312,Female,0,No,No,32,Yes,No,No,No internet service,No internet service,No internet service,No internet service,No internet service,No internet service,One year,Yes,Credit card (automatic),18.6,627.38,No
CUST-02313,Male,0,Yes,Yes,62,Yes,Yes,Fiber optic,No,No,Yes,No,No,No,Month-to-month,No,Credit card (automatic),125.0,7733.96,Yes
CUST-02314,Female,0,No,No,65,Yes,No,Fiber optic,No,Yes,No,Yes,Yes,No,One year,Yes,Bank transfer (automatic),70.88,4656.13,No
CUST-02315,Female,1,Yes,No,37,Yes,No,No,No internet service,No internet service,No internet service,No internet service,No internet service,No internet service,Two year,Yes,Electronic check,57.76,2148.8,No
CUST-02316,Female,0,Yes,No,17,No,No phone service,Fiber optic,No,No,Yes,No,Yes,Yes,One year,Yes,Bank transfer (automatic),65.06,1094.82,Yes
CUST-02317,Female,0,No,Yes,41,Yes,Yes,No,No internet service,No internet service,No internet service,No internet service,No internet service,No internet service,One year,Yes,Bank transfer (automatic),58.28,2357.17,No
CUST-02318,Female,0,Yes,No,60,Yes,Yes,DSL,Yes,No,No,Yes,Yes,Yes,Two year,Yes,Mailed check,48.94,2926.62,No
CUST-02319,Male,0,No,No,39,Yes,No,DSL,No,No,No,Yes,No,No,Month-to-month,No,Mailed check,39.35,1548.88,No
CUST-02320,Male,0,No,No,65,Yes,No,Fiber optic,No,Yes,No,Yes,Yes,Yes,One year,Yes,Mailed check,100.3,6519.52,No
CUST-02321,Female,0,No,No,1,Yes,No,DSL,No,Yes,Yes,Yes,No,Yes,Two year,No,Bank transfer (automatic),51.1,83.25,Yes
CUST-02322,Female,0,Yes,No,37,No,No phone service,Fiber optic,No,No,No,No,No,No,Two year,Yes,Electronic check,111.68,4117.77,No
CUST-02323,Female,0,Yes,No,4,Yes,Yes,No,No internet service,No internet service,No internet service,No internet service,No internet service,No internet service,Month-to-month,Yes,Credit card (automatic),76.02,328.41,No
CUST-02324,Male,1,No,No,45,Yes,Yes,Fiber optic,No,No,Yes,No,No,No,Month-to-month,Yes,Mailed check,33.25,1389.63,No
CUST-02325,Male,1,Yes,Yes,45,Yes,Yes,No,No internet service,No internet service,No internet service,No internet service,No internet service,No internet service,Month-to-month,No,Bank transfer (automatic),91.26,4094.42,No
CUST-02326,Male,0,No,Yes,23,Yes,No,Fiber optic,No,Yes,No,No,No,Yes,Two year,Yes,Electronic check,82.38,1879.45,No
CUST-02327,Female,0,No,No,58,Yes,No,DSL,No,Yes,No,Yes,Yes,No,One year,Yes,Mailed check,72.58,4119.74,No
CUST-02328,Female,0,Yes,No,69,Yes,Yes,DSL,No,No,No,No,No,Yes,One year,No,Mailed check,90.53,6290.55,No
CUST-02329,Female,1,Yes,No,33,Yes,No,No,No internet service,No internet service,No internet service,No internet service,No internet service,No internet service,Month-to-month,Yes,Bank transfer (automatic),48.3,1592.4,No
CUST-02330,Female,1,No,Yes,32,Yes,No,Fiber optic,Yes,No,Yes,Yes,No,Yes,Month-to-month,Yes,Mailed check,123.21,3964.29,No
CUST-02331,Female,0,No,No,14,Yes,No,No,No internet service,No internet service,No internet service,No internet service,No internet service,No internet service,Month-to-month,Yes,Mailed check,61.66,845.07,No
CUST-02332,Male,0,Yes,No,3,Yes,No,Fiber optic,No,No,No,No,No,No,Month-to-month,Yes,Bank transfer (automatic),125.0,411.29,Yes
CUST-02333,Female,0,No,No,30,Yes,No,DSL,No,Yes,No,No,No,Yes,Two year,No,Bank transfer (automatic),34.24,1031.34,No
CUST-02334,Male,0,No,No,32,Yes,Yes,Fiber optic,Yes,Yes,No,No,No,No,One year,No,Bank transfer (automatic),50.98,1659.45,No
CUST-02335,Male,0,Yes,Yes,56,Yes,Yes,Fiber optic,Yes,Yes,No,No,No,No,One year,Yes,Bank transfer (automatic),87.65,4915.15,Yes
CUST-02336,Male,0,Yes,No,63,Yes,Yes,Fiber optic,No,Yes,Yes,No,Yes,Yes,One year,Yes,Mailed check,93.08,5885.65,No
CUST-02337,Female,0,No,Yes,8,Yes,Yes,Fiber optic,No,No,No,Yes,Yes,No,One year,No,Bank transfer (automatic),79.62,641.62,Yes
CUST-02338,Male,0,No,No,11,Yes,No,Fiber optic,No,No,No,Yes,No,No,Two year,No,Mailed check,86.52,969.18,No
CUST-02339,Female,0,No,No,41,Yes,No,No,No internet service,No internet service,No internet service,No internet service,No internet service,No internet service,Two year,Yes,Credit card (automatic),97.92,4018.16,No
CUST-02340,Female,0,Yes,Yes,28,Yes,No,DSL,No,No,No,No,No,No,Month-to-month,Yes,Electronic check,64.64,1739.82,Yes
CUST-02341,Female,0,No,No,51,Yes,Yes,DSL,No,No,No,Yes,No,Yes,Month-to-month,Yes,Electronic check,40.69,2009.75,No
CUST-02342,Female,0,No,No,24,Yes,Yes,DSL,Yes,No,No,No,Yes,Yes,Month-to-month,Yes,Mailed check,114.67,2729.26,No
CUST-02343,Male,0,No,No,30,Yes,No,Fiber optic,No,No,No,No,No,No,Two year,Yes,Electronic check,116.83,3554.4,No
CUST-02344,Male,0,Yes,No,32,Yes,Yes,No,No internet service,No internet service,No internet service,No internet service,No internet service,No internet service,Two year,Yes,Credit card (automatic),100.49,3215.38,No
CUST-02345,Male,0,Yes,No,44,Yes,Yes,Fiber optic,Yes,No,No,No,No,No,Two year,Yes,Bank transfer (automatic),45.35,1935.24,No
CUST-02346,Female,0,No,No,6,Yes,Yes,No,No internet service,No internet service,No internet service,No internet service,No internet service,No internet service,Month-to-month,Yes,Credit card (automatic),47.2,270.04,No
CUST-02347,Female,0,Yes,No,64,Yes,No,Fiber optic,No,No,Yes,No,No,No,One year,No,Mailed check,97.5,6220.4,No
CUST-02348,Male,0,Yes,No,25,Yes,Yes,Fiber optic,No,No,No,No,No,Yes,Month-to-month,No,Electronic check,125.0,3114.97,Yes
CUST-02349,Female,0,No,Yes,16,Yes,No,Fiber optic,No,Yes,No,No,No,No,Month-to-month,No,Electronic check,125.0,2032.68,Yes
CUST-02350,Male,0,Yes,Yes,47,Yes,No,No,No internet service,No internet service,No internet service,No internet service,No internet service,No internet service,Two year,Yes,Mailed check,65.05,3080.61,No
CUST-02351,Male,0,No,Yes,10,Yes,No,DSL,Yes,Yes,No,Yes,Yes,No,One year,No,Electronic check,45.27,499.2,No
CUST-02352,Male,0,No,No,43,No,No phone service,Fiber optic,Yes,No,No,Yes,Yes,No,Month-to-month,No,Credit card (automatic),52.91,2263.73,Yes
CUST-02353,Male,0,No,No,5,Yes,No,Fiber optic,Yes,No,No,Yes,Yes,No,Month-to-month,Yes,Mailed check,76.26,398.6,No
CUST-02354,Female,0,Yes,Yes,19,Yes,Yes,No,No internet service,No internet service,No internet service,No internet service,No internet service,No internet service,Month-to-month,Yes,Electronic check,121.75,2357.58,No
CUST-02355,Female,0,No,No,53,Yes,Yes,DSL,No,No,No,No,No,No,Month-to-month,Yes,Mailed check,41.94,2219.62,No
CUST-02356,Female,0,No,No,27,Yes,Yes,DSL,No,Yes,No,Yes,No,Yes,Month-to-month,Yes,Bank transfer (automatic),73.2,1887.28,Yes
CUST-02357,Female,0,No,Yes,65,Yes,No,Fiber optic,No,No,No,No,No,No,Month-to-month,Yes,Bank transfer (automatic),61.23,3965.21,No
CUST-02358,Female,0,Yes,No,26,Yes,Yes,Fiber optic,No,No,Yes,No,No,No,Month-to-month,No,Mailed check,93.4,2506.84,No
CUST-02359,Male,0,Yes,No,50,No,No phone service,DSL,No,No,No,No,No,Yes,One year,No,Bank transfer (automatic),18.25,926.11,No
CUST-02360,Female,0,No,Yes,3,No,No phone service,Fiber optic,No,Yes,No,Yes,Yes,Yes,One year,Yes,Credit card (automatic),46.91,143.22,No
CUST-02361,Male,0,Yes,No,71,No,No phone service,Fiber optic,Yes,No,Yes,No,No,No,Month-to-month,Yes,Credit card (automatic),55.37,3904.06,No
CUST-02362,Male,1,No,Yes,45,Yes,No,Fiber optic,No,No,No,Yes,Yes,No,Month-to-month,No,Bank transfer (automatic),48.52,2161.03,No
CUST-02363,Male,0,Yes,No,51,Yes,No,Fiber optic,No,No,No,No,No,No,Two year,Yes,Electronic check,55.97,2860.47,No
CUST-02364,Female,0,Yes,No,24,Yes,No,DSL,Yes,No,No,Yes,No,No,Month-to-month,Yes,Electronic check,73.0,1788.58,Yes
CUST-02365,Male,0,No,No,21,Yes,Yes,Fiber optic,Yes,No,No,No,No,No,Month-to-month,No,Bank transfer (automatic),125.0,2559.56,No
CUST-02366,Female,0,No,No,32,Yes,Yes,Fiber optic,No,No,No,No,No,No,Month-to-month,No,Electronic check,77.78,2442.0,Yes
CUST-02367,Female,1,No,Yes,19,Yes,No,Fiber optic,Yes,Yes,No,No,No,No,Month-to-month,No,Credit card (automatic),60.98,1172.33,No
CUST-02368,Female,0,Yes,No,2,No,No phone service,Fiber optic,No,Yes,No,Yes,No,Yes,Month-to-month,No,Bank transfer (automatic),99.37,202.33,No
CUST-02369,Female,1,No,No,49,Yes,Yes,DSL,No,Yes,Yes,No,No,No,Month-to-month,No,Credit card (automatic),102.9,4957.98,No
CUST-02370,Female,0,No,No,52,Yes,No,Fiber optic,Yes,Yes,No,Yes,Yes,No,Month-to-month,No,Bank transfer (automatic),49.0,2530.1,No
CUST-02371,Female,0,Yes,No,49,Yes,No,Fiber optic,Yes,No,Yes,No,Yes,No,Month-to-month,Yes,Electronic check,60.01,2999.08,No
CUST-02372,Male,1,Yes,No,40,Yes,Yes,DSL,No,Yes,Yes,Yes,Yes,No,One year,No,Mailed check,47.9,1914.05,No
CUST-02373,Female,0,Yes,Yes,38,Yes,No,No,No internet service,No internet service,No internet service,No internet service,No internet service,No internet service,One year,No,Electronic check,60.87,2273.36,No
CUST-02374,Female,0,No,No,71,Yes,No,No,No internet service,No internet service,No internet service,No internet service,No internet service,No internet service,Month-to-month,No,Electronic check,66.49,4713.59,No
CUST-02375,Male,0,Yes,No,38,Yes,Yes,Fiber optic,No,Yes,No,No,No,No,Month-to-month,No,Bank transfer (automatic),88.89,3435.29,No
CUST-02376,Male,1,No,No,51,Yes,No,Fiber optic,No,Yes,No,Yes,No,No,Month-to-month,Yes,Mailed check,74.03,3799.18,No
CUST-02377,Male,0,Yes,No,30,Yes,Yes,Fiber optic,No,Yes,No,No,No,No,Month-to-month,Yes,Electronic check,101.45,3010.01,Yes
CUST-02378,Female,0,No,No,3,Yes,No,Fiber optic,No,No,No,Yes,Yes,No,Two year,No,Electronic check,72.27,238.96,No
CUST-02379,Male,0,No,No,26,Yes,No,DSL,No,Yes,Yes,No,No,Yes,Month-to-month,Yes,Electronic check,25.02,635.05,No
CUST-02380,Male,0,No,No,52,Yes,Yes,Fiber optic,No,Yes,No,Yes,No,Yes,One year,Yes,Credit card (automatic),98.19,5051.02,No
CUST-02381,Female,0,Yes,No,46,No,No phone service,Fiber optic,Yes,No,Yes,No,No,No,Month-to-month,Yes,Credit card (automatic),58.75,2745.55,No
CUST-02382,Female,0,Yes,No,50,Yes,No,Fiber optic,Yes,No,No,No,No,No,Month-to-month,No,Electronic check,70.85,3564.88,No
CUST-02383,Male,0,No,No,54,Yes,No,No,No internet service,No internet service,No internet service,No internet service,No internet service,No internet service,Month-to-month,Yes,Credit card (automatic),95.81,5132.76,No
CUST-02384,Female,1,Yes,Yes,16,Yes,Yes,Fiber optic,Yes,No,Yes,Yes,No,Yes,Month-to-month,Yes,Bank transfer (automatic),96.24,1580.85,Yes
CUST-02385,Female,0,No,No,59,Yes,Yes,Fiber optic,No,Yes,No,No,No,No,Month-to-month,No,Electronic check,68.33,3931.22,No
CUST-02386,Male,0,Yes,Yes,52,Yes,No,Fiber optic,No,No,No,Yes,No,No,One year,No,Electronic check,116.48,6055.74,No
CUST-02387,Male,0,Yes,No,23,Yes,Yes,Fiber optic,No,No,No,No,Yes,No,Month-to-month,Yes,Mailed check,117.35,2797.31,No
CUST-02388,Male,0,Yes,No,37,Yes,Yes,DSL,Yes,No,Yes,No,No,Yes,Month-to-month,No,Bank transfer (automatic),33.09,1314.62,No
CUST-02389,Male,1,No,No,62,Yes,Yes,Fiber optic,No,No,No,No,Yes,No,Month-to-month,Yes,Mailed check,33.25,2047.67,No
CUST-02390,Male,0,No,No,13,Yes,No,Fiber optic,No,No,No,No,Yes,No,One year,Yes,Credit card (automatic),80.64,1167.26,No
CUST-02391,Female,0,Yes,No,22,Yes,Yes,Fiber optic,No,Yes,Yes,No,No,Yes,Month-to-month,No,Electronic check,79.13,1767.29,Yes
CUST-02392,Female,0,Yes,Yes,14,Yes,Yes,DSL,Yes,Yes,No,No,Yes,No,One year,No,Electronic check,95.3,1325.19,No
CUST-02393,Male,0,Yes,No,22,Yes,No,Fiber optic,Yes,No,No,Yes,No,No,One year,No,Bank transfer (automatic),124.18,2741.74,No
CUST-02394,Female,0,No,No,15,Yes,Yes,No,No internet service,No internet service,No internet service,No internet service,No internet service,No internet service,Month-to-month,Yes,Bank transfer (automatic),119.6,1774.09,Yes
CUST-02395,Female,0,No,Yes,59,Yes,Yes,Fiber optic,No,No,No,No,No,Yes,One year,No,Electronic check,125.0,7411.21,No
CUST-02396,Male,0,Yes,Yes,72,No,No phone service,Fiber optic,No,Yes,No,No,No,No,Month-to-month,No,Credit card (automatic),52.53,3768.3,No
CUST-02397,Male,1,No,No,70,Yes,Yes,DSL,Yes,Yes,Yes,Yes,No,Yes,Month-to-month,Yes,Bank transfer (automatic),116.85,8192.66,Yes
CUST-02398,Female,0,No,No,26,Yes,Yes,Fiber optic,Yes,No,Yes,Yes,No,Yes,Month-to-month,Yes,Electronic check,34.97,898.45,No
CUST-02399,Female,0,No,No,68,No,No phone service,DSL,Yes,No,No,Yes,No,No,Two year,No,Bank transfer (automatic),18.25,1166.72,No
CUST-02400,Male,0,No,No,6,Yes,No,No,No internet service,No internet service,No internet service,No internet service,No internet service,No internet service,Month-to-month,No,Electronic check,34.32,178.81,No
CUST-02401,Female,0,No,No,8,Yes,Yes,DSL,No,Yes,Yes,No,Yes,Yes,Two year,Yes,Electronic check,72.5,576.02,No
CUST-02402,Male,0,No,Yes,24,Yes,Yes,No,No internet service,No internet service,No internet service,No internet service,No internet service,No internet service,Month-to-month,No,Credit card (automatic),85.05,2038.02,No
CUST-02403,Male,0,Yes,No,21,Yes,No,Fiber optic,Yes,No,No,Yes,No,No,Two year,Yes,Electronic check,69.36,1495.1,No
CUST-02404,Male,0,Yes,No,67,Yes,No,Fiber optic,Yes,Yes,Yes,No,No,No,Two year,Yes,Electronic check,78.94,5315.98,No
CUST-02405,Female,0,Yes,No,55,Yes,Yes,Fiber optic,Yes,No,No,Yes,Yes,Yes,Month-to-month,Yes,Electronic check,89.78,4922.51,No
CUST-02406,Male,0,Yes,No,55,Yes,No,DSL,Yes,Yes,Yes,No,No,Yes,Month-to-month,Yes,Bank transfer (automatic),72.16,3950.51,No
CUST-02407,Female,1,Yes,Yes,59,Yes,No,DSL,No,No,No,No,No,No,Month-to-month,No,Credit card (automatic),39.77,2356.05,No
CUST-02408,Male,0,No,Yes,53,Yes,No,Fiber optic,Yes,No,No,No,No,No,Month-to-month,No,Mailed check,88.77,4693.05,No
CUST-02409,Female,1,No,No,37,Yes,No,Fiber optic,Yes,No,No,No,Yes,No,Two year,Yes,Bank transfer (automatic),125.0,4605.56,No
CUST-02410,Female,0,Yes,No,5,Yes,Yes,Fiber optic,No,Yes,No,Yes,No,No,Month-to-month,No,Mailed check,79.3,361.27,Yes
CUST-02411,Male,0,Yes,No,2,Yes,Yes,No,No internet service,No internet service,No internet service,No internet service,No internet service,No internet service,Month-to-month,Yes,Credit card (automatic),32.51,49.72,No
CUST-02412,Female,0,No,No,71,Yes,No,DSL,No,No,No,No,No,Yes,Month-to-month,Yes,Credit card (automatic),121.75,8668.84,No
CUST-02413,Male,0,No,No,37,No,No phone service,Fiber optic,Yes,Yes,No,No,No,Yes,One year,No,Bank transfer (automatic),84.25,3072.94,No
CUST-02414,Male,0,Yes,No,69,Yes,No,DSL,No,No,No,No,No,Yes,Month-to-month,Yes,Electronic check,65.26,4526.49,Yes
CUST-02415,Female,0,No,Yes,3,Yes,Yes,Fiber optic,Yes,No,No,No,No,No,Month-to-month,No,Electronic check,125.0,498.01,Yes
CUST-02416,Female,0,Yes,Yes,46,Yes,No,DSL,Yes,No,No,No,No,No,Two year,No,Mailed check,45.39,2065.97,No
CUST-02417,Male,0,Yes,No,21,Yes,No,No,No internet service,No internet service,No internet service,No internet service,No internet service,No internet service,Month-to-month,No,Mailed check,82.1,1714.12,No
CUST-02418,Female,0,No,No,27,Yes,No,Fiber optic,No,No,No,No,No,Yes,Two year,No,Mailed check,30.25,797.78,No
CUST-02419,Female,0,No,No,48,No,No phone service,Fiber optic,Yes,No,Yes,Yes,No,Yes,Two year,Yes,Electronic check,59.79,2885.35,No
CUST-02420,Female,0,Yes,Yes,36,Yes,Yes,DSL,No,Yes,No,No,No,Yes,One year,No,Electronic check,25.96,921.32,No
CUST-02421,Female,0,No,No,10,Yes,Yes,Fiber optic,No,Yes,Yes,No,No,Yes,Two year,Yes,Bank transfer (automatic),76.81,758.03,No
CUST-02422,Male,0,No,Yes,72,Yes,No,DSL,No,No,Yes,Yes,Yes,No,One year,No,Credit card (automatic),85.54,6090.4,No
CUST-02423,Female,0,Yes,Yes,52,Yes,Yes,Fiber optic,Yes,No,Yes,No,Yes,No,Month-to-month,Yes,Mailed check,79.49,4122.75,No
CUST-02424,Male,0,No,No,26,Yes,No,Fiber optic,No,No,No,No,Yes,Yes,Two year,Yes,Bank transfer (automatic),98.36,2505.01,No
CUST-02425,Female,0,Yes,No,45,Yes,No,DSL,Yes,No,No,No,No,No,One year,Yes,Electronic check,69.8,3107.91,No
CUST-02426,Male,0,Yes,Yes,11,Yes,No,DSL,Yes,Yes,No,No,No,Yes,Month-to-month,No,Electronic check,42.43,520.4,Yes
CUST-02427,Female,0,Yes,No,31,Yes,Yes,DSL,Yes,No,No,No,Yes,Yes,Month-to-month,Yes,Electronic check,101.41,3104.8,Yes
CUST-02428,Female,0,Yes,No,31,No,No phone service,Fiber optic,No,Yes,Yes,No,Yes,No,Month-to-month,No,Electronic check,104.46,3221.95,No
CUST-02429,Male,0,Yes,No,27,Yes,Yes,DSL,No,No,No,No,No,No,One year,No,Electronic check,90.17,2461.08,No
CUST-02430,Female,0,No,No,35,Yes,No,DSL,Yes,No,Yes,No,No,No,Month-to-month,No,Bank transfer (automatic),54.29,1888.04,No
CUST-02431,Female,0,Yes,Yes,66,Yes,No,DSL,Yes,No,No,Yes,No,Yes,One year,Yes,Electronic check,21.91,1472.14,No
CUST-02432,Male,0,No,No,1,Yes,No,DSL,No,No,No,No,No,Yes,Month-to-month,No,Bank transfer (automatic),74.02,150.48,No
CUST-02433,Female,0,Yes,No,40,No,No phone service,Fiber optic,No,Yes,Yes,No,No,No,Month-to-month,Yes,Bank transfer (automatic),113.01,4540.96,No
CUST-02434,Female,0,No,Yes,68,Yes,No,Fiber optic,No,No,Yes,Yes,No,No,One year,Yes,Electronic check,68.62,4610.05,No
CUST-02435,Female,0,No,No,65,Yes,No,DSL,No,Yes,Yes,No,No,No,Two year,Yes,Credit card (automatic),50.02,3295.6,No
CUST-02436,Male,0,Yes,Yes,65,Yes,No,Fiber optic,No,No,Yes,No,Yes,No,Month-to-month,No,Electronic check,94.78,6145.28,No
CUST-02437,Male,0,No,No,30,Yes,No,Fiber optic,No,Yes,No,No,Yes,No,One year,No,Electronic check,30.53,832.14,Yes
CUST-02438,Male,0,No,No,41,Yes,No,Fiber optic,Yes,Yes,No,No,Yes,No,Month-to-month,Yes,Credit card (automatic),33.25,1311.26,No
CUST-02439,Male,0,No,No,43,Yes,No,No,No internet service,No internet service,No internet service,No internet service,No internet service,No internet service,Month-to-month,No,Electronic check,95.05,4077.29,Yes
CUST-02440,Female,0,Yes,Yes,61,Yes,Yes,Fiber optic,No,Yes,No,No,No,No,Month-to-month,Yes,Mailed check,89.29,5476.96,No
CUST-02441,Female,0,No,Yes,69,No,No phone service,Fiber optic,No,No,Yes,No,Yes,Yes,Month-to-month,Yes,Mailed check,97.45,6707.17,Yes
CUST-02442,Female,0,No,No,19,Yes,No,Fiber optic,No,No,Yes,No,No,No,Month-to-month,Yes,Electronic check,88.58,1694.96,Yes
CUST-02443,Female,0,Yes,Yes,9,Yes,Yes,Fiber optic,Yes,No,No,Yes,No,No,One year,Yes,Electronic check,38.36,325.14,No
CUST-02444,Female,0,No,No,20,Yes,No,DSL,No,No,No,No,No,Yes,Two year,No,Mailed check,48.11,1045.65,No
CUST-02445,Male,0,Yes,No,19,No,No phone service,DSL,No,No,Yes,No,No,No,Month-to-month,No,Mailed check,62.75,1160.43,No
CUST-02446,Male,0,Yes,Yes,22,Yes,Yes,No,No internet service,No internet service,No internet service,No internet service,No internet service,No internet service,Month-to-month,Yes,Bank transfer (automatic),88.0,1997.97,No
CUST-02447,Male,0,No,No,67,No,No phone service,No,No internet service,No internet service,No internet service,No internet service,No internet service,No internet service,Month-to-month,Yes,Bank transfer (automatic),58.2,3898.3,No
CUST-02448,Male,0,No,Yes,16,Yes,Yes,No,No internet service,No internet service,No internet service,No internet service,No internet service,No internet service,Month-to-month,No,Mailed check,86.81,1407.08,No
CUST-02449,Male,0,Yes,No,31,Yes,No,Fiber optic,No,No,Yes,Yes,No,No,Month-to-month,Yes,Electronic check,60.62,1764.9,Yes
CUST-02450,Female,0,Yes,No,26,Yes,Yes,No,No internet service,No internet service,No internet service,No internet service,No internet service,No internet service,Two year,No,Bank transfer (automatic),114.49,3048.56,No
CUST-02451,Male,0,Yes,No,20,Yes,Yes,Fiber optic,No,Yes,No,No,Yes,No,Month-to-month,Yes,Mailed check,88.88,1734.17,Yes
CUST-02452,Male,1,No,No,15,Yes,Yes,Fiber optic,No,No,No,Yes,No,Yes,Month-to-month,Yes,Mailed check,96.58,1479.52,Yes
CUST-02453,Female,1,Yes,No,72,No,No phone service,No,No internet service,No internet service,No internet service,No internet service,No internet service,No internet service,Two year,No,Bank transfer (automatic),84.71,6069.99,No
CUST-02454,Female,0,Yes,Yes,46,Yes,No,No,No internet service,No internet service,No internet service,No internet service,No internet service,No internet service,One year,Yes,Credit card (automatic),18.25,778.42,No
CUST-02455,Male,0,Yes,Yes,8,Yes,No,Fiber optic,No,Yes,Yes,No,No,Yes,One year,No,Mailed check,92.83,783.2,No
CUST-02456,Female,0,No,Yes,48,Yes,Yes,Fiber optic,Yes,Yes,No,No,No,No,One year,No,Bank transfer (automatic),78.72,3754.11,No
CUST-02457,Male,0,Yes,No,45,Yes,No,Fiber optic,No,Yes,No,No,Yes,Yes,Two year,Yes,Bank transfer (automatic),72.22,3244.73,No
CUST-02458,Male,0,No,No,26,Yes,No,Fiber optic,No,No,No,No,Yes,No,Month-to-month,Yes,Electronic check,95.65,2473.24,Yes
CUST-02459,Female,0,Yes,No,57,Yes,No,Fiber optic,Yes,Yes,No,Yes,No,No,Month-to-month,No,Bank transfer (automatic),70.62,3943.34,No
CUST-02460,Female,0,Yes,No,58,No,No phone service,DSL,Yes,Yes,No,Yes,Yes,No,Month-to-month,No,Credit card (automatic),111.81,6430.43,No
CUST-02461,Female,0,Yes,No,57,Yes,No,No,No internet service,No internet service,No internet service,No internet service,No internet service,No internet service,Two year,Yes,Bank transfer (automatic),118.75,6676.0,No
CUST-02462,Female,0,Yes,Yes,47,Yes,No,DSL,No,Yes,No,Yes,No,No,Two year,Yes,Electronic check,74.61,3464.99,No
CUST-02463,Female,0,Yes,Yes,32,Yes,No,DSL,Yes,No,No,No,No,No,One year,Yes,Mailed check,92.94,3044.33,No
CUST-02464,Male,0,Yes,No,15,Yes,Yes,Fiber optic,No,Yes,No,Yes,No,No,Month-to-month,No,Electronic check,74.1,1166.05,No
CUST-02465,Female,0,Yes,No,4,Yes,Yes,Fiber optic,Yes,No,No,Yes,Yes,No,One year,No,Credit card (automatic),48.11,278.26,No
CUST-02466,Female,0,Yes,No,67,Yes,Yes,DSL,No,Yes,No,No,Yes,No,Month-to-month,Yes,Mailed check,84.67,5717.35,No
CUST-02467,Female,1,Yes,Yes,61,Yes,No,DSL,No,No,No,No,No,Yes,One year,Yes,Electronic check,37.02,2272.36,No
CUST-02468,Male,0,Yes,No,15,No,No phone service,No,No internet service,No internet service,No internet service,No internet service,No internet service,No internet service,One year,No,Bank transfer (automatic),49.04,802.67,No
CUST-02469,Female,0,Yes,Yes,58,No,No phone service,Fiber optic,No,Yes,No,Yes,No,Yes,One year,No,Credit card (automatic),81.19,4687.42,No
CUST-02470,Female,0,Yes,No,4,Yes,No,No,No internet service,No internet service,No internet service,No internet service,No internet service,No internet service,Month-to-month,Yes,Bank transfer (automatic),69.27,345.21,Yes
CUST-02471,Male,1,No,Yes,18,No,No phone service,No,No internet service,No internet service,No internet service,No internet service,No internet service,No internet service,Month-to-month,Yes,Electronic check,71.36,1287.96,No
CUST-02472,Female,1,No,Yes,11,Yes,Yes,Fiber optic,No,No,Yes,Yes,No,No,Month-to-month,Yes,Credit card (automatic),117.69,1295.65,Yes
CUST-02473,Female,0,No,No,25,Yes,No,Fiber optic,No,No,No,No,Yes,No,One year,No,Electronic check,111.49,2789.48,No
CUST-02474,Female,0,Yes,No,24,No,No phone service,DSL,No,No,No,No,No,Yes,Month-to-month,Yes,Electronic check,102.0,2509.97,Yes
CUST-02475,Female,0,No,No,37,No,No phone service,No,No internet service,No internet service,No internet service,No internet service,No internet service,No internet service,Two year,No,Credit card (automatic),75.42,2883.16,No
CUST-02476,Female,0,No,Yes,34,Yes,Yes,Fiber optic,Yes,No,Yes,Yes,No,No,Two year,Yes,Bank transfer (automatic),43.73,1430.06,No
CUST-02477,Male,1,Yes,No,9,Yes,No,No,No internet service,No internet service,No internet service,No internet service,No internet service,No internet service,Month-to-month,No,Credit card (automatic),63.24,614.42,No
CUST-02478,Female,0,Yes,No,11,Yes,Yes,No,No internet service,No internet service,No internet service,No internet service,No internet service,No internet service,Month-to-month,No,Bank transfer (automatic),53.61,578.26,No
CUST-02479,Female,0,No,No,60,Yes,No,DSL,Yes,No,No,Yes,Yes,No,One year,Yes,Bank transfer (automatic),73.66,4418.19,No
CUST-02480,Female,0,No,Yes,40,Yes,No,No,No internet service,No internet service,No internet service,No internet service,No internet service,No internet service,Month-to-month,No,Mailed check,106.51,4263.48,No
CUST-02481,Male,0,No,No,67,Yes,Yes,No,No internet service,No internet service,No internet service,No internet service,No internet service,No internet service,Month-to-month,No,Electronic check,83.25,5622.43,No
CUST-02482,Male,0,No,No,10,Yes,No,Fiber optic,No,No,Yes,Yes,No,No,Month-to-month,No,Electronic check,80.59,745.58,Yes
CUST-02483,Female,0,No,No,23,Yes,No,No,No internet service,No internet service,No internet service,No internet service,No internet service,No internet service,Month-to-month,No,Electronic check,94.14,2104.27,Yes
CUST-02484,Female,0,No,No,12,Yes,No,Fiber optic,No,No,No,No,No,No,Two year,Yes,Electronic check,79.76,960.58,No
CUST-02485,Female,0,Yes,No,67,Yes,Yes,Fiber optic,No,No,No,Yes,Yes,No,One year,Yes,Credit card (automatic),76.76,5077.17,No
CUST-02486,Female,1,Yes,Yes,12,Yes,No,DSL,No,No,No,No,Yes,No,Two year,Yes,Mailed check,90.99,1100.28,No
CUST-02487,Female,0,No,Yes,58,Yes,Yes,Fiber optic,Yes,No,No,No,Yes,No,Month-to-month,No,Mailed check,98.63,5765.7,No
CUST-02488,Female,1,Yes,Yes,14,Yes,Yes,Fiber optic,No,No,No,Yes,No,No,Month-to-month,No,Mailed check,65.17,931.74,No
CUST-02489,Male,0,Yes,No,53,Yes,No,DSL,No,Yes,Yes,No,No,No,Month-to-month,No,Bank transfer (automatic),30.24,1620.14,No
CUST-02490,Female,0,Yes,Yes,33,Yes,No,Fiber optic,No,No,No,Yes,No,No,One year,No,Electronic check,87.16,2838.92,No
CUST-02491,Female,0,Yes,Yes,70,No,No phone service,DSL,No,Yes,Yes,Yes,No,No,Two year,Yes,Electronic check,59.77,4258.28,No
CUST-02492,Female,0,Yes,No,6,Yes,Yes,Fiber optic,No,No,No,Yes,No,No,Two year,No,Credit card (automatic),68.71,470.47,No
CUST-02493,Male,0,No,Yes,24,Yes,Yes,Fiber optic,No,No,Yes,Yes,No,No,Month-to-month,No,Electronic check,69.2,1720.74,No
CUST-02494,Male,0,Yes,No,53,Yes,No,No,No internet service,No internet service,No internet service,No internet service,No internet service,No internet service,Month-to-month,No,Electronic check,69.63,3716.87,Yes
CUST-02495,Female,0,No,No,66,Yes,No,DSL,Yes,Yes,No,No,No,Yes,Month-to-month,Yes,Electronic check,74.12,4847.81,No
CUST-02496,Female,0,Yes,No,39,Yes,No,DSL,No,Yes,No,Yes,No,No,Month-to-month,Yes,Electronic check,56.33,2138.92,No
CUST-02497,Male,0,No,No,8,Yes,Yes,DSL,No,No,No,Yes,Yes,No,One year,Yes,Bank transfer (automatic),45.14,415.21,Yes
CUST-02498,Male,1,No,No,46,Yes,Yes,No,No internet service,No internet service,No internet service,No internet service,No internet service,No internet service,One year,Yes,Credit card (automatic),18.29,819.58,No
CUST-02499,Female,1,No,No,35,Yes,No,Fiber optic,No,No,No,No,Yes,Yes,One year,No,Bank transfer (automatic),82.94,2839.82,No
CUST-02500,Male,1,Yes,No,56,Yes,Yes,DSL,No,No,Yes,No,Yes,No,Two year,Yes,Mailed check,92.06,5045.29,No
CUST-02501,Male,0,Yes,No,40,Yes,Yes,DSL,Yes,No,Yes,Yes,No,No,Two year,No,Electronic check,73.95,3006.08,No
CUST-02502,Female,1,No,Yes,65,Yes,Yes,DSL,No,No,Yes,No,Yes,Yes,Month-to-month,No,Electronic check,29.85,1990.66,No
CUST-02503,Male,0,No,No,9,Yes,No,Fiber optic,No,No,No,No,Yes,No,Month-to-month,No,Bank transfer (automatic),59.17,632.64,Yes
CUST-02504,Female,1,Yes,No,45,Yes,No,Fiber optic,No,Yes,Yes,No,Yes,No,Two year,Yes,Bank transfer (automatic),50.34,2275.16,Yes
CUST-02505,Female,0,No,No,54,Yes,No,Fiber optic,No,No,Yes,No,No,No,Month-to-month,Yes,Credit card (automatic),57.78,3124.72,No
CUST-02506,Female,0,No,No,30,No,No phone service,DSL,No,Yes,Yes,Yes,No,Yes,Month-to-month,No,Mailed check,50.76,1431.82,No
CUST-02507,Female,1,Yes,No,35,Yes,No,Fiber optic,Yes,No,Yes,No,No,Yes,Month-to-month,Yes,Electronic check,65.14,2327.78,No
CUST-02508,Male,0,No,No,51,Yes,No,Fiber optic,No,No,Yes,Yes,No,No,Month-to-month,Yes,Electronic check,125.0,6366.41,Yes
CUST-02509,Female,0,Yes,No,33,Yes,Yes,DSL,Yes,Yes,No,No,No,Yes,Month-to-month,Yes,Bank transfer (automatic),56.09,1849.16,No
CUST-02510,Female,0,Yes,Yes,29,Yes,No,DSL,No,No,No,No,Yes,No,Month-to-month,Yes,Electronic check,21.25,579.62,No
CUST-02511,Female,0,No,No,42,No,No phone service,DSL,No,No,No,Yes,No,Yes,One year,No,Bank transfer (automatic),100.04,4197.94,No
CUST-02512,Male,0,No,Yes,58,Yes,Yes,Fiber optic,No,No,No,No,No,Yes,Month-to-month,No,Credit card (automatic),88.32,5137.31,No
CUST-02513,Male,1,No,No,10,Yes,No,Fiber optic,No,No,Yes,No,No,No,Two year,No,Credit card (automatic),107.24,1056.65,Yes
CUST-02514,Male,1,No,No,63,Yes,No,Fiber optic,No,Yes,No,No,Yes,No,One year,Yes,Mailed check,79.39,4937.82,No
CUST-02515,Female,1,No,No,15,Yes,No,Fiber optic,No,No,No,No,No,Yes,Month-to-month,No,Mailed check,124.84,1909.75,Yes
CUST-02516,Male,0,Yes,No,8,Yes,No,DSL,Yes,No,No,Yes,No,Yes,Two year,Yes,Electronic check,74.67,618.55,No
CUST-02517,Male,0,Yes,No,14,Yes,No,No,No internet service,No internet service,No internet service,No internet service,No internet service,No internet service,Two year,Yes,Electronic check,98.61,1367.84,Yes
CUST-02518,Male,0,Yes,No,6,No,No phone service,Fiber optic,No,No,No,Yes,Yes,Yes,Month-to-month,Yes,Electronic check,112.53,738.87,No
CUST-02519,Female,0,No,Yes,69,Yes,Yes,DSL,No,No,Yes,No,No,No,Month-to-month,No,Bank transfer (automatic),61.66,4243.61,No
CUST-02520,Male,0,No,No,22,Yes,No,No,No internet service,No internet service,No internet service,No internet service,No internet service,No internet service,Two year,Yes,Electronic check,75.77,1675.94,No
CUST-02521,Female,0,No,Yes,56,Yes,No,Fiber optic,Yes,No,No,Yes,Yes,Yes,Month-to-month,No,Electronic check,119.83,6610.84,No
CUST-02522,Female,1,Yes,Yes,14,Yes,No,Fiber optic,Yes,No,Yes,No,Yes,No,Two year,Yes,Credit card (automatic),96.75,1317.72,Yes
CUST-02523,Female,0,Yes,No,39,Yes,No,Fiber optic,Yes,No,No,No,No,No,Month-to-month,Yes,Electronic check,115.3,4515.2,Yes
CUST-02524,Female,0,No,No,31,Yes,No,No,No internet service,No internet service,No internet service,No internet service,No internet service,No internet service,Month-to-month,No,Mailed check,121.75,3761.66,Yes
CUST-02525,Female,0,No,No,48,No,No phone service,DSL,No,No,No,No,Yes,No,One year,Yes,Electronic check,55.18,2675.21,No
CUST-02526,Female,0,Yes,Yes,72,Yes,No,DSL,Yes,No,No,No,No,No,Month-to-month,Yes,Electronic check,63.23,4455.13,No
CUST-02527,Female,0,No,No,47,Yes,Yes,No,No internet service,No internet service,No internet service,No internet service,No internet service,No internet service,Two year,Yes,Mailed check,23.36,1126.41,No
CUST-02528,Male,0,No,Yes,51,Yes,No,No,No internet service,No internet service,No internet service,No internet service,No internet service,No internet service,One year,Yes,Mailed check,38.25,1943.69,No
CUST-02529,Female,0,No,Yes,19,Yes,No,No,No internet service,No internet service,No internet service,No internet service,No internet service,No internet service,Two year,No,Electronic check,48.48,983.18,No
CUST-02530,Male,0,Yes,Yes,9,Yes,No,DSL,No,Yes,Yes,No,No,No,Month-to-month,Yes,Mailed check,83.24,743.75,No
CUST-02531,Male,1,No,No,7,Yes,No,Fiber optic,No,No,Yes,Yes,No,No,Month-to-month,Yes,Electronic check,77.77,571.51,Yes
CUST-02532,Male,0,Yes,No,22,Yes,No,Fiber optic,No,Yes,Yes,No,No,Yes,Month-to-month,Yes,Electronic check,67.79,1517.78,Yes
CUST-02533,Male,0,Yes,Yes,40,Yes,No,DSL,No,No,No,No,No,Yes,One year,Yes,Mailed check,64.15,2608.8,No
CUST-02534,Female,0,No,Yes,5,No,No phone service,DSL,Yes,Yes,Yes,No,Yes,No,Month-to-month,No,Electronic check,55.58,292.58,Yes
CUST-02535,Male,0,Yes,No,19,Yes,No,No,No internet service,No internet service,No internet service,No internet service,No internet service,No internet service,Month-to-month,Yes,Bank transfer (automatic),64.01,1217.01,No
CUST-02536,Male,0,Yes,No,46,Yes,No,DSL,No,Yes,No,Yes,Yes,No,Month-to-month,Yes,Electronic check,28.64,1308.87,No
CUST-02537,Female,0,Yes,Yes,63,No,No phone service,DSL,Yes,No,No,No,No,Yes,Month-to-month,Yes,Mailed check,114.04,7232.63,No
CUST-02538,Female,1,Yes,No,72,Yes,Yes,DSL,Yes,No,No,Yes,Yes,No,Month-to-month,Yes,Electronic check,65.48,4700.84,No
CUST-02539,Male,0,No,No,17,Yes,No,Fiber optic,No,No,Yes,No,No,Yes,Month-to-month,Yes,Bank transfer (automatic),66.99,1113.41,No
CUST-02540,Female,0,Yes,No,8,Yes,Yes,Fiber optic,No,Yes,No,No,No,Yes,Month-to-month,No,Electronic check,77.34,652.7,No
CUST-02541,Female,0,No,Yes,42,Yes,No,DSL,No,No,No,Yes,No,Yes,One year,No,Credit card (automatic),43.45,1876.12,No
CUST-02542,Male,0,No,No,68,Yes,Yes,No,No internet service,No internet service,No internet service,No internet service,No internet service,No internet service,Two year,Yes,Mailed check,103.35,7098.2,No
CUST-02543,Male,0,Yes,No,31,Yes,No,DSL,No,No,No,No,No,Yes,Month-to-month,No,Mailed check,30.12,1008.61,Yes
CUST-02544,Female,1,No,No,66,Yes,Yes,Fiber optic,Yes,No,No,No,No,Yes,Month-to-month,No,Electronic check,87.86,5807.33,No
CUST-02545,Male,0,Yes,No,54,Yes,No,DSL,No,No,No,No,No,No,One year,Yes,Bank transfer (automatic),118.29,6417.22,No
CUST-02546,Female,0,Yes,No,65,Yes,No,Fiber optic,Yes,No,Yes,No,Yes,Yes,Two year,Yes,Credit card (automatic),58.5,3898.21,No
CUST-02547,Male,0,Yes,No,69,Yes,Yes,No,No internet service,No internet service,No internet service,No internet service,No internet service,No internet service,Month-to-month,Yes,Credit card (automatic),21.25,1512.97,No
CUST-02548,Male,0,Yes,No,8,Yes,Yes,Fiber optic,No,No,No,No,No,No,Two year,Yes,Electronic check,77.86,696.22,No
CUST-02549,Female,1,Yes,Yes,30,Yes,No,DSL,No,No,Yes,No,No,Yes,Month-to-month,No,Mailed check,67.01,2054.37,No
CUST-02550,Female,0,Yes,No,4,Yes,Yes,No,No internet service,No internet service,No internet service,No internet service,No internet service,No internet service,One year,Yes,Mailed check,65.74,228.74,No
CUST-02551,Male,0,No,No,4,Yes,No,Fiber optic,No,No,Yes,Yes,No,No,Month-to-month,Yes,Mailed check,65.77,253.01,No
CUST-02552,Female,0,No,No,35,Yes,No,Fiber optic,Yes,No,No,No,Yes,Yes,One year,No,Electronic check,89.36,3055.95,No
CUST-02553,Female,0,No,No,48,Yes,No,No,No internet service,No internet service,No internet service,No internet service,No internet service,No internet service,One year,Yes,Credit card (automatic),94.89,4544.95,No
CUST-02554,Female,0,No,Yes,64,Yes,Yes,Fiber optic,Yes,No,No,No,No,Yes,Month-to-month,Yes,Mailed check,67.25,4278.55,No
CUST-02555,Male,0,No,No,10,Yes,No,Fiber optic,Yes,No,No,Yes,No,No,Two year,Yes,Credit card (automatic),88.15,852.11,Yes
CUST-02556,Female,0,Yes,No,3,Yes,No,DSL,No,No,No,No,No,Yes,Two year,No,Credit card (automatic),48.21,134.86,No
CUST-02557,Male,0,No,No,8,Yes,Yes,DSL,No,No,Yes,No,No,No,Month-to-month,No,Electronic check,121.75,935.99,Yes
CUST-02558,Male,1,Yes,No,67,Yes,No,No,No internet service,No internet service,No internet service,No internet service,No internet service,No internet service,Month-to-month,Yes,Bank transfer (automatic),104.4,6941.69,No
CUST-02559,Female,0,No,Yes,48,Yes,Yes,Fiber optic,No,Yes,No,No,No,No,Month-to-month,No,Electronic check,125.0,6046.0,Yes
CUST-02560,Male,0,No,Yes,35,Yes,No,No,No internet service,No internet service,No internet service,No internet service,No internet service,No internet service,Month-to-month,Yes,Electronic check,99.38,3451.49,No
CUST-02561,Male,0,Yes,No,8,Yes,Yes,Fiber optic,No,Yes,No,Yes,No,No,One year,Yes,Mailed check,43.1,333.2,No
CUST-02562,Female,0,No,No,27,Yes,Yes,No,No internet service,No internet service,No internet service,No internet service,No internet service,No internet service,Month-to-month,No,Electronic check,50.63,1422.64,No
CUST-02563,Male,0,No,No,10,Yes,Yes,Fiber optic,No,No,Yes,No,No,No,One year,Yes,Credit card (automatic),102.18,987.78,No
CUST-02564,Female,0,No,No,3,Yes,No,Fiber optic,Yes,No,No,No,No,No,One year,Yes,Electronic check,72.33,251.7,No
CUST-02565,Female,0,Yes,No,32,Yes,No,DSL,No,Yes,No,Yes,Yes,Yes,Month-to-month,No,Credit card (automatic),93.2,2925.68,Yes
CUST-02566,Female,0,No,No,37,Yes,Yes,DSL,No,No,No,No,Yes,No,Month-to-month,No,Electronic check,67.14,2490.01,No
CUST-02567,Male,0,No,No,33,Yes,Yes,Fiber optic,No,No,Yes,No,No,No,Month-to-month,Yes,Mailed check,109.1,3629.29,No
CUST-02568,Male,0,Yes,No,63,Yes,No,Fiber optic,No,Yes,No,No,Yes,Yes,Month-to-month,No,Electronic check,125.0,7848.38,No
CUST-02569,Female,0,No,No,66,Yes,Yes,DSL,No,Yes,No,Yes,No,No,Month-to-month,Yes,Credit card (automatic),33.17,2236.09,No
CUST-02570,Male,0,Yes,No,9,Yes,No,Fiber optic,No,No,No,No,No,No,Month-to-month,No,Credit card (automatic),36.5,352.04,Yes
CUST-02571,Male,0,No,No,20,Yes,No,Fiber optic,No,Yes,Yes,No,No,No,Month-to-month,No,Mailed check,76.73,1550.62,Yes
CUST-02572,Male,0,Yes,No,37,Yes,No,Fiber optic,No,No,Yes,No,No,No,Month-to-month,Yes,Mailed check,83.26,3130.86,No
CUST-02573,Male,1,Yes,Yes,29,Yes,No,Fiber optic,No,No,No,No,No,No,Month-to-month,Yes,Credit card (automatic),69.05,2040.98,Yes
CUST-02574,Female,0,Yes,No,32,Yes,No,DSL,No,Yes,No,No,Yes,No,One year,No,Electronic check,81.45,2605.83,No
CUST-02575,Male,0,No,No,51,Yes,Yes,Fiber optic,Yes,Yes,No,No,No,No,One year,No,Bank transfer (automatic),71.83,3595.6,No
CUST-02576,Female,0,No,No,13,No,No phone service,Fiber optic,No,No,Yes,No,Yes,Yes,Month-to-month,Yes,Electronic check,60.84,877.48,Yes
CUST-02577,Female,0,Yes,Yes,60,No,No phone service,Fiber optic,No,Yes,No,No,Yes,No,Month-to-month,Yes,Electronic check,92.99,5556.2,No
CUST-02578,Female,0,Yes,No,20,Yes,Yes,Fiber optic,Yes,No,No,No,Yes,Yes,Month-to-month,Yes,Bank transfer (automatic),108.63,2067.39,Yes
CUST-02579,Male,0,No,Yes,26,Yes,No,DSL,No,Yes,Yes,Yes,No,Yes,One year,Yes,Mailed check,76.37,2060.3,No
CUST-02580,Male,0,Yes,No,16,Yes,No,Fiber optic,Yes,Yes,Yes,No,No,No,Month-to-month,Yes,Electronic check,125.0,2027.98,Yes
CUST-02581,Female,1,Yes,No,46,Yes,No,No,No internet service,No internet service,No internet service,No internet service,No internet service,No internet service,Month-to-month,No,Electronic check,62.86,2893.32,No
CUST-02582,Female,0,No,No,51,Yes,No,DSL,Yes,No,Yes,No,No,No,One year,No,Electronic check,43.07,2194.09,No
CUST-02583,Female,0,Yes,No,45,Yes,Yes,DSL,No,No,Yes,No,Yes,Yes,Month-to-month,No,Electronic check,80.96,3683.71,No
CUST-02584,Male,1,No,No,36,Yes,No,No,No internet service,No internet service,No internet service,No internet service,No internet service,No internet service,Month-to-month,No,Credit card (automatic),21.25,865.52,No
CUST-02585,Female,1,Yes,No,22,Yes,No,Fiber optic,Yes,Yes,Yes,Yes,No,No,Month-to-month,No,Credit card (automatic),125.0,2733.09,Yes
CUST-02586,Male,0,No,No,50,Yes,No,DSL,Yes,Yes,No,Yes,No,No,Two year,Yes,Electronic check,118.75,5901.11,No
CUST-02587,Female,0,No,No,9,Yes,Yes,Fiber optic,No,Yes,No,Yes,No,No,Month-to-month,Yes,Mailed check,124.85,1113.81,No
CUST-02588,Female,0,Yes,No,23,Yes,No,No,No internet service,No internet service,No internet service,No internet service,No internet service,No internet service,Month-to-month,Yes,Electronic check,21.25,426.92,No
CUST-02589,Male,0,No,No,50,Yes,Yes,DSL,No,No,Yes,No,No,No,Month-to-month,No,Bank transfer (automatic),60.41,3014.23,No
CUST-02590,Female,0,No,Yes,50,Yes,Yes,Fiber optic,No,No,Yes,No,Yes,No,Month-to-month,No,Credit card (automatic),83.94,4253.61,No
CUST-02591,Female,0,No,No,20,Yes,No,No,No internet service,No internet service,No internet service,No internet service,No internet service,No internet service,One year,No,Electronic check,72.58,1460.21,No
CUST-02592,Female,1,Yes,No,25,Yes,Yes,DSL,Yes,No,Yes,No,Yes,No,Month-to-month,Yes,Electronic check,93.29,2352.55,No
CUST-02593,Male,0,Yes,Yes,23,Yes,Yes,No,No internet service,No internet service,No internet service,No internet service,No internet service,No internet service,Month-to-month,No,Credit card (automatic),104.82,2456.56,No
CUST-02594,Female,0,No,Yes,64,Yes,No,No,No internet service,No internet service,No internet service,No internet service,No internet service,No internet service,Month-to-month,No,Credit card (automatic),121.75,7779.58,No
CUST-02595,Female,0,Yes,No,42,No,No phone service,Fiber optic,Yes,No,Yes,No,No,No,Month-to-month,No,Bank transfer (automatic),107.54,4465.18,No
CUST-02596,Female,0,Yes,No,9,No,No phone service,Fiber optic,No,No,Yes,No,No,Yes,Two year,Yes,Mailed check,77.81,692.41,Yes
CUST-02597,Male,1,Yes,No,12,Yes,No,Fiber optic,No,Yes,No,No,No,Yes,Two year,Yes,Electronic check,80.75,963.09,Yes
CUST-02598,Male,0,No,No,5,Yes,No,Fiber optic,No,No,No,No,No,No,Month-to-month,Yes,Credit card (automatic),106.88,571.23,Yes
CUST-02599,Male,0,Yes,No,18,Yes,No,DSL,No,No,Yes,No,No,Yes,One year,Yes,Electronic check,34.17,649.17,No
CUST-02600,Female,0,Yes,No,17,No,No phone service,DSL,No,No,Yes,Yes,Yes,No,Month-to-month,No,Bank transfer (automatic),67.93,1062.65,Yes
CUST-02601,Male,0,No,Yes,33,Yes,Yes,DSL,No,No,No,No,No,No,One year,No,Bank transfer (automatic),118.75,3848.56,No
CUST-02602,Female,0,Yes,No,54,Yes,Yes,Fiber optic,Yes,No,Yes,Yes,No,No,Two year,No,Credit card (automatic),101.97,5558.28,No
CUST-02603,Male,0,Yes,No,64,Yes,Yes,Fiber optic,Yes,No,No,No,Yes,No,Month-to-month,Yes,Electronic check,116.93,7430.8,No
CUST-02604,Male,0,Yes,No,41,Yes,No,No,No internet service,No internet service,No internet service,No internet service,No internet service,No internet service,One year,Yes,Mailed check,78.97,3284.15,No
CUST-02605,Male,0,Yes,Yes,56,Yes,Yes,Fiber optic,Yes,No,No,No,Yes,No,Month-to-month,No,Mailed check,114.83,6315.44,No
CUST-02606,Male,0,No,No,48,Yes,No,Fiber optic,Yes,Yes,Yes,No,Yes,No,Month-to-month,Yes,Electronic check,100.64,4911.5,No
CUST-02607,Male,0,Yes,No,23,Yes,No,Fiber optic,No,Yes,Yes,No,No,No,Month-to-month,Yes,Credit card (automatic),125.0,2877.93,Yes
CUST-02608,Female,0,No,No,45,Yes,No,Fiber optic,No,No,No,Yes,No,Yes,Month-to-month,Yes,Electronic check,72.39,3309.9,No
CUST-02609,Male,0,Yes,No,22,Yes,No,Fiber optic,No,Yes,No,No,No,No,Month-to-month,No,Bank transfer (automatic),63.07,1395.84,No
CUST-02610,Male,0,Yes,No,23,Yes,No,DSL,No,No,Yes,No,Yes,Yes,One year,No,Electronic check,18.25,488.97,No
CUST-02611,Male,0,Yes,No,72,Yes,No,DSL,Yes,Yes,Yes,No,Yes,No,Month-to-month,No,Mailed check,72.27,5270.6,No
CUST-02612,Male,0,No,No,66,Yes,No,Fiber optic,No,Yes,No,No,No,No,One year,Yes,Electronic check,109.58,7227.78,No
CUST-02613,Female,0,Yes,Yes,48,Yes,Yes,No,No internet service,No internet service,No internet service,No internet service,No internet service,No internet service,One year,Yes,Credit card (automatic),107.7,5104.07,No
CUST-02614,Male,0,Yes,No,43,No,No phone service,No,No internet service,No internet service,No internet service,No internet service,No internet service,No internet service,Month-to-month,Yes,Mailed check,74.31,3118.69,Yes
CUST-02615,Female,1,No,No,50,Yes,Yes,Fiber optic,No,No,Yes,No,Yes,No,One year,Yes,Mailed check,123.27,6121.33,No
CUST-02616,Male,0,Yes,No,55,Yes,No,Fiber optic,Yes,Yes,No,No,No,No,Month-to-month,No,Mailed check,94.17,5139.87,No
CUST-02617,Male,0,No,No,4,No,No phone service,Fiber optic,No,No,No,Yes,Yes,Yes,Month-to-month,Yes,Electronic check,50.25,270.52,Yes
CUST-02618,Female,0,Yes,No,26,Yes,No,Fiber optic,No,No,Yes,No,Yes,No,Month-to-month,No,Electronic check,112.17,2893.08,No
CUST-02619,Male,0,Yes,No,8,No,No phone service,DSL,No,No,No,No,Yes,No,Two year,No,Bank transfer (automatic),52.47,436.85,No
CUST-02620,Male,0,No,No,39,Yes,Yes,DSL,No,No,Yes,No,No,Yes,Month-to-month,Yes,Mailed check,59.96,2271.74,No
CUST-02621,Male,0,Yes,Yes,22,Yes,No,DSL,Yes,Yes,Yes,Yes,Yes,No,Month-to-month,Yes,Electronic check,112.37,2458.22,Yes
CUST-02622,Female,0,Yes,No,24,Yes,Yes,No,No internet service,No internet service,No internet service,No internet service,No internet service,No internet service,Month-to-month,Yes,Credit card (automatic),112.49,2702.19,Yes
CUST-02623,Female,0,Yes,Yes,61,Yes,No,Fiber optic,No,No,Yes,Yes,No,No,Two year,Yes,Electronic check,94.83,5783.98,No
CUST-02624,Male,0,Yes,No,15,Yes,No,Fiber optic,No,No,No,Yes,No,No,Month-to-month,Yes,Electronic check,62.93,886.11,Yes
CUST-02625,Male,0,No,No,66,Yes,Yes,No,No internet service,No internet service,No internet service,No internet service,No internet service,No internet service,One year,Yes,Mailed check,37.52,2506.77,No
CUST-02626,Male,0,Yes,No,31,No,No phone service,Fiber optic,No,No,Yes,No,No,Yes,Month-to-month,Yes,Electronic check,99.75,3129.67,No
CUST-02627,Male,1,No,Yes,14,Yes,Yes,Fiber optic,No,No,Yes,No,Yes,No,Month-to-month,Yes,Mailed check,93.28,1293.81,No
CUST-02628,Female,0,Yes,No,11,Yes,No,No,No internet service,No internet service,No internet service,No internet service,No internet service,No internet service,One year,Yes,Bank transfer (automatic),60.16,566.54,No
CUST-02629,Male,0,Yes,No,52,Yes,Yes,DSL,No,No,No,No,Yes,No,One year,No,Bank transfer (automatic),85.93,4496.92,No
CUST-02630,Female,0,Yes,No,65,Yes,Yes,DSL,Yes,Yes,No,Yes,No,No,Month-to-month,Yes,Mailed check,77.4,5044.2,No
CUST-02631,Male,0,No,No,63,Yes,Yes,Fiber optic,No,Yes,No,Yes,No,No,One year,Yes,Credit card (automatic),66.26,4236.38,No
CUST-02632,Male,0,No,No,13,Yes,No,DSL,No,Yes,No,No,No,No,Two year,Yes,Electronic check,38.17,448.73,No
CUST-02633,Male,0,No,No,64,Yes,No,Fiber optic,Yes,No,No,Yes,Yes,No,Month-to-month,Yes,Credit card (automatic),83.63,5432.01,No
CUST-02634,Male,0,Yes,Yes,17,Yes,No,No,No internet service,No internet service,No internet service,No internet service,No internet service,No internet service,Month-to-month,Yes,Mailed check,62.43,1037.95,Yes
CUST-02635,Female,0,Yes,Yes,34,Yes,No,No,No internet service,No internet service,No internet service,No internet service,No internet service,No internet service,One year,Yes,Mailed check,59.89,2137.38,No
CUST-02636,Female,0,No,No,1,Yes,No,DSL,Yes,No,Yes,Yes,No,No,Two year,Yes,Electronic check,67.48,35.05,No
CUST-02637,Female,0,Yes,No,19,No,No phone service,DSL,No,Yes,No,Yes,No,No,Two year,Yes,Electronic check,70.23,1352.9,No
CUST-02638,Male,1,No,Yes,24,Yes,No,No,No internet service,No internet service,No internet service,No internet service,No internet service,No internet service,One year,Yes,Mailed check,53.96,1215.67,No
CUST-02639,Female,0,Yes,Yes,69,Yes,No,No,No internet service,No internet service,No internet service,No internet service,No internet service,No internet service,Month-to-month,No,Electronic check,92.01,6338.28,No
CUST-02640,Male,0,Yes,No,21,Yes,Yes,DSL,Yes,No,Yes,Yes,Yes,No,Month-to-month,Yes,Electronic check,63.22,1319.6,No
CUST-02641,Female,0,Yes,Yes,20,Yes,No,No,No internet service,No internet service,No internet service,No internet service,No internet service,No internet service,Two year,Yes,Electronic check,79.81,1614.6,Yes
CUST-02642,Female,0,Yes,No,20,Yes,No,No,No internet service,No internet service,No internet service,No internet service,No internet service,No internet service,One year,Yes,Electronic check,44.05,864.85,No
CUST-02643,Female,1,No,No,19,No,No phone service,DSL,Yes,No,No,No,Yes,Yes,Month-to-month,No,Mailed check,58.15,1096.69,Yes
CUST-02644,Female,0,No,No,39,Yes,No,Fiber optic,No,Yes,No,Yes,No,No,Month-to-month,No,Credit card (automatic),101.08,3992.86,Yes
CUST-02645,Female,0,No,No,15,Yes,Yes,No,No internet service,No internet service,No internet service,No internet service,No internet service,No internet service,Month-to-month,Yes,Bank transfer (automatic),32.58,458.16,No
CUST-02646,Female,0,No,Yes,21,Yes,No,Fiber optic,No,Yes,No,Yes,Yes,Yes,Two year,Yes,Electronic check,120.35,2508.19,No
CUST-02647,Male,0,Yes,Yes,39,Yes,No,Fiber optic,No,No,No,No,No,No,Month-to-month,Yes,Bank transfer (automatic),102.27,4007.05,No
CUST-02648,Male,0,No,Yes,55,Yes,Yes,No,No internet service,No internet service,No internet service,No internet service,No internet service,No internet service,Two year,No,Electronic check,71.25,3922.71,No
CUST-02649,Male,1,Yes,No,8,No,No phone service,No,No internet service,No internet service,No internet service,No internet service,No internet service,No internet service,One year,Yes,Bank transfer (automatic),85.51,677.33,No
CUST-02650,Female,0,No,No,26,No,No phone service,DSL,No,No,No,Yes,No,Yes,Month-to-month,Yes,Electronic check,36.86,961.28,No
CUST-02651,Male,0,Yes,Yes,42,Yes,No,Fiber optic,Yes,No,No,No,Yes,No,Two year,No,Mailed check,92.76,3834.95,No
CUST-02652,Male,0,No,No,67,Yes,No,No,No internet service,No internet service,No internet service,No internet service,No internet service,No internet service,Month-to-month,No,Bank transfer (automatic),22.11,1569.43,No
CUST-02653,Male,0,No,No,68,Yes,No,DSL,No,Yes,Yes,Yes,No,No,Month-to-month,No,Electronic check,100.75,6827.13,Yes
CUST-02654,Female,1,No,Yes,63,Yes,Yes,DSL,No,Yes,Yes,No,Yes,Yes,One year,No,Bank transfer (automatic),42.55,2639.46,No
CUST-02655,Male,0,No,Yes,37,Yes,Yes,No,No internet service,No internet service,No internet service,No internet service,No internet service,No internet service,Two year,No,Electronic check,94.28,3498.46,No
CUST-02656,Male,0,No,No,8,Yes,No,Fiber optic,No,Yes,Yes,Yes,Yes,No,Month-to-month,Yes,Mailed check,55.81,393.98,No
CUST-02657,Female,0,No,No,70,Yes,No,DSL,No,Yes,No,No,No,No,Month-to-month,Yes,Bank transfer (automatic),74.35,5186.99,No
CUST-02658,Female,0,No,No,45,No,No phone service,DSL,No,No,No,No,Yes,Yes,Month-to-month,No,Electronic check,75.51,3452.96,No
CUST-02659,Male,0,Yes,Yes,66,Yes,Yes,No,No internet service,No internet service,No internet service,No internet service,No internet service,No internet service,Two year,No,Electronic check,71.56,4724.03,No
CUST-02660,Female,0,No,No,67,Yes,No,DSL,No,Yes,No,Yes,No,No,Two year,Yes,Electronic check,87.55,5832.34,No
CUST-02661,Female,0,Yes,Yes,58,Yes,Yes,DSL,Yes,No,No,No,No,No,Two year,No,Credit card (automatic),38.24,2165.32,No
CUST-02662,Male,0,No,No,31,Yes,Yes,No,No internet service,No internet service,No internet service,No internet service,No internet service,No internet service,Two year,No,Bank transfer (automatic),18.25,580.96,No
CUST-02663,Female,0,No,No,44,Yes,Yes,No,No internet service,No internet service,No internet service,No internet service,No internet service,No internet service,Month-to-month,No,Bank transfer (automatic),51.63,2230.6,No
CUST-02664,Female,0,Yes,No,50,Yes,No,Fiber optic,No,Yes,Yes,Yes,No,No,Month-to-month,Yes,Credit card (automatic),116.95,5804.55,No
CUST-02665,Female,0,No,Yes,64,Yes,Yes,Fiber optic,No,No,Yes,No,No,Yes,One year,No,Credit card (automatic),70.38,4519.38,No
CUST-02666,Male,0,Yes,Yes,17,Yes,Yes,Fiber optic,No,No,Yes,No,No,No,Two year,No,Mailed check,63.0,1109.22,No
CUST-02667,Female,0,No,No,40,Yes,No,DSL,Yes,Yes,No,No,No,Yes,Month-to-month,Yes,Bank transfer (automatic),121.75,4836.76,Yes
CUST-02668,Male,0,No,Yes,43,No,No phone service,No,No internet service,No internet service,No internet service,No internet service,No internet service,No internet service,Month-to-month,Yes,Electronic check,41.49,1714.7,No
CUST-02669,Female,0,No,No,15,Yes,Yes,Fiber optic,No,No,Yes,Yes,No,No,Two year,Yes,Mailed check,109.68,1628.34,No
CUST-02670,Male,0,No,Yes,29,Yes,No,Fiber optic,No,No,No,No,No,No,Month-to-month,Yes,Mailed check,54.33,1603.05,Yes
CUST-02671,Male,0,Yes,Yes,67,Yes,Yes,Fiber optic,No,Yes,No,Yes,Yes,Yes,One year,Yes,Mailed check,50.46,3395.81,No
CUST-02672,Male,0,Yes,No,2,Yes,Yes,Fiber optic,No,No,No,Yes,No,No,Month-to-month,Yes,Mailed check,110.84,190.25,Yes
CUST-02673,Male,0,No,Yes,37,No,No phone service,DSL,No,Yes,No,Yes,Yes,No,One year,Yes,Mailed check,89.35,3322.51,No
CUST-02674,Female,0,Yes,No,44,Yes,No,Fiber optic,No,No,No,No,Yes,No,One year,No,Bank transfer (automatic),57.07,2479.44,No
CUST-02675,Male,0,Yes,No,66,Yes,No,Fiber optic,No,No,No,Yes,No,No,Month-to-month,No,Electronic check,33.25,2145.08,No
CUST-02676,Male,0,Yes,Yes,21,Yes,Yes,No,No internet service,No internet service,No internet service,No internet service,No internet service,No internet service,Month-to-month,Yes,Mailed check,68.74,1508.63,No
CUST-02677,Male,0,Yes,No,29,Yes,Yes,No,No internet service,No internet service,No internet service,No internet service,No internet service,No internet service,One year,No,Bank transfer (automatic),64.93,1935.59,No
CUST-02678,Male,1,No,No,6,Yes,Yes,DSL,Yes,No,No,Yes,Yes,Yes,Two year,Yes,Bank transfer (automatic),118.75,670.88,No
CUST-02679,Male,0,Yes,No,25,Yes,No,Fiber optic,No,No,No,No,Yes,No,Month-to-month,Yes,Mailed check,47.68,1214.84,No
CUST-02680,Female,0,Yes,No,72,Yes,No,Fiber optic,No,No,No,Yes,Yes,No,Month-to-month,No,Electronic check,77.71,5533.72,Yes
CUST-02681,Female,0,No,No,56,Yes,Yes,Fiber optic,No,No,Yes,No,No,No,Two year,No,Mailed check,78.69,4471.71,No
CUST-02682,Female,0,No,No,31,Yes,No,No,No internet service,No internet service,No internet service,No internet service,No internet service,No internet service,Month-to-month,Yes,Bank transfer (automatic),70.85,2225.22,No
CUST-02683,Female,0,Yes,No,46,Yes,Yes,Fiber optic,No,No,Yes,No,Yes,Yes,Month-to-month,Yes,Bank transfer (automatic),66.18,3053.83,No
CUST-02684,Male,0,No,No,70,Yes,Yes,DSL,Yes,No,No,No,Yes,Yes,Month-to-month,Yes,Electronic check,57.7,3978.21,No
CUST-02685,Male,0,Yes,No,32,Yes,Yes,Fiber optic,No,No,No,Yes,Yes,Yes,One year,Yes,Mailed check,76.84,2507.61,No
CUST-02686,Female,0,No,Yes,22,Yes,Yes,DSL,No,No,No,No,No,No,Month-to-month,No,Mailed check,82.08,1820.57,Yes
CUST-02687,Female,0,Yes,Yes,64,Yes,No,DSL,No,No,No,No,Yes,No,Month-to-month,Yes,Electronic check,99.74,6406.58,No
CUST-02688,Male,1,Yes,Yes,62,Yes,No,DSL,No,Yes,No,Yes,No,Yes,Month-to-month,No,Electronic check,82.21,5149.89,No
CUST-02689,Male,0,Yes,Yes,38,Yes,No,Fiber optic,No,No,Yes,No,No,No,One year,Yes,Electronic check,65.37,2511.03,No
CUST-02690,Male,0,No,No,1,Yes,Yes,Fiber optic,No,No,No,No,No,No,Month-to-month,Yes,Credit card (automatic),118.26,62.17,Yes
CUST-02691,Male,0,Yes,No,1,Yes,Yes,Fiber optic,No,No,No,Yes,No,Yes,Month-to-month,Yes,Bank transfer (automatic),94.06,144.86,Yes
CUST-02692,Male,0,Yes,Yes,9,Yes,Yes,Fiber optic,No,Yes,No,Yes,No,Yes,One year,Yes,Electronic check,90.39,778.69,No
CUST-02693,Male,0,No,No,50,Yes,No,DSL,No,No,No,No,Yes,No,Month-to-month,No,Credit card (automatic),48.77,2424.37,No
CUST-02694,Female,0,Yes,No,13,Yes,Yes,Fiber optic,No,Yes,Yes,No,No,No,Two year,No,Bank transfer (automatic),117.38,1510.41,No
CUST-02695,Male,0,No,No,5,Yes,Yes,DSL,No,No,Yes,Yes,No,Yes,Two year,Yes,Bank transfer (automatic),72.18,300.86,No
CUST-02696,Female,0,Yes,No,50,Yes,No,Fiber optic,No,No,No,Yes,Yes,No,Month-to-month,Yes,Credit card (automatic),111.25,5527.39,No
CUST-02697,Female,0,Yes,No,35,Yes,No,Fiber optic,Yes,No,Yes,Yes,Yes,Yes,Month-to-month,Yes,Mailed check,73.2,2512.49,No
CUST-02698,Female,0,Yes,No,39,Yes,Yes,DSL,No,No,Yes,No,No,Yes,Month-to-month,Yes,Mailed check,50.4,1918.39,No
CUST-02699,Female,0,Yes,Yes,14,Yes,No,Fiber optic,No,Yes,No,No,No,Yes,Two year,Yes,Bank transfer (automatic),36.17,501.22,No
CUST-02700,Female,0,Yes,Yes,16,Yes,Yes,Fiber optic,Yes,No,No,No,Yes,No,Month-to-month,Yes,Credit card (automatic),87.96,1443.2,No
CUST-02701,Male,0,No,No,18,Yes,No,DSL,No,No,No,Yes,Yes,No,Month-to-month,Yes,Credit card (automatic),42.98,858.23,Yes
CUST-02702,Male,0,No,Yes,47,Yes,No,Fiber optic,Yes,Yes,Yes,No,Yes,No,Two year,No,Bank transfer (automatic),52.03,2470.44,No
CUST-02703,Female,0,Yes,Yes,71,Yes,Yes,DSL,Yes,No,No,No,Yes,No,One year,No,Credit card (automatic),96.11,6899.6,No
CUST-02704,Male,0,Yes,Yes,66,Yes,No,Fiber optic,No,No,Yes,No,No,No,Month-to-month,No,Mailed check,99.84,6536.0,No
CUST-02705,Female,0,No,No,9,Yes,Yes,DSL,No,No,Yes,No,Yes,No,Two year,Yes,Mailed check,43.67,472.38,No
CUST-02706,Female,0,Yes,No,49,Yes,Yes,No,No internet service,No internet service,No internet service,No internet service,No internet service,No internet service,Month-to-month,Yes,Bank transfer (automatic),21.25,1027.01,No
CUST-02707,Male,0,No,No,55,Yes,No,DSL,No,Yes,No,No,No,Yes,Month-to-month,Yes,Electronic check,36.51,2108.04,No
CUST-02708,Female,0,No,No,3,Yes,No,No,No internet service,No internet service,No internet service,No internet service,No internet service,No internet service,Month-to-month,Yes,Bank transfer (automatic),121.75,321.63,Yes
CUST-02709,Male,1,Yes,No,46,Yes,Yes,DSL,Yes,Yes,No,No,Yes,No,One year,Yes,Bank transfer (automatic),73.51,3429.66,No
CUST-02710,Male,0,No,No,33,Yes,Yes,Fiber optic,No,Yes,Yes,No,No,No,One year,No,Bank transfer (automatic),60.23,1933.59,No
CUST-02711,Female,0,No,No,15,Yes,Yes,DSL,No,No,Yes,No,No,Yes,Month-to-month,Yes,Credit card (automatic),96.27,1393.15,No
CUST-02712,Female,0,No,Yes,57,Yes,Yes,DSL,No,No,Yes,Yes,No,Yes,Two year,Yes,Mailed check,48.88,2886.62,No
CUST-02713,Male,0,No,Yes,68,Yes,Yes,DSL,No,Yes,Yes,No,No,No,Month-to-month,Yes,Electronic check,42.71,2865.76,No
CUST-02714,Male,0,Yes,No,44,Yes,Yes,DSL,No,No,Yes,Yes,No,No,Month-to-month,Yes,Credit card (automatic),79.91,3527.22,No
CUST-02715,Male,0,No,No,15,No,No phone service,Fiber optic,No,No,Yes,No,No,Yes,Two year,Yes,Credit card (automatic),84.74,1218.33,No
CUST-02716,Female,0,Yes,No,31,Yes,No,Fiber optic,No,No,Yes,No,No,No,Month-to-month,No,Mailed check,44.49,1380.74,No
CUST-02717,Female,0,Yes,No,38,Yes,No,Fiber optic,Yes,No,No,Yes,No,Yes,Month-to-month,No,Electronic check,75.08,2944.47,Yes
CUST-02718,Male,0,No,No,65,Yes,Yes,Fiber optic,No,No,Yes,No,No,Yes,Month-to-month,Yes,Mailed check,52.79,3444.09,No
CUST-02719,Male,0,Yes,Yes,57,Yes,Yes,DSL,No,No,Yes,No,No,Yes,One year,No,Electronic check,79.47,4505.78,No
CUST-02720,Female,0,No,No,49,Yes,No,Fiber optic,No,Yes,No,No,No,No,Month-to-month,Yes,Electronic check,80.2,3912.06,No
CUST-02721,Male,0,No,No,55,Yes,No,No,No internet service,No internet service,No internet service,No internet service,No internet service,No internet service,Month-to-month,Yes,Mailed check,104.12,5721.12,No
CUST-02722,Male,0,No,No,50,Yes,No,DSL,No,No,No,No,No,No,Month-to-month,No,Electronic check,36.09,1806.63,No
CUST-02723,Female,0,No,Yes,24,Yes,Yes,No,No internet service,No internet service,No internet service,No internet service,No internet service,No internet service,Two year,Yes,Mailed check,79.05,1915.34,Yes
CUST-02724,Female,0,No,Yes,10,Yes,No,DSL,No,Yes,Yes,No,No,Yes,Month-to-month,No,Mailed check,54.15,577.39,No
CUST-02725,Male,1,No,No,61,Yes,No,Fiber optic,No,No,No,No,No,No,One year,No,Bank transfer (automatic),103.37,6277.33,No
CUST-02726,Male,1,No,Yes,40,Yes,Yes,No,No internet service,No internet service,No internet service,No internet service,No internet service,No internet service,Month-to-month,No,Electronic check,21.25,877.0,No
CUST-02727,Female,0,No,Yes,70,Yes,No,Fiber optic,No,No,Yes,No,No,No,One year,Yes,Bank transfer (automatic),118.19,8197.88,No
CUST-02728,Female,0,No,No,50,Yes,Yes,Fiber optic,Yes,No,Yes,No,No,No,Month-to-month,No,Bank transfer (automatic),111.73,5595.4,No
CUST-02729,Male,0,Yes,No,35,Yes,Yes,Fiber optic,No,Yes,Yes,No,No,Yes,One year,Yes,Mailed check,86.93,3008.79,No
CUST-02730,Female,0,Yes,Yes,47,Yes,No,Fiber optic,No,No,No,No,Yes,No,Two year,Yes,Credit card (automatic),125.0,5867.38,No
CUST-02731,Male,0,Yes,No,47,Yes,No,Fiber optic,Yes,No,Yes,No,No,No,Two year,No,Mailed check,67.1,3176.93,No
CUST-02732,Male,0,Yes,Yes,71,Yes,Yes,No,No internet service,No internet service,No internet service,No internet service,No internet service,No internet service,One year,Yes,Credit card (automatic),111.95,8010.37,No
CUST-02733,Male,1,Yes,No,27,Yes,Yes,No,No internet service,No internet service,No internet service,No internet service,No internet service,No internet service,Two year,No,Mailed check,90.98,2444.08,No
CUST-02734,Female,1,No,No,28,Yes,Yes,DSL,No,No,No,No,No,Yes,Two year,No,Credit card (automatic),64.12,1811.17,No
CUST-02735,Female,0,No,No,26,Yes,No,Fiber optic,No,No,No,Yes,No,Yes,Month-to-month,No,Credit card (automatic),125.0,3258.99,Yes
CUST-02736,Female,0,No,Yes,8,Yes,No,Fiber optic,No,No,No,Yes,No,No,Month-to-month,Yes,Electronic check,95.44,683.66,Yes
CUST-02737,Male,0,No,No,34,Yes,No,Fiber optic,Yes,Yes,Yes,No,Yes,No,Month-to-month,Yes,Bank transfer (automatic),76.3,2606.1,Yes
CUST-02738,Female,0,No,No,33,Yes,No,DSL,Yes,Yes,No,No,No,No,Month-to-month,Yes,Credit card (automatic),98.04,3327.12,Yes
CUST-02739,Female,1,No,No,15,Yes,Yes,No,No internet service,No internet service,No internet service,No internet service,No internet service,No internet service,One year,No,Electronic check,58.77,924.25,No
CUST-02740,Female,0,No,No,59,Yes,No,Fiber optic,No,No,Yes,No,Yes,No,Month-to-month,No,Mailed check,51.89,3043.73,No
CUST-02741,Female,0,Yes,Yes,50,Yes,No,DSL,Yes,Yes,No,No,No,No,Two year,Yes,Bank transfer (automatic),80.86,4024.4,No
CUST-02742,Female,0,No,Yes,18,Yes,No,DSL,No,No,Yes,No,No,No,One year,No,Electronic check,79.04,1397.32,No
CUST-02743,Male,0,Yes,No,12,No,No phone service,Fiber optic,No,Yes,No,Yes,No,No,Month-to-month,Yes,Electronic check,87.41,1078.25,No
CUST-02744,Male,0,Yes,No,45,Yes,No,Fiber optic,Yes,No,No,No,Yes,No,Two year,Yes,Electronic check,80.99,3647.7,Yes
CUST-02745,Female,0,Yes,No,1,Yes,Yes,DSL,Yes,Yes,Yes,No,Yes,No,One year,Yes,Electronic check,54.9,0.0,Yes
CUST-02746,Female,0,No,Yes,11,Yes,Yes,DSL,No,No,No,No,No,No,Month-to-month,No,Mailed check,48.85,568.18,Yes
CUST-02747,Female,0,No,Yes,32,No,No phone service,DSL,No,No,Yes,No,Yes,No,Two year,No,Electronic check,101.26,3265.59,No
CUST-02748,Male,0,Yes,Yes,72,No,No phone service,Fiber optic,No,Yes,No,No,No,No,Month-to-month,Yes,Electronic check,89.95,6476.67,No
CUST-02749,Female,0,No,Yes,6,Yes,Yes,Fiber optic,No,No,Yes,Yes,No,Yes,Month-to-month,Yes,Electronic check,87.67,535.84,Yes
CUST-02750,Male,0,Yes,No,39,Yes,No,DSL,Yes,No,No,No,Yes,Yes,Two year,No,Credit card (automatic),28.05,1056.09,Yes
CUST-02751,Female,0,Yes,Yes,41,No,No phone service,No,No internet service,No internet service,No internet service,No internet service,No internet service,No internet service,One year,Yes,Mailed check,93.57,3904.33,No
CUST-02752,Female,0,Yes,No,19,Yes,No,DSL,Yes,Yes,Yes,No,No,Yes,Month-to-month,Yes,Mailed check,52.66,935.1,No
CUST-02753,Male,0,Yes,Yes,38,Yes,Yes,No,No internet service,No internet service,No internet service,No internet service,No internet service,No internet service,Month-to-month,No,Electronic check,57.68,2189.66,No
CUST-02754,Male,0,No,No,46,Yes,Yes,No,No internet service,No internet service,No internet service,No internet service,No internet service,No internet service,Two year,Yes,Bank transfer (automatic),87.43,4022.75,No
CUST-02755,Male,0,Yes,No,10,Yes,Yes,DSL,No,No,No,No,No,No,Month-to-month,Yes,Electronic check,51.58,498.64,Yes
CUST-02756,Male,0,Yes,Yes,69,Yes,No,No,No internet service,No internet service,No internet service,No internet service,No internet service,No internet service,One year,No,Mailed check,69.89,4825.4,No
CUST-02757,Male,0,Yes,Yes,18,Yes,Yes,Fiber optic,Yes,Yes,No,No,Yes,Yes,Month-to-month,No,Mailed check,88.47,1547.95,Yes
CUST-02758,Male,0,No,No,27,Yes,Yes,No,No internet service,No internet service,No internet service,No internet service,No internet service,No internet service,Two year,Yes,Mailed check,76.11,2029.78,No
CUST-02759,Female,0,No,Yes,2,Yes,Yes,Fiber optic,No,Yes,No,No,Yes,No,Month-to-month,No,Mailed check,89.44,135.29,Yes
CUST-02760,Female,0,No,Yes,43,Yes,Yes,No,No internet service,No internet service,No internet service,No internet service,No internet service,No internet service,One year,Yes,Electronic check,79.44,3407.83,No
CUST-02761,Female,0,No,No,43,Yes,No,Fiber optic,No,No,No,No,Yes,Yes,Two year,Yes,Mailed check,110.16,4800.78,No
CUST-02762,Female,0,No,No,9,Yes,No,DSL,No,No,No,No,No,No,One year,Yes,Mailed check,78.22,727.56,No
CUST-02763,Female,0,Yes,No,22,No,No phone service,No,No internet service,No internet service,No internet service,No internet service,No internet service,No internet service,Month-to-month,No,Bank transfer (automatic),118.91,2559.06,No
CUST-02764,Female,0,Yes,Yes,56,Yes,Yes,No,No internet service,No internet service,No internet service,No internet service,No internet service,No internet service,Month-to-month,No,Credit card (automatic),65.9,3678.91,No
CUST-02765,Female,0,No,Yes,52,Yes,Yes,DSL,No,No,No,Yes,Yes,Yes,Two year,Yes,Bank transfer (automatic),70.54,3666.83,No
CUST-02766,Male,1,Yes,No,23,Yes,No,Fiber optic,Yes,No,No,No,No,Yes,One year,Yes,Mailed check,125.0,2845.13,Yes
CUST-02767,Female,0,Yes,No,46,Yes,No,No,No internet service,No internet service,No internet service,No internet service,No internet service,No internet service,Two year,Yes,Electronic check,48.51,2211.0,No
CUST-02768,Male,1,Yes,Yes,54,Yes,No,Fiber optic,No,No,No,Yes,No,No,Month-to-month,Yes,Electronic check,68.06,3733.44,No
CUST-02769,Female,0,Yes,No,27,Yes,Yes,Fiber optic,Yes,No,No,No,No,Yes,Two year,Yes,Electronic check,72.16,1872.04,No
CUST-02770,Male,1,No,No,13,Yes,Yes,DSL,No,No,No,No,No,Yes,Month-to-month,No,Electronic check,121.75,1601.84,Yes
CUST-02771,Male,1,Yes,No,2,Yes,No,Fiber optic,No,No,Yes,No,Yes,No,Month-to-month,No,Mailed check,101.14,120.67,Yes
CUST-02772,Female,1,Yes,No,69,Yes,No,Fiber optic,No,No,Yes,No,Yes,No,One year,No,Mailed check,107.87,7456.29,No
CUST-02773,Female,0,No,No,24,Yes,No,Fiber optic,No,No,Yes,No,No,No,Two year,No,Credit card (automatic),74.31,1744.66,No
CUST-02774,Male,0,No,No,59,Yes,No,Fiber optic,No,Yes,No,No,No,Yes,One year,No,Mailed check,56.91,3386.6,No
CUST-02775,Male,0,Yes,Yes,24,Yes,No,Fiber optic,Yes,No,No,No,No,No,Month-to-month,No,Electronic check,56.22,1437.65,No
CUST-02776,Female,0,Yes,No,52,Yes,No,DSL,No,No,Yes,No,Yes,No,Month-to-month,Yes,Electronic check,64.03,3327.14,No
CUST-02777,Male,0,Yes,No,24,No,No phone service,Fiber optic,No,No,Yes,Yes,Yes,Yes,Two year,Yes,Electronic check,113.2,2776.85,Yes
CUST-02778,Male,1,Yes,No,44,Yes,No,DSL,No,No,No,No,Yes,No,Month-to-month,No,Credit card (automatic),68.67,3052.64,No
CUST-02779,Female,0,Yes,No,69,Yes,No,Fiber optic,No,Yes,No,Yes,Yes,No,One year,Yes,Electronic check,94.02,6508.07,No
CUST-02780,Female,0,Yes,Yes,55,Yes,No,No,No internet service,No internet service,No internet service,No internet service,No internet service,No internet service,Two year,Yes,Electronic check,18.25,956.58,No
CUST-02781,Female,0,No,No,12,Yes,No,Fiber optic,No,No,Yes,No,No,No,One year,Yes,Mailed check,71.06,902.67,No
CUST-02782,Male,0,No,No,38,Yes,Yes,DSL,No,No,Yes,Yes,No,No,Month-to-month,Yes,Mailed check,53.82,2064.35,No
CUST-02783,Male,0,No,No,20,Yes,No,No,No internet service,No internet service,No internet service,No internet service,No internet service,No internet service,Two year,Yes,Electronic check,77.38,1500.75,No
CUST-02784,Male,0,No,No,16,Yes,No,DSL,No,Yes,Yes,No,Yes,No,Two year,Yes,Electronic check,118.75,1858.66,Yes
CUST-02785,Male,0,No,Yes,60,Yes,No,DSL,No,No,Yes,No,No,No,Two year,No,Credit card (automatic),100.26,5990.64,No
CUST-02786,Female,1,No,No,71,Yes,No,No,No internet service,No internet service,No internet service,No internet service,No internet service,No internet service,Month-to-month,Yes,Credit card (automatic),59.07,4154.94,No
CUST-02787,Female,0,No,No,67,Yes,No,DSL,No,Yes,Yes,No,No,Yes,Month-to-month,Yes,Electronic check,33.7,2251.62,No
CUST-02788,Female,0,No,No,61,Yes,Yes,Fiber optic,No,Yes,No,No,Yes,Yes,One year,Yes,Electronic check,94.78,5807.5,No
CUST-02789,Female,0,No,Yes,34,Yes,No,No,No internet service,No internet service,No internet service,No internet service,No internet service,No internet service,One year,Yes,Electronic check,74.61,2526.67,No
CUST-02790,Male,1,No,No,38,Yes,No,DSL,No,Yes,Yes,No,Yes,Yes,Month-to-month,Yes,Credit card (automatic),79.37,3025.86,No
CUST-02791,Male,1,No,Yes,39,Yes,No,No,No internet service,No internet service,No internet service,No internet service,No internet service,No internet service,One year,Yes,Mailed check,54.04,2051.59,No
CUST-02792,Female,0,Yes,No,54,Yes,No,Fiber optic,Yes,No,No,No,No,No,Two year,Yes,Bank transfer (automatic),103.9,5657.51,No
CUST-02793,Male,0,Yes,Yes,4,Yes,No,Fiber optic,Yes,No,No,No,No,Yes,Month-to-month,No,Mailed check,78.13,352.12,Yes
CUST-02794,Male,0,Yes,No,60,Yes,Yes,Fiber optic,No,Yes,No,No,Yes,Yes,Month-to-month,Yes,Mailed check,46.91,2908.94,No
CUST-02795,Female,0,Yes,Yes,59,Yes,Yes,Fiber optic,No,No,No,No,Yes,Yes,One year,Yes,Credit card (automatic),121.98,7150.05,No
CUST-02796,Male,0,Yes,Yes,72,Yes,No,No,No internet service,No internet service,No internet service,No internet service,No internet service,No internet service,One year,Yes,Electronic check,79.04,5638.96,No
CUST-02797,Male,0,Yes,No,43,Yes,Yes,No,No internet service,No internet service,No internet service,No internet service,No internet service,No internet service,One year,No,Credit card (automatic),106.26,4509.88,No
CUST-02798,Male,0,Yes,No,33,Yes,No,Fiber optic,No,No,Yes,No,No,No,Month-to-month,No,Bank transfer (automatic),109.54,3670.1,Yes
CUST-02799,Male,0,No,No,35,Yes,No,Fiber optic,No,No,Yes,No,Yes,Yes,One year,Yes,Mailed check,105.47,3628.33,Yes
CUST-02800,Female,0,Yes,No,45,Yes,No,Fiber optic,No,No,Yes,No,No,Yes,Two year,No,Bank transfer (automatic),125.0,5605.13,Yes
CUST-02801,Male,1,Yes,No,22,Yes,No,Fiber optic,No,No,No,No,No,No,Two year,No,Bank transfer (automatic),105.65,2253.28,Yes
CUST-02802,Female,0,Yes,No,56,Yes,Yes,DSL,No,No,Yes,No,Yes,No,Month-to-month,No,Electronic check,33.83,1897.93,No
CUST-02803,Male,0,Yes,Yes,32,Yes,No,DSL,No,No,Yes,No,No,No,One year,Yes,Electronic check,40.2,1296.39,No
CUST-02804,Female,0,No,Yes,21,Yes,No,DSL,Yes,No,Yes,No,No,No,Month-to-month,Yes,Mailed check,64.5,1375.4,Yes
CUST-02805,Female,1,No,No,53,Yes,No,Fiber optic,Yes,No,No,No,No,Yes,Two year,No,Electronic check,38.53,2037.69,No
CUST-02806,Male,0,Yes,No,25,Yes,Yes,DSL,No,Yes,Yes,No,No,No,Two year,Yes,Mailed check,33.22,779.03,Yes
CUST-02807,Female,0,No,Yes,6,Yes,Yes,Fiber optic,Yes,No,No,No,No,No,One year,Yes,Electronic check,121.22,750.19,Yes
CUST-02808,Female,0,Yes,No,38,Yes,No,No,No internet service,No internet service,No internet service,No internet service,No internet service,No internet service,Month-to-month,No,Electronic check,98.22,3735.14,No
CUST-02809,Male,0,No,No,37,Yes,Yes,DSL,No,No,No,Yes,Yes,Yes,Month-to-month,No,Bank transfer (automatic),97.49,3609.32,Yes
CUST-02810,Female,1,No,No,21,Yes,No,Fiber optic,No,No,No,No,Yes,Yes,Two year,Yes,Mailed check,62.4,1270.76,Yes
CUST-02811,Male,0,No,Yes,3,Yes,Yes,DSL,Yes,No,No,Yes,No,No,Month-to-month,Yes,Credit card (automatic),46.13,156.44,Yes
CUST-02812,Female,0,Yes,No,35,Yes,No,Fiber optic,No,No,Yes,No,Yes,Yes,One year,Yes,Credit card (automatic),73.3,2602.95,No
CUST-02813,Female,0,No,No,56,Yes,No,DSL,Yes,No,No,No,No,Yes,Month-to-month,No,Electronic check,102.78,5718.08,No
CUST-02814,Male,0,No,No,58,Yes,No,No,No internet service,No internet service,No internet service,No internet service,No internet service,No internet service,One year,Yes,Mailed check,64.94,3705.85,No
CUST-02815,Female,0,No,No,16,Yes,No,DSL,Yes,No,No,No,No,No,Month-to-month,Yes,Electronic check,96.01,1569.81,No
CUST-02816,Female,0,Yes,Yes,31,Yes,No,No,No internet service,No internet service,No internet service,No internet service,No internet service,No internet service,One year,Yes,Credit card (automatic),118.75,3600.41,No
CUST-02817,Male,0,Yes,No,66,Yes,No,DSL,Yes,No,Yes,No,Yes,No,Month-to-month,Yes,Electronic check,63.61,4153.07,No
CUST-02818,Male,0,Yes,No,25,Yes,No,No,No internet service,No internet service,No internet service,No internet service,No internet service,No internet service,Two year,No,Electronic check,35.78,860.15,No
CUST-02819,Female,1,Yes,No,35,Yes,No,DSL,Yes,No,No,No,No,Yes,One year,Yes,Electronic check,118.75,4117.71,No
CUST-02820,Male,1,No,No,49,Yes,No,DSL,Yes,No,No,No,No,Yes,Month-to-month,Yes,Mailed check,88.4,4364.61,No
CUST-02821,Male,1,Yes,No,33,Yes,No,No,No internet service,No internet service,No internet service,No internet service,No internet service,No internet service,Two year,Yes,Mailed check,42.69,1460.75,No
CUST-02822,Male,0,Yes,Yes,61,Yes,No,DSL,No,No,Yes,No,No,No,One year,No,Electronic check,47.03,2913.95,No
CUST-02823,Female,0,No,Yes,26,Yes,No,Fiber optic,No,Yes,No,No,No,No,Month-to-month,No,Bank transfer (automatic),116.69,2991.78,Yes
CUST-02824,Male,0,No,No,36,Yes,Yes,Fiber optic,Yes,Yes,No,No,No,Yes,Month-to-month,No,Mailed check,78.93,2908.59,No
CUST-02825,Male,1,No,No,38,Yes,No,Fiber optic,No,No,No,No,No,No,Month-to-month,No,Electronic check,53.27,1966.47,Yes
CUST-02826,Male,0,No,No,54,Yes,No,DSL,Yes,Yes,No,No,No,No,Month-to-month,Yes,Bank transfer (automatic),38.26,2077.06,No
CUST-02827,Female,0,No,No,25,Yes,Yes,No,No internet service,No internet service,No internet service,No internet service,No internet service,No internet service,Month-to-month,No,Mailed check,94.98,2382.85,Yes
CUST-02828,Male,0,No,No,20,Yes,Yes,Fiber optic,Yes,Yes,No,No,No,No,Month-to-month,No,Bank transfer (automatic),102.32,2114.59,Yes
CUST-02829,Male,0,Yes,No,26,Yes,No,No,No internet service,No internet service,No internet service,No internet service,No internet service,No internet service,Two year,Yes,Credit card (automatic),118.75,3110.16,Yes
CUST-02830,Female,1,Yes,No,17,Yes,Yes,Fiber optic,No,No,No,No,No,No,One year,Yes,Mailed check,30.25,590.29,No
CUST-02831,Male,0,No,No,15,Yes,No,Fiber optic,No,No,Yes,No,No,Yes,Month-to-month,No,Bank transfer (automatic),88.09,1282.21,Yes
CUST-02832,Male,0,Yes,Yes,59,Yes,No,Fiber optic,No,Yes,No,Yes,No,Yes,Two year,No,Mailed check,57.17,3411.55,No
CUST-02833,Female,0,Yes,No,25,Yes,No,DSL,No,No,No,No,No,Yes,Month-to-month,Yes,Electronic check,29.82,796.77,No
CUST-02834,Male,0,No,No,20,Yes,Yes,No,No internet service,No internet service,No internet service,No internet service,No internet service,No internet service,One year,Yes,Bank transfer (automatic),65.2,1328.53,Yes
CUST-02835,Female,0,Yes,No,59,Yes,Yes,No,No internet service,No internet service,No internet service,No internet service,No internet service,No internet service,Month-to-month,Yes,Mailed check,84.08,4923.7,No
CUST-02836,Male,1,Yes,No,57,Yes,No,Fiber optic,Yes,No,Yes,No,Yes,No,Month-to-month,No,Electronic check,116.03,6601.48,No
CUST-02837,Male,0,Yes,Yes,18,No,No phone service,No,No internet service,No internet service,No internet service,No internet service,No internet service,No internet service,Two year,Yes,Bank transfer (automatic),118.75,2165.85,No
CUST-02838,Male,0,Yes,No,22,Yes,No,DSL,Yes,No,No,No,No,No,One year,No,Electronic check,39.62,906.37,Yes
CUST-02839,Female,0,No,Yes,60,No,No phone service,DSL,Yes,Yes,No,No,No,No,Month-to-month,No,Electronic check,80.7,4798.99,No
CUST-02840,Male,0,Yes,Yes,21,Yes,No,DSL,Yes,No,No,No,No,No,Month-to-month,Yes,Electronic check,57.79,1162.49,No
CUST-02841,Female,0,No,No,63,Yes,Yes,Fiber optic,No,Yes,No,No,No,Yes,Two year,No,Mailed check,42.86,2757.47,No
CUST-02842,Male,0,Yes,No,45,Yes,No,Fiber optic,No,No,No,No,No,Yes,Two year,Yes,Mailed check,117.65,5338.78,No
CUST-02843,Male,1,No,No,48,Yes,Yes,DSL,No,Yes,No,No,Yes,No,Two year,Yes,Bank transfer (automatic),100.61,4887.07,No
CUST-02844,Female,0,Yes,No,39,Yes,No,Fiber optic,No,No,Yes,No,No,No,Month-to-month,Yes,Credit card (automatic),95.79,3818.47,No
CUST-02845,Female,0,Yes,Yes,3,Yes,No,DSL,Yes,No,Yes,Yes,No,Yes,Month-to-month,Yes,Electronic check,88.77,273.53,No
CUST-02846,Female,0,No,No,60,Yes,No,Fiber optic,Yes,No,Yes,No,No,No,Month-to-month,No,Electronic check,73.56,4343.91,No
CUST-02847,Male,0,Yes,Yes,41,Yes,No,DSL,No,No,No,No,Yes,No,Month-to-month,No,Electronic check,83.49,3488.61,Yes
CUST-02848,Female,0,No,No,13,Yes,Yes,DSL,No,Yes,Yes,No,Yes,No,Month-to-month,Yes,Mailed check,78.19,1010.48,Yes
CUST-02849,Female,1,Yes,No,60,Yes,Yes,Fiber optic,No,Yes,No,No,Yes,No,Month-to-month,No,Mailed check,77.92,4752.99,No
CUST-02850,Female,0,Yes,No,22,Yes,No,DSL,No,No,No,Yes,Yes,No,One year,No,Credit card (automatic),92.74,2003.29,Yes
CUST-02851,Female,1,Yes,No,27,Yes,No,Fiber optic,No,No,No,No,No,No,One year,Yes,Mailed check,64.35,1781.31,No
CUST-02852,Female,0,No,No,47,Yes,Yes,Fiber optic,No,No,No,Yes,No,Yes,Month-to-month,No,Mailed check,116.28,5418.22,No
CUST-02853,Female,0,Yes,No,21,Yes,No,No,No internet service,No internet service,No internet service,No internet service,No internet service,No internet service,Two year,No,Electronic check,108.38,2343.28,No
CUST-02854,Female,0,Yes,No,1,No,No phone service,DSL,No,No,Yes,No,No,No,One year,Yes,Credit card (automatic),87.67,18.46,Yes
CUST-02855,Male,0,No,No,24,Yes,No,DSL,Yes,No,Yes,No,No,No,Month-to-month,Yes,Credit card (automatic),77.5,1863.33,No
CUST-02856,Female,1,Yes,No,50,Yes,No,No,No internet service,No internet service,No internet service,No internet service,No internet service,No internet service,Month-to-month,No,Mailed check,66.22,3306.29,No
CUST-02857,Male,0,No,Yes,31,Yes,No,DSL,No,No,No,No,Yes,Yes,One year,Yes,Mailed check,57.86,1764.74,No
CUST-02858,Male,0,No,No,52,Yes,Yes,Fiber optic,No,No,No,Yes,No,No,Two year,No,Electronic check,92.63,4816.32,No
CUST-02859,Male,0,No,No,6,Yes,No,Fiber optic,No,No,No,No,No,Yes,Month-to-month,Yes,Mailed check,58.44,317.31,Yes
CUST-02860,Female,1,Yes,Yes,19,Yes,No,DSL,No,Yes,No,Yes,No,Yes,Month-to-month,Yes,Mailed check,43.91,821.11,Yes
CUST-02861,Female,0,Yes,No,18,Yes,Yes,No,No internet service,No internet service,No internet service,No internet service,No internet service,No internet service,Month-to-month,No,Bank transfer (automatic),45.05,817.55,No
CUST-02862,Male,0,No,Yes,5,No,No phone service,Fiber optic,No,No,No,Yes,No,No,One year,Yes,Electronic check,70.28,312.97,Yes
CUST-02863,Male,0,No,No,47,Yes,Yes,Fiber optic,No,Yes,Yes,Yes,No,No,Two year,No,Credit card (automatic),55.06,2583.11,No
CUST-02864,Male,1,Yes,No,16,Yes,No,No,No internet service,No internet service,No internet service,No internet service,No internet service,No internet service,Month-to-month,No,Credit card (automatic),37.7,635.44,No
CUST-02865,Female,0,No,No,35,Yes,No,No,No internet service,No internet service,No internet service,No internet service,No internet service,No internet service,Two year,No,Electronic check,48.32,1651.09,No
CUST-02866,Female,0,No,No,72,Yes,No,DSL,No,No,No,No,No,No,Two year,Yes,Bank transfer (automatic),66.93,4823.11,No
CUST-02867,Female,1,Yes,No,18,Yes,Yes,Fiber optic,No,No,No,No,Yes,No,Two year,Yes,Electronic check,73.17,1268.07,No
CUST-02868,Female,0,Yes,No,15,Yes,No,Fiber optic,Yes,Yes,No,Yes,Yes,Yes,One year,Yes,Mailed check,88.94,1407.38,No
CUST-02869,Male,0,No,No,68,Yes,No,Fiber optic,No,No,Yes,Yes,Yes,Yes,Two year,No,Credit card (automatic),112.19,7647.45,No
CUST-02870,Female,0,No,No,26,Yes,No,Fiber optic,No,Yes,No,No,No,No,Two year,No,Mailed check,90.2,2285.26,No
CUST-02871,Female,0,No,No,22,Yes,No,Fiber optic,Yes,No,No,Yes,No,No,Month-to-month,Yes,Mailed check,52.04,1227.62,No
CUST-02872,Male,0,Yes,No,52,Yes,Yes,Fiber optic,Yes,No,No,Yes,No,No,Month-to-month,Yes,Electronic check,115.56,6025.4,No
CUST-02873,Male,0,Yes,No,10,No,No phone service,Fiber optic,Yes,No,No,Yes,No,No,Month-to-month,Yes,Electronic check,81.69,777.58,Yes
CUST-02874,Female,0,Yes,No,28,Yes,No,DSL,No,No,Yes,No,No,No,Two year,Yes,Credit card (automatic),77.51,2280.33,No
CUST-02875,Female,0,Yes,Yes,15,Yes,No,Fiber optic,No,No,No,No,No,No,Month-to-month,Yes,Mailed check,96.22,1436.33,Yes
CUST-02876,Male,0,No,No,65,Yes,Yes,DSL,No,No,Yes,Yes,No,No,Two year,Yes,Bank transfer (automatic),76.72,4914.29,No
CUST-02877,Male,0,Yes,No,22,Yes,No,Fiber optic,Yes,No,Yes,No,No,No,Two year,Yes,Electronic check,125.0,2805.78,No
CUST-02878,Male,0,Yes,No,41,Yes,Yes,DSL,No,No,Yes,No,Yes,Yes,Month-to-month,No,Credit card (automatic),68.89,2838.02,No
CUST-02879,Male,0,No,No,38,Yes,Yes,Fiber optic,Yes,Yes,No,No,No,No,One year,No,Electronic check,111.52,4299.14,No
CUST-02880,Male,0,Yes,Yes,36,Yes,No,DSL,No,Yes,No,No,No,No,Month-to-month,No,Bank transfer (automatic),73.78,2661.9,Yes
CUST-02881,Female,0,Yes,No,5,Yes,Yes,Fiber optic,No,Yes,Yes,Yes,No,No,Month-to-month,Yes,Electronic check,87.79,407.26,No
CUST-02882,Female,0,No,No,19,Yes,Yes,Fiber optic,Yes,No,No,No,No,Yes,One year,Yes,Credit card (automatic),72.73,1328.07,No
CUST-02883,Male,0,Yes,Yes,62,Yes,No,Fiber optic,No,Yes,Yes,Yes,Yes,Yes,Month-to-month,Yes,Mailed check,39.82,2433.89,No
CUST-02884,Female,0,No,No,40,Yes,Yes,Fiber optic,No,No,Yes,Yes,No,Yes,Month-to-month,Yes,Electronic check,102.93,4085.84,No
CUST-02885,Female,1,Yes,No,64,Yes,Yes,No,No internet service,No internet service,No internet service,No internet service,No internet service,No internet service,Two year,Yes,Electronic check,91.38,5775.7,No
CUST-02886,Female,0,Yes,No,41,No,No phone service,DSL,No,No,No,No,Yes,No,One year,Yes,Bank transfer (automatic),18.25,713.7,No
CUST-02887,Male,0,No,Yes,23,Yes,Yes,Fiber optic,Yes,Yes,Yes,Yes,No,No,One year,No,Bank transfer (automatic),80.84,1851.12,Yes
CUST-02888,Female,0,Yes,No,25,Yes,Yes,Fiber optic,No,Yes,Yes,No,Yes,No,Two year,No,Electronic check,85.12,2114.52,No
CUST-02889,Female,0,No,No,56,Yes,No,Fiber optic,Yes,No,No,No,No,No,One year,Yes,Credit card (automatic),81.61,4425.58,No
CUST-02890,Female,0,Yes,No,18,Yes,No,No,No internet service,No internet service,No internet service,No internet service,No internet service,No internet service,One year,Yes,Credit card (automatic),83.4,1451.19,No
CUST-02891,Female,0,No,Yes,44,Yes,No,Fiber optic,No,No,Yes,No,Yes,No,Month-to-month,Yes,Electronic check,73.2,3213.16,Yes
CUST-02892,Male,1,Yes,Yes,68,Yes,Yes,DSL,No,Yes,Yes,No,No,Yes,Month-to-month,No,Electronic check,78.52,5308.58,No
CUST-02893,Female,0,No,No,61,Yes,No,Fiber optic,Yes,No,No,No,No,No,Month-to-month,Yes,Electronic check,125.0,7648.19,No
CUST-02894,Male,0,No,Yes,28,Yes,No,Fiber optic,No,No,No,No,No,Yes,One year,Yes,Credit card (automatic),32.2,875.18,No
CUST-02895,Female,0,No,Yes,20,Yes,Yes,DSL,Yes,No,No,Yes,No,Yes,One year,No,Electronic check,85.53,1705.29,No
CUST-02896,Male,0,Yes,No,45,No,No phone service,Fiber optic,No,No,Yes,No,No,No,Month-to-month,No,Electronic check,75.09,3396.11,Yes
CUST-02897,Male,1,No,No,44,Yes,No,Fiber optic,No,No,No,No,Yes,No,Two year,Yes,Mailed check,66.86,2985.29,No
CUST-02898,Male,0,No,No,53,Yes,Yes,Fiber optic,No,Yes,No,Yes,No,No,Month-to-month,Yes,Mailed check,124.28,6589.29,Yes
CUST-02899,Male,0,Yes,Yes,6,No,No phone service,DSL,Yes,No,Yes,Yes,No,Yes,One year,Yes,Bank transfer (automatic),72.14,354.2,No
CUST-02900,Female,0,No,No,39,Yes,Yes,Fiber optic,No,No,Yes,No,No,Yes,Month-to-month,Yes,Electronic check,79.23,3151.97,Yes
CUST-02901,Male,0,Yes,No,1,Yes,Yes,Fiber optic,No,Yes,Yes,Yes,No,Yes,Two year,No,Mailed check,86.05,130.65,Yes
CUST-02902,Male,0,Yes,No,72,Yes,No,DSL,No,No,Yes,No,Yes,No,Month-to-month,No,Mailed check,39.71,2812.82,No
CUST-02903,Male,0,No,Yes,63,Yes,No,Fiber optic,No,No,No,Yes,No,No,Month-to-month,No,Electronic check,122.85,7751.11,No
CUST-02904,Male,0,Yes,Yes,54,Yes,Yes,Fiber optic,Yes,Yes,No,No,No,No,Month-to-month,Yes,Bank transfer (automatic),101.37,5431.77,No
CUST-02905,Male,0,Yes,No,22,Yes,No,Fiber optic,No,No,No,Yes,No,No,Month-to-month,No,Electronic check,65.49,1417.21,Yes
CUST-02906,Male,0,No,Yes,54,Yes,No,No,No internet service,No internet service,No internet service,No internet service,No internet service,No internet service,One year,No,Electronic check,55.58,3032.92,No
CUST-02907,Male,0,No,No,33,Yes,Yes,DSL,No,Yes,No,No,No,Yes,Month-to-month,Yes,Credit card (automatic),74.75,2475.33,Yes
CUST-02908,Male,0,Yes,Yes,47,Yes,No,Fiber optic,No,No,Yes,No,No,No,One year,Yes,Electronic check,108.57,5117.34,No
CUST-02909,Female,0,Yes,Yes,17,Yes,No,DSL,No,No,No,Yes,No,No,Month-to-month,Yes,Credit card (automatic),46.02,801.76,Yes
CUST-02910,Female,0,Yes,No,35,Yes,Yes,DSL,No,No,Yes,No,No,No,Two year,Yes,Bank transfer (automatic),45.41,1652.4,No
CUST-02911,Female,0,No,No,64,Yes,No,DSL,No,Yes,No,No,No,Yes,Month-to-month,No,Bank transfer (automatic),89.78,5775.77,No
CUST-02912,Female,1,Yes,No,14,Yes,No,Fiber optic,Yes,Yes,Yes,No,Yes,No,Month-to-month,Yes,Credit card (automatic),68.19,955.76,Yes
CUST-02913,Female,0,No,No,28,Yes,No,Fiber optic,No,No,No,No,No,No,Two year,No,Credit card (automatic),71.53,1987.72,Yes
CUST-02914,Female,0,No,Yes,21,Yes,Yes,Fiber optic,No,Yes,Yes,Yes,No,No,Two year,Yes,Mailed check,91.7,1918.31,No
CUST-02915,Female,0,No,No,13,Yes,No,Fiber optic,No,No,No,Yes,Yes,No,Two year,No,Credit card (automatic),34.67,435.8,No
CUST-02916,Female,0,Yes,Yes,29,Yes,No,DSL,No,Yes,No,Yes,No,Yes,Month-to-month,Yes,Credit card (automatic),98.35,2855.94,Yes
CUST-02917,Male,1,Yes,No,44,Yes,Yes,DSL,No,No,Yes,Yes,No,No,One year,Yes,Mailed check,49.97,2139.55,No
CUST-02918,Male,0,Yes,No,4,Yes,No,Fiber optic,No,Yes,No,Yes,No,No,Month-to-month,Yes,Electronic check,125.0,501.01,Yes
CUST-02919,Male,0,Yes,No,15,Yes,No,No,No internet service,No internet service,No internet service,No internet service,No internet service,No internet service,One year,No,Electronic check,118.75,1837.26,No
CUST-02920,Female,1,Yes,Yes,59,Yes,Yes,No,No internet service,No internet service,No internet service,No internet service,No internet service,No internet service,Month-to-month,Yes,Bank transfer (automatic),115.18,6796.97,No
CUST-02921,Female,0,No,No,19,Yes,Yes,DSL,Yes,No,No,No,No,Yes,Month-to-month,No,Credit card (automatic),49.93,946.22,Yes
CUST-02922,Male,0,Yes,No,25,Yes,No,Fiber optic,No,Yes,No,Yes,No,Yes,Two year,No,Electronic check,50.49,1185.04,No
CUST-02923,Female,0,Yes,No,49,Yes,No,Fiber optic,No,Yes,No,Yes,Yes,Yes,Two year,Yes,Credit card (automatic),74.87,3605.33,No
CUST-02924,Male,0,No,Yes,54,Yes,Yes,No,No internet service,No internet service,No internet service,No internet service,No internet service,No internet service,Month-to-month,No,Bank transfer (automatic),98.34,5251.92,No
CUST-02925,Female,0,No,No,70,Yes,Yes,DSL,No,No,Yes,No,Yes,No,Month-to-month,No,Mailed check,97.55,6812.54,No
CUST-02926,Female,0,Yes,No,12,Yes,Yes,DSL,Yes,Yes,No,No,No,No,Month-to-month,No,Electronic check,67.79,795.34,No
CUST-02927,Male,0,No,No,55,Yes,No,No,No internet service,No internet service,No internet service,No internet service,No internet service,No internet service,Two year,Yes,Electronic check,18.25,980.77,No
CUST-02928,Female,0,No,No,53,Yes,Yes,DSL,No,Yes,Yes,No,No,Yes,Month-to-month,No,Bank transfer (automatic),77.45,4106.85,No
CUST-02929,Female,0,Yes,No,9,No,No phone service,No,No internet service,No internet service,No internet service,No internet service,No internet service,No internet service,One year,Yes,Electronic check,23.5,263.3,No
CUST-02930,Male,0,No,No,64,Yes,Yes,Fiber optic,Yes,Yes,No,No,Yes,No,Month-to-month,No,Credit card (automatic),93.17,5991.23,Yes
CUST-02931,Female,0,Yes,No,23,Yes,No,Fiber optic,No,Yes,No,No,No,No,One year,No,Mailed check,81.49,1948.28,No
CUST-02932,Male,0,Yes,Yes,31,Yes,No,DSL,Yes,No,No,Yes,No,Yes,Two year,Yes,Mailed check,39.26,1144.22,No
CUST-02933,Female,0,Yes,Yes,58,No,No phone service,No,No internet service,No internet service,No internet service,No internet service,No internet service,No internet service,Month-to-month,Yes,Mailed check,121.75,7071.41,No
CUST-02934,Female,0,Yes,No,38,Yes,Yes,DSL,Yes,No,No,No,No,No,One year,No,Mailed check,72.54,2743.71,No
CUST-02935,Male,0,No,No,20,Yes,No,Fiber optic,No,No,Yes,No,Yes,No,One year,No,Credit card (automatic),103.21,2092.31,No
CUST-02936,Female,0,No,No,24,Yes,Yes,DSL,No,No,No,No,No,No,Month-to-month,No,Electronic check,104.8,2482.71,No
CUST-02937,Male,0,Yes,Yes,54,Yes,Yes,DSL,No,Yes,Yes,Yes,No,No,Two year,No,Credit card (automatic),47.14,2551.03,No
CUST-02938,Male,0,No,No,14,Yes,No,Fiber optic,No,Yes,No,No,No,No,One year,Yes,Bank transfer (automatic),89.91,1237.24,Yes
CUST-02939,Male,0,Yes,No,34,Yes,No,DSL,No,Yes,No,No,No,No,Month-to-month,Yes,Mailed check,29.89,1035.12,No
CUST-02940,Female,0,Yes,No,54,Yes,No,Fiber optic,No,No,Yes,Yes,Yes,No,Month-to-month,Yes,Credit card (automatic),81.58,4461.0,No
CUST-02941,Male,0,No,No,64,No,No phone service,Fiber optic,No,No,Yes,No,Yes,No,Two year,No,Mailed check,60.37,3772.78,No
CUST-02942,Male,0,Yes,No,60,Yes,No,Fiber optic,No,No,No,No,No,Yes,Month-to-month,Yes,Electronic check,82.16,4911.3,No
CUST-02943,Male,0,No,Yes,26,No,No phone service,Fiber optic,No,No,No,Yes,No,Yes,Two year,Yes,Electronic check,77.54,2093.02,Yes
CUST-02944,Female,1,Yes,No,15,Yes,No,DSL,Yes,No,No,No,No,No,Month-to-month,Yes,Mailed check,49.31,783.96,Yes
CUST-02945,Male,0,No,No,68,Yes,Yes,No,No internet service,No internet service,No internet service,No internet service,No internet service,No internet service,Two year,Yes,Bank transfer (automatic),97.75,6672.41,No
CUST-02946,Female,0,Yes,No,44,Yes,No,DSL,No,No,No,No,No,No,Month-to-month,Yes,Electronic check,88.19,3841.49,No
CUST-02947,Male,1,Yes,Yes,30,Yes,No,Fiber optic,Yes,No,No,No,No,Yes,Two year,No,Electronic check,78.61,2324.68,No
CUST-02948,Female,1,No,No,65,Yes,Yes,No,No internet service,No internet service,No internet service,No internet service,No internet service,No internet service,Two year,No,Credit card (automatic),118.75,7724.72,No
CUST-02949,Male,0,No,Yes,53,Yes,No,No,No internet service,No internet service,No internet service,No internet service,No internet service,No internet service,Month-to-month,No,Electronic check,39.14,2068.72,No
CUST-02950,Male,0,Yes,No,35,No,No phone service,DSL,No,Yes,Yes,No,No,Yes,Two year,No,Electronic check,32.32,1078.92,No
CUST-02951,Female,1,No,No,15,Yes,No,Fiber optic,No,No,Yes,Yes,No,No,Two year,No,Electronic check,125.0,1853.28,Yes
CUST-02952,Male,0,Yes,No,6,Yes,No,No,No internet service,No internet service,No internet service,No internet service,No internet service,No internet service,Two year,Yes,Mailed check,97.37,692.41,No
CUST-02953,Male,0,Yes,No,39,Yes,Yes,No,No internet service,No internet service,No internet service,No internet service,No internet service,No internet service,Month-to-month,No,Electronic check,107.39,4206.61,Yes
CUST-02954,Female,0,Yes,No,9,Yes,Yes,Fiber optic,Yes,Yes,Yes,No,Yes,No,Two year,No,Electronic check,125.0,1055.31,No
CUST-02955,Female,0,No,No,23,Yes,Yes,DSL,No,No,Yes,No,No,No,Two year,No,Credit card (automatic),111.89,2649.18,No
CUST-02956,Male,0,No,No,50,No,No phone service,Fiber optic,No,No,No,Yes,No,No,Month-to-month,Yes,Credit card (automatic),60.74,3010.07,No
CUST-02957,Female,0,No,No,1,Yes,Yes,No,No internet service,No internet service,No internet service,No internet service,No internet service,No internet service,Two year,Yes,Credit card (automatic),65.97,148.66,Yes
CUST-02958,Female,0,No,Yes,72,Yes,No,DSL,No,No,Yes,No,No,No,Month-to-month,Yes,Mailed check,94.46,6843.67,No
CUST-02959,Male,0,Yes,No,32,Yes,No,No,No internet service,No internet service,No internet service,No internet service,No internet service,No internet service,Month-to-month,Yes,Bank transfer (automatic),33.25,932.17,No
CUST-02960,Female,0,Yes,No,63,Yes,No,Fiber optic,Yes,Yes,Yes,No,No,No,Month-to-month,No,Electronic check,64.12,3945.64,No
CUST-02961,Male,1,Yes,No,13,Yes,Yes,Fiber optic,Yes,No,No,Yes,No,Yes,Two year,Yes,Bank transfer (automatic),125.0,1623.78,Yes
CUST-02962,Female,0,No,No,34,Yes,No,DSL,No,No,No,No,No,No,One year,No,Bank transfer (automatic),35.16,1215.93,No
CUST-02963,Male,1,Yes,No,70,Yes,Yes,DSL,No,No,Yes,Yes,No,No,Two year,No,Mailed check,85.34,6001.23,No
CUST-02964,Female,1,No,Yes,46,Yes,No,DSL,No,No,No,No,No,No,Month-to-month,Yes,Electronic check,74.91,3491.19,Yes
CUST-02965,Male,0,No,No,59,Yes,Yes,No,No internet service,No internet service,No internet service,No internet service,No internet service,No internet service,One year,Yes,Bank transfer (automatic),84.02,4949.07,No
CUST-02966,Male,0,No,No,50,No,No phone service,Fiber optic,No,No,No,No,Yes,No,One year,Yes,Credit card (automatic),44.95,2180.84,No
CUST-02967,Female,0,Yes,No,54,Yes,No,Fiber optic,No,No,Yes,No,No,No,Month-to-month,Yes,Electronic check,100.12,5388.98,No
CUST-02968,Female,1,Yes,Yes,27,Yes,Yes,No,No internet service,No internet service,No internet service,No internet service,No internet service,No internet service,Month-to-month,Yes,Bank transfer (automatic),22.39,517.6,No
CUST-02969,Male,0,No,No,33,Yes,Yes,Fiber optic,Yes,No,Yes,No,No,No,Month-to-month,Yes,Electronic check,75.27,2467.97,No
CUST-02970,Male,0,No,No,4,Yes,Yes,No,No internet service,No internet service,No internet service,No internet service,No internet service,No internet service,Month-to-month,Yes,Electronic check,69.45,332.11,No
CUST-02971,Male,1,Yes,Yes,19,Yes,Yes,DSL,No,No,Yes,Yes,No,Yes,One year,No,Electronic check,77.23,1535.31,Yes
CUST-02972,Female,0,No,No,5,Yes,No,DSL,No,No,No,No,No,No,Month-to-month,Yes,Mailed check,109.64,526.32,Yes
CUST-02973,Male,1,No,Yes,24,Yes,Yes,Fiber optic,No,No,No,No,No,No,Month-to-month,Yes,Electronic check,59.12,1437.02,Yes
CUST-02974,Male,0,Yes,No,53,Yes,Yes,No,No internet service,No internet service,No internet service,No internet service,No internet service,No internet service,Two year,No,Electronic check,97.74,5117.55,No
CUST-02975,Female,0,No,Yes,15,Yes,No,Fiber optic,No,No,No,No,Yes,No,Month-to-month,Yes,Bank transfer (automatic),125.0,1917.1,Yes
CUST-02976,Female,0,Yes,Yes,35,Yes,Yes,DSL,Yes,No,No,No,No,No,One year,Yes,Credit card (automatic),48.15,1650.34,No
CUST-02977,Female,0,No,No,40,Yes,Yes,No,No internet service,No internet service,No internet service,No internet service,No internet service,No internet service,Month-to-month,Yes,Electronic check,23.46,919.69,No
CUST-02978,Male,0,Yes,Yes,12,Yes,Yes,Fiber optic,No,Yes,No,No,Yes,No,Month-to-month,No,Electronic check,75.31,933.26,Yes
CUST-02979,Female,1,Yes,Yes,59,Yes,No,Fiber optic,No,Yes,Yes,Yes,No,Yes,One year,No,Mailed check,116.99,6882.77,No
CUST-02980,Female,0,Yes,No,56,Yes,No,Fiber optic,No,Yes,Yes,No,Yes,No,Two year,Yes,Bank transfer (automatic),119.92,6736.58,No
CUST-02981,Male,0,No,Yes,14,Yes,No,Fiber optic,No,Yes,Yes,No,No,No,Month-to-month,Yes,Electronic check,63.62,874.33,Yes
CUST-02982,Female,1,No,Yes,3,Yes,No,DSL,Yes,No,No,Yes,No,Yes,Month-to-month,No,Electronic check,77.8,252.1,No
CUST-02983,Male,0,Yes,No,1,Yes,No,Fiber optic,No,No,No,Yes,Yes,No,Month-to-month,Yes,Electronic check,107.2,106.69,Yes
CUST-02984,Male,0,Yes,No,22,Yes,No,DSL,No,No,Yes,Yes,Yes,No,Two year,No,Electronic check,100.28,2257.1,No
CUST-02985,Male,1,Yes,No,10,Yes,No,Fiber optic,No,No,No,Yes,Yes,Yes,Two year,Yes,Electronic check,104.34,1008.77,Yes
CUST-02986,Male,0,Yes,No,2,Yes,No,Fiber optic,Yes,Yes,Yes,No,Yes,Yes,Two year,Yes,Mailed check,124.8,283.33,Yes
CUST-02987,Male,0,No,No,34,Yes,No,Fiber optic,Yes,Yes,No,No,No,Yes,One year,Yes,Credit card (automatic),106.05,3604.21,No
CUST-02988,Male,0,Yes,No,38,Yes,Yes,No,No internet service,No internet service,No internet service,No internet service,No internet service,No internet service,One year,Yes,Electronic check,68.99,2640.52,Yes
CUST-02989,Male,0,No,No,2,Yes,No,Fiber optic,No,No,Yes,No,No,No,Two year,Yes,Mailed check,90.09,147.89,Yes
CUST-02990,Female,0,No,No,44,Yes,No,Fiber optic,Yes,Yes,Yes,No,No,No,Two year,Yes,Bank transfer (automatic),89.07,3988.88,No
CUST-02991,Female,0,Yes,No,30,No,No phone service,DSL,No,Yes,No,No,Yes,No,Two year,Yes,Mailed check,90.63,2741.65,Yes
CUST-02992,Male,0,No,No,15,Yes,Yes,DSL,No,Yes,Yes,Yes,No,No,Month-to-month,Yes,Mailed check,30.56,401.29,No
CUST-02993,Female,0,No,No,9,Yes,Yes,DSL,No,No,No,Yes,Yes,No,Two year,No,Mailed check,52.45,512.74,No
CUST-02994,Male,0,No,No,55,Yes,Yes,DSL,Yes,No,No,Yes,Yes,Yes,Month-to-month,No,Credit card (automatic),83.8,4696.8,No
CUST-02995,Male,0,No,Yes,8,Yes,No,Fiber optic,No,Yes,No,Yes,No,No,Two year,Yes,Electronic check,108.5,824.5,Yes
CUST-02996,Male,0,Yes,No,15,Yes,Yes,Fiber optic,Yes,Yes,No,No,Yes,Yes,Month-to-month,Yes,Mailed check,113.49,1659.08,No
CUST-02997,Female,0,Yes,No,52,Yes,No,No,No internet service,No internet service,No internet service,No internet service,No internet service,No internet service,Month-to-month,Yes,Bank transfer (automatic),21.25,1169.8,No
CUST-02998,Female,0,No,No,46,Yes,Yes,DSL,Yes,No,Yes,No,No,No,Two year,Yes,Credit card (automatic),106.61,4874.55,No
CUST-02999,Female,1,Yes,No,72,Yes,No,DSL,Yes,No,Yes,No,No,No,One year,Yes,Electronic check,74.54,5410.11,No
CUST-03000,Male,0,No,Yes,3,Yes,Yes,Fiber optic,No,Yes,No,Yes,No,No,Month-to-month,Yes,Mailed check,39.9,130.48,No
CUST-03001,Male,0,No,Yes,15,Yes,Yes,DSL,Yes,Yes,Yes,No,Yes,No,Two year,Yes,Electronic check,49.94,728.49,No
CUST-03002,Male,0,Yes,No,48,Yes,No,Fiber optic,Yes,No,No,Yes,Yes,Yes,Month-to-month,Yes,Credit card (automatic),36.87,1772.03,No
CUST-03003,Male,0,Yes,No,17,Yes,Yes,Fiber optic,Yes,Yes,No,No,Yes,Yes,Two year,Yes,Electronic check,92.43,1621.55,No
CUST-03004,Male,1,Yes,No,28,Yes,Yes,Fiber optic,Yes,No,No,No,Yes,No,Month-to-month,Yes,Mailed check,73.65,2081.87,No
CUST-03005,Male,0,No,Yes,22,Yes,No,DSL,No,No,No,No,No,Yes,Month-to-month,No,Electronic check,58.35,1240.14,No
CUST-03006,Female,0,Yes,Yes,59,No,No phone service,DSL,Yes,No,No,No,Yes,Yes,Month-to-month,No,Bank transfer (automatic),121.75,7166.7,No
CUST-03007,Male,0,Yes,No,57,No,No phone service,No,No internet service,No internet service,No internet service,No internet service,No internet service,No internet service,Two year,No,Electronic check,87.3,5020.19,No
CUST-03008,Female,0,No,Yes,59,Yes,No,No,No internet service,No internet service,No internet service,No internet service,No internet service,No internet service,One year,Yes,Mailed check,100.77,6025.29,No
CUST-03009,Male,0,No,No,37,Yes,No,Fiber optic,No,No,Yes,No,No,Yes,Month-to-month,Yes,Bank transfer (automatic),78.3,2930.23,No
CUST-03010,Male,1,No,No,36,Yes,No,DSL,Yes,Yes,Yes,No,No,No,Two year,Yes,Credit card (automatic),71.52,2683.05,No
CUST-03011,Female,0,No,No,42,Yes,No,Fiber optic,No,Yes,No,No,Yes,No,Two year,No,Bank transfer (automatic),80.06,3352.68,No
CUST-03012,Male,0,Yes,No,5,No,No phone service,Fiber optic,Yes,No,No,No,Yes,No,Two year,Yes,Electronic check,111.11,588.37,Yes
CUST-03013,Female,0,No,No,40,Yes,No,DSL,Yes,No,Yes,Yes,Yes,No,Month-to-month,No,Mailed check,101.77,4085.1,No
CUST-03014,Male,0,No,No,20,Yes,No,No,No internet service,No internet service,No internet service,No internet service,No internet service,No internet service,Two year,Yes,Electronic check,74.01,1565.94,No
CUST-03015,Female,0,Yes,No,68,Yes,Yes,No,No internet service,No internet service,No internet service,No internet service,No internet service,No internet service,Two year,Yes,Mailed check,44.57,3033.29,No
CUST-03016,Female,0,Yes,No,14,Yes,Yes,DSL,Yes,No,No,No,Yes,No,Two year,No,Electronic check,111.39,1611.2,Yes
CUST-03017,Male,0,Yes,No,3,Yes,No,DSL,Yes,Yes,No,Yes,No,No,Two year,Yes,Credit card (automatic),74.03,218.74,No
CUST-03018,Female,0,No,Yes,70,Yes,No,Fiber optic,No,No,No,No,No,Yes,Two year,No,Credit card (automatic),30.25,2086.59,No
CUST-03019,Male,1,No,Yes,12,Yes,No,Fiber optic,Yes,Yes,No,Yes,Yes,Yes,Two year,No,Mailed check,125.0,1579.46,No
CUST-03020,Male,0,No,No,38,Yes,Yes,Fiber optic,Yes,No,Yes,No,No,No,Month-to-month,Yes,Mailed check,96.46,3660.01,Yes
CUST-03021,Female,1,No,No,28,Yes,No,Fiber optic,No,No,No,No,No,No,Two year,Yes,Mailed check,85.18,2393.76,No
CUST-03022,Female,0,Yes,No,20,No,No phone service,Fiber optic,No,No,No,No,No,No,Two year,No,Bank transfer (automatic),30.25,564.76,Yes
CUST-03023,Female,0,No,No,36,Yes,Yes,DSL,No,Yes,No,Yes,Yes,No,Month-to-month,No,Bank transfer (automatic),97.77,3563.03,No
CUST-03024,Female,1,No,No,53,Yes,No,DSL,No,No,No,No,Yes,Yes,Month-to-month,No,Credit card (automatic),31.64,1620.11,No
CUST-03025,Female,0,No,No,9,Yes,Yes,Fiber optic,No,Yes,No,No,No,Yes,Month-to-month,Yes,Electronic check,125.0,1069.88,Yes
CUST-03026,Male,0,Yes,No,48,Yes,No,Fiber optic,No,Yes,Yes,No,No,Yes,One year,Yes,Mailed check,30.25,1505.49,No
CUST-03027,Female,0,No,Yes,65,Yes,Yes,No,No internet service,No internet service,No internet service,No internet service,No internet service,No internet service,Month-to-month,Yes,Credit card (automatic),98.49,6405.04,No
CUST-03028,Male,0,No,No,21,Yes,No,DSL,No,No,Yes,Yes,No,Yes,Month-to-month,No,Electronic check,118.95,2481.86,No
CUST-03029,Female,1,Yes,Yes,49,Yes,Yes,No,No internet service,No internet service,No internet service,No internet service,No internet service,No internet service,One year,Yes,Mailed check,77.67,3755.11,No
CUST-03030,Male,0,No,Yes,67,Yes,Yes,DSL,Yes,No,No,Yes,No,No,Two year,Yes,Electronic check,74.1,4989.58,No
CUST-03031,Male,0,Yes,Yes,68,No,No phone service,Fiber optic,Yes,Yes,Yes,No,No,No,Month-to-month,No,Mailed check,94.55,6469.65,No
CUST-03032,Female,0,Yes,No,47,Yes,Yes,DSL,Yes,No,No,No,No,Yes,One year,No,Mailed check,18.25,877.97,No
CUST-03033,Male,0,No,No,68,Yes,No,Fiber optic,No,Yes,Yes,Yes,No,Yes,One year,Yes,Bank transfer (automatic),65.7,4389.03,No
CUST-03034,Female,0,Yes,No,56,Yes,Yes,Fiber optic,No,Yes,Yes,Yes,No,No,Month-to-month,No,Electronic check,93.89,5309.86,No
CUST-03035,Female,1,No,No,37,Yes,Yes,Fiber optic,No,Yes,No,No,No,Yes,One year,Yes,Mailed check,108.24,4020.69,No
CUST-03036,Male,0,No,No,10,Yes,No,DSL,No,Yes,Yes,No,Yes,Yes,Month-to-month,Yes,Mailed check,99.62,975.41,Yes
CUST-03037,Male,1,Yes,No,62,Yes,Yes,Fiber optic,No,No,No,No,No,Yes,Two year,No,Credit card (automatic),51.94,3226.14,No
CUST-03038,Female,0,Yes,Yes,21,Yes,No,Fiber optic,No,No,Yes,No,Yes,No,Month-to-month,Yes,Bank transfer (automatic),108.51,2230.37,No
CUST-03039,Female,0,Yes,No,54,No,No phone service,Fiber optic,No,No,No,Yes,Yes,No,Month-to-month,Yes,Mailed check,106.49,5778.58,No
CUST-03040,Female,0,Yes,No,47,Yes,No,DSL,No,No,No,No,No,No,Two year,Yes,Electronic check,18.25,,No
CUST-03041,Female,0,No,No,26,Yes,No,DSL,No,No,No,No,Yes,No,Month-to-month,No,Credit card (automatic),27.0,740.19,No
CUST-03042,Female,1,Yes,Yes,56,Yes,Yes,Fiber optic,No,Yes,Yes,Yes,Yes,No,Month-to-month,Yes,Bank transfer (automatic),113.23,6361.34,No
CUST-03043,Female,0,No,Yes,48,Yes,No,Fiber optic,No,Yes,No,No,No,No,Two year,No,Electronic check,82.3,3963.99,Yes
CUST-03044,Male,0,Yes,No,54,Yes,Yes,DSL,No,No,Yes,No,Yes,Yes,Month-to-month,Yes,Electronic check,107.28,5819.48,No
CUST-03045,Female,0,Yes,No,69,Yes,Yes,DSL,No,No,No,No,No,Yes,Two year,No,Bank transfer (automatic),118.75,8232.18,No
CUST-03046,Male,0,No,No,20,Yes,Yes,Fiber optic,No,No,Yes,No,Yes,No,Month-to-month,Yes,Mailed check,123.62,2418.17,Yes
CUST-03047,Male,0,No,No,56,Yes,No,No,No internet service,No internet service,No internet service,No internet service,No internet service,No internet service,Month-to-month,Yes,Bank transfer (automatic),58.28,3309.58,No
CUST-03048,Male,1,No,No,3,No,No phone service,Fiber optic,No,Yes,Yes,Yes,No,Yes,Month-to-month,Yes,Mailed check,72.69,138.6,Yes
CUST-03049,Female,0,No,No,52,Yes,Yes,No,No internet service,No internet service,No internet service,No internet service,No internet service,No internet service,Month-to-month,Yes,Credit card (automatic),70.34,3651.75,No
CUST-03050,Male,0,No,No,12,Yes,No,Fiber optic,No,No,No,No,No,Yes,Month-to-month,No,Electronic check,102.81,1296.87,Yes
CUST-03051,Male,0,Yes,Yes,16,Yes,Yes,Fiber optic,No,Yes,No,No,No,No,Two year,Yes,Electronic check,118.81,1911.06,No
CUST-03052,Female,0,Yes,No,15,Yes,No,No,No internet service,No internet service,No internet service,No internet service,No internet service,No internet service,Two year,Yes,Electronic check,19.08,275.23,No
CUST-03053,Male,0,No,No,60,Yes,Yes,DSL,No,Yes,Yes,No,Yes,Yes,Month-to-month,Yes,Credit card (automatic),77.31,4617.67,No
CUST-03054,Female,0,Yes,No,27,Yes,No,No,No internet service,No internet service,No internet service,No internet service,No internet service,No internet service,Month-to-month,Yes,Credit card (automatic),101.36,,No
CUST-03055,Male,0,No,No,29,Yes,No,DSL,No,No,No,No,No,Yes,Month-to-month,Yes,Electronic check,111.86,3324.33,No
CUST-03056,Female,0,No,Yes,27,Yes,No,Fiber optic,No,Yes,Yes,Yes,Yes,No,Two year,Yes,Electronic check,120.67,3191.19,No
CUST-03057,Male,1,No,No,45,Yes,No,No,No internet service,No internet service,No internet service,No internet service,No internet service,No internet service,Two year,No,Bank transfer (automatic),19.08,805.78,No
CUST-03058,Female,1,No,No,66,Yes,No,No,No internet service,No internet service,No internet service,No internet service,No internet service,No internet service,Month-to-month,No,Credit card (automatic),21.25,1326.35,No
CUST-03059,Female,0,No,No,49,Yes,No,No,No internet service,No internet service,No internet service,No internet service,No internet service,No internet service,Month-to-month,Yes,Bank transfer (automatic),88.11,4389.45,No
CUST-03060,Female,0,Yes,No,8,Yes,No,No,No internet service,No internet service,No internet service,No internet service,No internet service,No internet service,Two year,Yes,Electronic check,118.75,938.72,Yes
CUST-03061,Female,0,No,No,38,Yes,No,Fiber optic,No,Yes,No,Yes,Yes,Yes,Month-to-month,Yes,Mailed check,93.59,3586.7,Yes
CUST-03062,Female,0,No,No,8,No,No phone service,Fiber optic,No,No,No,No,Yes,Yes,One year,Yes,Bank transfer (automatic),81.86,682.96,No
CUST-03063,Female,0,Yes,No,12,Yes,Yes,Fiber optic,No,Yes,No,No,No,No,Month-to-month,Yes,Electronic check,49.64,621.01,No
CUST-03064,Female,0,No,Yes,15,Yes,No,DSL,No,No,Yes,No,No,No,Month-to-month,Yes,Electronic check,52.31,791.31,Yes
CUST-03065,Male,0,Yes,No,51,Yes,Yes,Fiber optic,Yes,No,No,No,Yes,Yes,Month-to-month,Yes,Mailed check,57.73,2953.46,No
CUST-03066,Male,1,Yes,Yes,64,Yes,No,DSL,Yes,No,No,Yes,No,No,One year,No,Electronic check,62.69,4070.16,No
CUST-03067,Male,1,No,No,18,Yes,Yes,No,No internet service,No internet service,No internet service,No internet service,No internet service,No internet service,One year,Yes,Credit card (automatic),51.46,927.9,No
CUST-03068,Male,0,No,No,68,Yes,No,Fiber optic,Yes,No,Yes,Yes,Yes,No,Month-to-month,Yes,Mailed check,103.31,6996.11,No
CUST-03069,Female,0,Yes,No,20,No,No phone service,DSL,No,Yes,No,No,Yes,Yes,Two year,No,Bank transfer (automatic),108.73,2231.68,Yes
CUST-03070,Female,0,No,No,23,Yes,No,Fiber optic,No,No,No,Yes,No,Yes,Two year,Yes,Credit card (automatic),73.86,1721.44,No
CUST-03071,Female,0,Yes,No,10,Yes,No,Fiber optic,Yes,No,No,No,Yes,No,Month-to-month,No,Electronic check,69.75,599.22,Yes
CUST-03072,Female,0,Yes,No,4,Yes,Yes,No,No internet service,No internet service,No internet service,No internet service,No internet service,No internet service,Month-to-month,No,Credit card (automatic),55.83,202.94,No
CUST-03073,Female,1,Yes,No,45,Yes,No,DSL,Yes,Yes,No,No,Yes,No,Month-to-month,Yes,Electronic check,121.75,5469.77,No
CUST-03074,Male,0,No,No,30,No,No phone service,Fiber optic,No,No,Yes,Yes,Yes,Yes,Month-to-month,Yes,Credit card (automatic),52.03,1626.72,No
CUST-03075,Male,0,Yes,No,9,Yes,No,DSL,Yes,No,No,No,Yes,Yes,Month-to-month,No,Bank transfer (automatic),78.11,705.93,No
CUST-03076,Male,0,Yes,No,41,Yes,No,No,No internet service,No internet service,No internet service,No internet service,No internet service,No internet service,One year,No,Electronic check,36.62,1469.11,No
CUST-03077,Female,0,No,Yes,25,Yes,No,No,No internet service,No internet service,No internet service,No internet service,No internet service,No internet service,Month-to-month,Yes,Electronic check,21.25,483.28,No
CUST-03078,Male,0,Yes,No,29,Yes,Yes,DSL,No,Yes,No,Yes,No,No,Month-to-month,Yes,Bank transfer (automatic),60.56,1757.8,No
CUST-03079,Female,0,Yes,No,65,Yes,No,DSL,Yes,Yes,No,Yes,Yes,Yes,One year,Yes,Electronic check,72.56,4760.94,No
CUST-03080,Female,0,Yes,No,30,Yes,Yes,DSL,Yes,Yes,No,No,No,No,Two year,Yes,Credit card (automatic),42.8,1363.47,No
CUST-03081,Female,0,No,No,33,Yes,No,Fiber optic,No,No,Yes,No,No,No,Month-to-month,Yes,Bank transfer (automatic),55.29,1763.87,No
CUST-03082,Male,0,No,No,50,Yes,No,DSL,No,No,Yes,Yes,Yes,No,Two year,Yes,Credit card (automatic),33.64,1691.38,No
CUST-03083,Female,0,No,No,65,Yes,No,No,No internet service,No internet service,No internet service,No internet service,No internet service,No internet service,One year,Yes,Electronic check,62.02,4013.05,No
CUST-03084,Female,0,Yes,Yes,54,Yes,No,Fiber optic,No,Yes,No,No,Yes,No,Month-to-month,Yes,Bank transfer (automatic),79.52,4289.41,No
CUST-03085,Female,1,Yes,Yes,36,Yes,Yes,Fiber optic,No,Yes,No,No,No,Yes,One year,No,Electronic check,125.0,4466.68,No
CUST-03086,Female,0,No,No,23,Yes,Yes,Fiber optic,No,No,No,No,No,No,Month-to-month,Yes,Mailed check,111.51,2499.3,No
CUST-03087,Female,0,Yes,No,13,Yes,Yes,Fiber optic,No,No,Yes,No,No,Yes,One year,No,Mailed check,80.37,1061.97,Yes
CUST-03088,Female,0,Yes,No,9,Yes,Yes,DSL,No,Yes,No,No,No,Yes,Month-to-month,No,Credit card (automatic),34.31,291.99,No
CUST-03089,Female,0,Yes,No,55,Yes,Yes,No,No internet service,No internet service,No internet service,No internet service,No internet service,No internet service,Month-to-month,Yes,Credit card (automatic),37.04,2073.15,No
CUST-03090,Female,0,Yes,No,54,Yes,No,Fiber optic,No,No,No,No,Yes,Yes,Month-to-month,No,Mailed check,100.11,5411.24,No
CUST-03091,Female,0,Yes,No,26,Yes,No,DSL,Yes,Yes,No,Yes,No,Yes,Month-to-month,Yes,Electronic check,121.75,3239.48,No
CUST-03092,Female,0,No,No,68,Yes,No,DSL,No,No,No,Yes,No,No,Month-to-month,Yes,Bank transfer (automatic),66.18,4558.05,No
CUST-03093,Male,1,No,No,70,Yes,No,Fiber optic,No,No,No,Yes,No,No,Month-to-month,Yes,Mailed check,33.25,2419.27,No
CUST-03094,Female,0,No,No,45,Yes,Yes,DSL,Yes,No,Yes,No,No,No,Month-to-month,Yes,Credit card (automatic),93.36,4161.6,No
CUST-03095,Male,0,Yes,No,19,Yes,No,DSL,No,No,No,Yes,No,No,Two year,Yes,Electronic check,105.02,2053.76,No
CUST-03096,Male,1,No,No,37,No,No phone service,Fiber optic,No,No,Yes,No,Yes,No,Month-to-month,No,Mailed check,94.91,3517.82,No
CUST-03097,Female,0,No,No,60,Yes,No,No,No internet service,No internet service,No internet service,No internet service,No internet service,No internet service,Month-to-month,Yes,Mailed check,71.17,4296.92,No
CUST-03098,Female,0,No,No,37,Yes,No,Fiber optic,No,Yes,Yes,No,No,No,Two year,Yes,Electronic check,59.04,2185.84,No
CUST-03099,Female,0,Yes,No,36,Yes,Yes,No,No internet service,No internet service,No internet service,No internet service,No internet service,No internet service,Month-to-month,No,Mailed check,45.58,1649.35,No
CUST-03100,Female,0,No,Yes,39,Yes,No,DSL,No,No,No,No,No,No,Two year,Yes,Credit card (automatic),83.28,3231.91,Yes
CUST-03101,Female,0,Yes,No,61,No,No phone service,No,No internet service,No internet service,No internet service,No internet service,No internet service,No internet service,Month-to-month,Yes,Bank transfer (automatic),45.89,2857.89,No
CUST-03102,Female,0,No,No,30,Yes,Yes,Fiber optic,No,No,Yes,No,Yes,No,Month-to-month,Yes,Credit card (automatic),95.11,2818.61,Yes
CUST-03103,Female,0,No,No,14,Yes,Yes,No,No internet service,No internet service,No internet service,No internet service,No internet service,No internet service,Month-to-month,Yes,Mailed check,48.73,684.39,No
CUST-03104,Female,1,No,No,37,Yes,Yes,Fiber optic,No,No,Yes,No,Yes,Yes,Month-to-month,Yes,Credit card (automatic),113.16,4219.28,Yes
CUST-03105,Male,0,No,No,46,Yes,No,Fiber optic,No,No,Yes,No,Yes,Yes,One year,No,Mailed check,69.81,3196.99,No
CUST-03106,Female,0,No,No,68,Yes,No,No,No internet service,No internet service,No internet service,No internet service,No internet service,No internet service,One year,Yes,Bank transfer (automatic),66.69,4580.76,No
CUST-03107,Male,0,No,No,9,Yes,No,No,No internet service,No internet service,No internet service,No internet service,No internet service,No internet service,Month-to-month,No,Bank transfer (automatic),86.54,764.56,No
CUST-03108,Female,0,Yes,Yes,68,Yes,Yes,DSL,No,No,Yes,Yes,No,Yes,Month-to-month,Yes,Electronic check,108.67,7382.35,No
CUST-03109,Male,0,Yes,No,58,Yes,Yes,DSL,No,Yes,No,Yes,Yes,Yes,Two year,Yes,Credit card (automatic),93.04,5453.59,No
CUST-03110,Female,0,No,No,52,Yes,Yes,Fiber optic,No,Yes,No,No,Yes,Yes,Month-to-month,No,Credit card (automatic),87.86,4548.41,No
CUST-03111,Male,1,No,No,17,Yes,Yes,DSL,No,No,No,No,No,No,Month-to-month,No,Mailed check,74.6,1316.34,Yes
CUST-03112,Male,0,No,Yes,15,Yes,No,DSL,No,No,No,Yes,No,Yes,Month-to-month,Yes,Mailed check,39.64,626.48,No
CUST-03113,Female,0,Yes,Yes,31,No,No phone service,DSL,Yes,No,No,Yes,No,No,Month-to-month,Yes,Mailed check,65.43,2120.99,No
CUST-03114,Male,0,No,No,14,Yes,Yes,Fiber optic,No,Yes,Yes,No,No,No,Month-to-month,Yes,Credit card (automatic),125.0,1726.7,No
CUST-03115,Female,0,Yes,Yes,48,Yes,No,Fiber optic,Yes,No,No,Yes,No,Yes,Month-to-month,Yes,Electronic check,88.85,4252.71,No
CUST-03116,Female,0,Yes,Yes,55,Yes,Yes,DSL,No,No,Yes,No,Yes,Yes,Two year,Yes,Electronic check,47.57,2630.39,Yes
CUST-03117,Male,0,Yes,No,35,Yes,No,Fiber optic,No,No,No,No,No,No,Month-to-month,No,Electronic check,107.94,3766.2,Yes
CUST-03118,Male,0,Yes,No,50,No,No phone service,Fiber optic,Yes,No,No,No,Yes,No,Month-to-month,No,Credit card (automatic),90.49,4546.02,No
CUST-03119,Female,0,No,No,57,Yes,No,No,No internet service,No internet service,No internet service,No internet service,No internet service,No internet service,Month-to-month,Yes,Mailed check,21.25,1220.2,No
CUST-03120,Male,0,Yes,No,66,Yes,No,DSL,Yes,No,No,No,No,No,Two year,Yes,Bank transfer (automatic),44.29,2870.85,No
CUST-03121,Male,0,Yes,No,50,Yes,No,No,No internet service,No internet service,No internet service,No internet service,No internet service,No internet service,One year,No,Credit card (automatic),34.03,1668.32,No
CUST-03122,Male,0,No,No,17,Yes,No,No,No internet service,No internet service,No internet service,No internet service,No internet service,No internet service,Two year,Yes,Mailed check,38.95,741.08,No
CUST-03123,Female,0,Yes,No,10,Yes,No,Fiber optic,No,Yes,No,No,No,No,Month-to-month,No,Electronic check,65.48,637.46,No
CUST-03124,Male,0,Yes,Yes,68,Yes,No,Fiber optic,No,No,No,No,No,Yes,One year,Yes,Bank transfer (automatic),100.9,6881.75,No
CUST-03125,Female,0,Yes,No,56,Yes,Yes,DSL,Yes,No,Yes,Yes,No,Yes,Month-to-month,No,Mailed check,44.08,2441.87,No
CUST-03126,Male,0,Yes,No,62,Yes,No,Fiber optic,No,Yes,No,No,Yes,No,Two year,No,Bank transfer (automatic),41.88,2564.06,No
CUST-03127,Male,1,No,Yes,31,Yes,Yes,DSL,No,Yes,No,No,No,No,Month-to-month,No,Bank transfer (automatic),95.13,2998.91,Yes
CUST-03128,Male,0,Yes,No,12,Yes,No,Fiber optic,Yes,Yes,No,No,No,Yes,Month-to-month,Yes,Electronic check,81.25,988.14,Yes
CUST-03129,Male,0,Yes,No,44,Yes,Yes,No,No internet service,No internet service,No internet service,No internet service,No internet service,No internet service,Month-to-month,Yes,Electronic check,98.57,4296.72,No
CUST-03130,Male,1,Yes,No,47,Yes,No,DSL,No,No,No,Yes,No,No,One year,Yes,Credit card (automatic),73.9,3483.84,Yes
CUST-03131,Female,0,Yes,No,16,Yes,No,Fiber optic,No,No,No,No,Yes,No,Month-to-month,No,Bank transfer (automatic),125.0,2019.3,Yes
CUST-03132,Female,0,Yes,No,34,Yes,Yes,Fiber optic,No,Yes,No,No,No,No,Month-to-month,Yes,Bank transfer (automatic),80.28,2807.52,No
CUST-03133,Male,0,Yes,No,31,No,No phone service,Fiber optic,Yes,No,No,No,No,No,Two year,No,Mailed check,56.81,1670.91,No
CUST-03134,Female,0,Yes,No,19,Yes,No,Fiber optic,No,No,No,Yes,Yes,No,Month-to-month,Yes,Mailed check,92.38,1805.63,Yes
CUST-03135,Male,0,Yes,Yes,59,Yes,No,Fiber optic,No,Yes,No,Yes,No,No,Month-to-month,No,Bank transfer (automatic),75.23,4422.68,No
CUST-03136,Female,1,No,Yes,35,Yes,No,Fiber optic,No,No,No,No,No,Yes,One year,Yes,Electronic check,91.99,3308.94,Yes
CUST-03137,Male,0,Yes,Yes,67,Yes,Yes,DSL,No,No,No,Yes,No,No,One year,Yes,Bank transfer (automatic),60.48,4127.34,No
CUST-03138,Female,0,Yes,No,1,Yes,No,Fiber optic,Yes,No,No,Yes,No,No,Month-to-month,No,Credit card (automatic),121.15,204.48,Yes
CUST-03139,Female,0,No,Yes,68,Yes,No,Fiber optic,No,No,No,Yes,No,No,Month-to-month,No,Credit card (automatic),122.72,8327.8,No
CUST-03140,Female,1,Yes,Yes,48,Yes,No,DSL,Yes,No,No,No,No,No,Month-to-month,No,Credit card (automatic),55.06,2587.17,No
CUST-03141,Female,0,No,No,51,Yes,No,Fiber optic,Yes,No,No,No,Yes,Yes,Month-to-month,No,Mailed check,106.34,5425.15,Yes
CUST-03142,Female,1,Yes,No,21,Yes,Yes,Fiber optic,No,No,No,No,No,No,Month-to-month,Yes,Credit card (automatic),111.72,2307.95,Yes
CUST-03143,Female,0,Yes,No,6,Yes,No,Fiber optic,Yes,No,Yes,Yes,Yes,No,Two year,Yes,Bank transfer (automatic),113.35,678.68,Yes
CUST-03144,Male,0,No,No,17,Yes,Yes,Fiber optic,No,Yes,Yes,Yes,Yes,No,Month-to-month,No,Credit card (automatic),43.54,682.47,No
CUST-03145,Male,0,Yes,Yes,32,Yes,Yes,Fiber optic,No,Yes,Yes,Yes,No,Yes,Month-to-month,No,Electronic check,97.59,3105.92,No
CUST-03146,Male,0,Yes,No,25,Yes,No,No,No internet service,No internet service,No internet service,No internet service,No internet service,No internet service,Month-to-month,No,Electronic check,41.75,1108.9,No
CUST-03147,Male,0,No,No,14,Yes,No,Fiber optic,No,No,Yes,No,Yes,No,Two year,No,Bank transfer (automatic),66.68,945.67,Yes
CUST-03148,Male,1,No,No,1,Yes,No,Fiber optic,No,No,No,No,Yes,Yes,Month-to-month,No,Mailed check,87.86,41.22,Yes
CUST-03149,Male,0,Yes,No,51,Yes,No,Fiber optic,No,Yes,Yes,Yes,No,No,Month-to-month,No,Electronic check,66.43,3415.31,Yes
CUST-03150,Female,0,No,No,49,Yes,Yes,Fiber optic,No,Yes,No,No,No,No,Two year,Yes,Electronic check,82.37,4008.39,No
CUST-03151,Male,0,Yes,Yes,12,Yes,No,No,No internet service,No internet service,No internet service,No internet service,No internet service,No internet service,Month-to-month,Yes,Electronic check,98.62,1237.48,No
CUST-03152,Female,0,No,Yes,57,No,No phone service,Fiber optic,No,No,No,No,No,No,One year,Yes,Electronic check,91.15,5240.06,No
CUST-03153,Female,0,Yes,Yes,71,Yes,No,DSL,No,No,No,Yes,No,No,Month-to-month,No,Credit card (automatic),58.95,4215.92,No
CUST-03154,Male,0,No,No,72,Yes,Yes,Fiber optic,No,Yes,Yes,Yes,No,Yes,Month-to-month,No,Mailed check,90.39,6587.35,No
CUST-03155,Female,0,Yes,Yes,15,Yes,Yes,DSL,No,No,No,No,No,Yes,Month-to-month,No,Credit card (automatic),79.49,1184.31,No
CUST-03156,Male,1,No,No,31,No,No phone service,Fiber optic,No,No,No,No,No,No,Month-to-month,Yes,Electronic check,102.21,3258.22,Yes
CUST-03157,Male,0,Yes,Yes,4,Yes,No,No,No internet service,No internet service,No internet service,No internet service,No internet service,No internet service,Month-to-month,No,Mailed check,44.38,200.53,No
CUST-03158,Male,0,No,No,1,Yes,No,Fiber optic,No,No,Yes,No,Yes,No,Month-to-month,Yes,Mailed check,76.72,113.36,Yes
CUST-03159,Male,0,No,No,61,Yes,No,Fiber optic,No,No,No,Yes,No,No,Month-to-month,No,Credit card (automatic),85.52,5120.2,No
CUST-03160,Male,1,No,Yes,70,Yes,Yes,DSL,Yes,Yes,Yes,No,No,No,Month-to-month,Yes,Electronic check,120.48,8427.82,No
CUST-03161,Female,0,No,Yes,15,Yes,No,DSL,No,No,No,No,No,No,Two year,Yes,Mailed check,46.56,687.59,No
CUST-03162,Male,0,Yes,No,34,Yes,No,Fiber optic,No,No,No,Yes,No,Yes,Month-to-month,Yes,Electronic check,93.21,3118.77,Yes
CUST-03163,Female,0,No,Yes,2,Yes,No,No,No internet service,No internet service,No internet service,No internet service,No internet service,No internet service,Month-to-month,Yes,Credit card (automatic),58.08,74.55,No
CUST-03164,Female,0,Yes,Yes,59,Yes,Yes,Fiber optic,No,No,Yes,Yes,Yes,No,Month-to-month,Yes,Mailed check,54.36,3262.36,No
CUST-03165,Female,1,No,No,40,Yes,No,No,No internet service,No internet service,No internet service,No internet service,No internet service,No internet service,Month-to-month,No,Electronic check,85.28,3441.1,No
CUST-03166,Female,1,No,No,22,Yes,No,Fiber optic,No,No,No,No,No,Yes,Month-to-month,Yes,Electronic check,67.69,1521.2,No
CUST-03167,Male,0,Yes,No,70,Yes,No,DSL,Yes,No,No,Yes,No,No,Month-to-month,No,Electronic check,102.9,7298.11,No
CUST-03168,Female,0,Yes,No,10,Yes,No,Fiber optic,Yes,No,No,Yes,Yes,Yes,One year,No,Electronic check,57.85,602.37,Yes
CUST-03169,Male,0,No,No,20,Yes,Yes,DSL,No,No,No,No,No,No,Month-to-month,Yes,Electronic check,70.18,1467.23,No
CUST-03170,Male,0,No,No,54,Yes,Yes,DSL,No,No,Yes,Yes,Yes,No,Two year,Yes,Credit card (automatic),77.8,4215.75,No
CUST-03171,Male,1,No,No,30,Yes,Yes,DSL,No,No,No,No,Yes,No,Month-to-month,Yes,Bank transfer (automatic),72.78,2156.78,No
CUST-03172,Male,0,No,No,51,Yes,Yes,Fiber optic,No,No,No,No,No,No,One year,Yes,Electronic check,39.78,2030.22,No
CUST-03173,Female,0,Yes,No,18,Yes,Yes,DSL,Yes,No,Yes,No,Yes,No,Month-to-month,Yes,Electronic check,33.27,630.4,Yes
CUST-03174,Female,0,No,No,48,Yes,No,No,No internet service,No internet service,No internet service,No internet service,No internet service,No internet service,Month-to-month,Yes,Electronic check,87.65,4137.27,No
CUST-03175,Male,0,No,No,41,Yes,Yes,No,No internet service,No internet service,No internet service,No internet service,No internet service,No internet service,Month-to-month,No,Credit card (automatic),110.55,4544.82,No
CUST-03176,Male,0,No,No,4,Yes,No,Fiber optic,No,Yes,No,No,No,Yes,Month-to-month,No,Electronic check,47.49,212.83,Yes
CUST-03177,Male,0,No,No,24,No,No phone service,Fiber optic,No,Yes,No,No,No,No,Two year,Yes,Bank transfer (automatic),30.25,694.36,No
CUST-03178,Female,0,No,No,22,Yes,Yes,DSL,No,No,No,No,Yes,Yes,Month-to-month,No,Credit card (automatic),85.41,1819.42,Yes
CUST-03179,Female,0,No,Yes,43,Yes,Yes,Fiber optic,No,No,No,No,No,No,Two year,No,Bank transfer (automatic),99.14,4287.98,No
CUST-03180,Female,0,No,No,32,Yes,Yes,DSL,No,Yes,No,No,No,Yes,One year,Yes,Mailed check,94.8,3039.25,No
CUST-03181,Female,1,No,No,35,Yes,No,Fiber optic,No,No,No,Yes,Yes,Yes,Two year,No,Electronic check,93.84,3338.66,No
CUST-03182,Female,0,No,No,13,Yes,No,DSL,Yes,Yes,No,No,No,No,Two year,No,Bank transfer (automatic),90.7,1187.07,No
CUST-03183,Male,0,Yes,No,67,No,No phone service,Fiber optic,Yes,Yes,No,No,Yes,Yes,Month-to-month,Yes,Mailed check,125.0,8277.57,No
CUST-03184,Female,0,Yes,No,54,Yes,No,Fiber optic,Yes,Yes,Yes,Yes,No,No,Month-to-month,No,Electronic check,65.9,3560.09,No
CUST-03185,Male,0,No,No,49,Yes,Yes,Fiber optic,No,No,Yes,No,No,No,Two year,No,Credit card (automatic),116.92,5764.15,No
CUST-03186,Male,0,No,No,20,Yes,No,Fiber optic,Yes,No,Yes,No,No,No,Month-to-month,Yes,Bank transfer (automatic),125.0,2440.82,Yes
CUST-03187,Male,0,No,Yes,50,Yes,Yes,DSL,No,Yes,No,No,Yes,No,Month-to-month,Yes,Electronic check,76.16,3736.07,Yes
CUST-03188,Female,0,No,No,17,Yes,Yes,DSL,Yes,Yes,No,No,No,Yes,Month-to-month,No,Mailed check,66.74,1165.28,No
CUST-03189,Female,0,Yes,No,36,Yes,Yes,Fiber optic,Yes,No,No,Yes,No,No,Two year,Yes,Bank transfer (automatic),64.47,2371.21,No
CUST-03190,Male,1,Yes,Yes,20,Yes,No,Fiber optic,Yes,No,Yes,Yes,Yes,No,Month-to-month,No,Credit card (automatic),45.24,894.04,No
CUST-03191,Female,0,No,No,22,Yes,No,DSL,No,Yes,Yes,No,No,Yes,One year,No,Bank transfer (automatic),18.25,418.75,No
CUST-03192,Male,0,No,No,47,Yes,Yes,No,No internet service,No internet service,No internet service,No internet service,No internet service,No internet service,Month-to-month,Yes,Electronic check,107.21,4996.75,No
CUST-03193,Male,0,Yes,Yes,23,Yes,Yes,DSL,Yes,No,No,No,No,No,One year,Yes,Bank transfer (automatic),56.31,1270.19,No
CUST-03194,Female,0,Yes,No,53,Yes,No,DSL,Yes,No,No,No,No,No,One year,Yes,Mailed check,65.13,3472.85,No
CUST-03195,Male,0,Yes,No,37,Yes,No,Fiber optic,No,No,Yes,No,No,Yes,Month-to-month,No,Mailed check,55.29,2054.52,Yes
CUST-03196,Female,1,Yes,No,71,Yes,No,DSL,No,No,No,Yes,Yes,Yes,Month-to-month,Yes,Bank transfer (automatic),68.28,4865.5,No
CUST-03197,Female,0,No,Yes,14,Yes,Yes,Fiber optic,No,Yes,Yes,No,No,No,Month-to-month,Yes,Credit card (automatic),117.77,1670.6,Yes
CUST-03198,Male,0,Yes,No,69,Yes,Yes,DSL,Yes,No,Yes,No,No,No,Two year,Yes,Electronic check,50.71,3604.59,No
CUST-03199,Male,0,Yes,No,10,Yes,No,Fiber optic,Yes,No,Yes,No,Yes,No,Month-to-month,Yes,Mailed check,125.0,1120.59,Yes
CUST-03200,Female,0,No,No,40,Yes,Yes,DSL,No,Yes,Yes,No,No,Yes,One year,No,Mailed check,63.5,2569.16,No
CUST-03201,Male,0,No,Yes,27,Yes,No,DSL,No,Yes,No,Yes,No,No,Month-to-month,Yes,Mailed check,76.32,2035.98,Yes
CUST-03202,Male,0,No,Yes,55,Yes,Yes,Fiber optic,No,No,No,No,No,No,Month-to-month,No,Credit card (automatic),115.27,6302.92,No
CUST-03203,Male,0,Yes,No,10,Yes,No,Fiber optic,Yes,No,No,No,No,No,Month-to-month,Yes,Bank transfer (automatic),111.26,1131.75,Yes
CUST-03204,Female,0,Yes,No,19,Yes,No,Fiber optic,No,No,Yes,Yes,Yes,Yes,Month-to-month,Yes,Electronic check,111.92,2138.14,Yes
CUST-03205,Female,0,Yes,Yes,17,No,No phone service,Fiber optic,No,No,No,Yes,No,No,Two year,No,Mailed check,125.0,2160.91,No
CUST-03206,Male,0,No,No,67,Yes,Yes,No,No internet service,No internet service,No internet service,No internet service,No internet service,No internet service,Two year,No,Mailed check,96.09,6443.47,No
CUST-03207,Male,0,Yes,No,39,Yes,Yes,DSL,No,Yes,Yes,No,Yes,Yes,One year,No,Bank transfer (automatic),74.69,2874.92,No
CUST-03208,Male,0,No,No,12,Yes,No,No,No internet service,No internet service,No internet service,No internet service,No internet service,No internet service,Month-to-month,No,Mailed check,99.48,1138.16,Yes
CUST-03209,Female,0,No,No,57,Yes,No,No,No internet service,No internet service,No internet service,No internet service,No internet service,No internet service,One year,No,Credit card (automatic),45.45,2564.54,No
CUST-03210,Female,0,No,No,21,Yes,Yes,Fiber optic,No,Yes,Yes,No,No,No,Month-to-month,No,Credit card (automatic),90.89,1940.5,Yes
CUST-03211,Male,1,Yes,No,17,Yes,Yes,DSL,Yes,No,No,No,No,No,Two year,Yes,Bank transfer (automatic),118.75,2063.15,No
CUST-03212,Female,0,Yes,No,36,Yes,No,No,No internet service,No internet service,No internet service,No internet service,No internet service,No internet service,Month-to-month,Yes,Bank transfer (automatic),61.23,2125.59,Yes
CUST-03213,Female,0,No,No,57,Yes,No,Fiber optic,No,Yes,No,Yes,No,No,Month-to-month,No,Mailed check,107.52,6117.35,No
CUST-03214,Male,1,Yes,Yes,61,Yes,No,DSL,No,Yes,No,Yes,No,No,One year,No,Bank transfer (automatic),53.06,3222.38,No
CUST-03215,Male,0,No,No,2,Yes,Yes,No,No internet service,No internet service,No internet service,No internet service,No internet service,No internet service,Month-to-month,Yes,Electronic check,47.21,107.96,No
CUST-03216,Female,0,Yes,No,65,Yes,Yes,Fiber optic,No,Yes,No,No,No,No,Month-to-month,No,Electronic check,69.79,4505.7,No
CUST-03217,Female,0,No,No,72,Yes,No,Fiber optic,No,No,Yes,Yes,No,Yes,One year,No,Electronic check,125.0,8932.36,No
CUST-03218,Female,0,No,Yes,24,Yes,No,Fiber optic,Yes,No,No,No,No,No,Month-to-month,No,Credit card (automatic),97.49,2322.66,Yes
CUST-03219,Male,0,Yes,No,38,Yes,Yes,No,No internet service,No internet service,No internet service,No internet service,No internet service,No internet service,Month-to-month,Yes,Bank transfer (automatic),65.33,2537.62,No
CUST-03220,Female,0,No,No,28,Yes,No,Fiber optic,No,Yes,No,No,No,No,Two year,No,Electronic check,74.28,1983.97,No
CUST-03221,Male,0,No,No,35,Yes,No,No,No internet service,No internet service,No internet service,No internet service,No internet service,No internet service,Month-to-month,No,Credit card (automatic),65.92,2254.11,No
CUST-03222,Female,0,No,No,47,Yes,Yes,DSL,No,No,No,Yes,No,No,Month-to-month,Yes,Credit card (automatic),77.32,3628.46,No
CUST-03223,Male,0,Yes,No,47,Yes,No,Fiber optic,Yes,Yes,Yes,No,Yes,Yes,Two year,Yes,Mailed check,56.11,2610.0,No
CUST-03224,Male,0,Yes,Yes,35,Yes,No,Fiber optic,No,Yes,No,Yes,Yes,Yes,One year,No,Mailed check,97.38,3356.32,No
CUST-03225,Male,0,No,Yes,35,Yes,Yes,DSL,No,No,Yes,No,Yes,Yes,Month-to-month,Yes,Electronic check,105.33,3654.55,No
CUST-03226,Male,0,Yes,No,36,Yes,Yes,DSL,No,No,Yes,Yes,Yes,Yes,Month-to-month,No,Credit card (automatic),70.18,2540.72,No
CUST-03227,Male,0,No,Yes,30,Yes,No,DSL,No,No,No,No,No,No,Month-to-month,Yes,Mailed check,33.52,1016.4,No
CUST-03228,Female,0,Yes,No,9,Yes,No,DSL,No,Yes,Yes,Yes,Yes,Yes,One year,No,Mailed check,77.74,738.39,No
CUST-03229,Male,0,No,No,27,Yes,Yes,Fiber optic,No,No,No,Yes,No,No,Month-to-month,Yes,Bank transfer (automatic),47.96,1323.32,No
CUST-03230,Male,0,Yes,No,52,Yes,No,DSL,Yes,Yes,No,No,Yes,No,One year,Yes,Credit card (automatic),26.7,1326.23,No
CUST-03231,Male,0,No,No,71,Yes,No,Fiber optic,Yes,No,No,No,No,No,Month-to-month,Yes,Credit card (automatic),106.35,7575.01,No
CUST-03232,Female,1,Yes,No,59,Yes,No,No,No internet service,No internet service,No internet service,No internet service,No internet service,No internet service,Month-to-month,No,Bank transfer (automatic),21.25,1284.05,No
CUST-03233,Male,0,Yes,No,63,Yes,No,Fiber optic,Yes,No,Yes,Yes,No,Yes,Two year,No,Electronic check,86.88,5450.79,No
CUST-03234,Female,0,Yes,Yes,57,Yes,Yes,No,No internet service,No internet service,No internet service,No internet service,No internet service,No internet service,Two year,Yes,Bank transfer (automatic),96.0,5527.56,No
CUST-03235,Male,0,No,Yes,37,Yes,No,Fiber optic,No,No,Yes,No,Yes,No,Two year,No,Mailed check,125.0,4596.52,No
CUST-03236,Male,1,Yes,No,50,Yes,Yes,No,No internet service,No internet service,No internet service,No internet service,No internet service,No internet service,One year,Yes,Electronic check,19.51,1023.25,No
CUST-03237,Female,0,No,No,61,Yes,Yes,Fiber optic,No,Yes,No,No,No,No,One year,Yes,Electronic check,70.95,4354.7,No
CUST-03238,Male,0,Yes,No,17,Yes,Yes,DSL,No,Yes,Yes,Yes,No,Yes,Month-to-month,Yes,Bank transfer (automatic),48.7,819.98,No
CUST-03239,Male,0,No,No,11,Yes,No,Fiber optic,No,No,No,No,No,Yes,Month-to-month,No,Electronic check,99.88,1053.95,Yes
CUST-03240,Female,0,No,No,20,Yes,Yes,Fiber optic,Yes,No,No,No,Yes,No,Month-to-month,Yes,Bank transfer (automatic),55.31,1080.41,Yes
CUST-03241,Female,1,Yes,Yes,39,Yes,Yes,Fiber optic,No,No,No,Yes,Yes,Yes,Month-to-month,Yes,Electronic check,125.0,4844.85,Yes
CUST-03242,Female,0,Yes,Yes,57,Yes,Yes,DSL,Yes,Yes,No,Yes,No,Yes,Month-to-month,Yes,Bank transfer (automatic),43.93,2585.46,No
CUST-03243,Male,0,Yes,No,33,Yes,No,Fiber optic,No,No,No,Yes,Yes,No,Month-to-month,No,Mailed check,87.95,2950.95,No
CUST-03244,Male,0,No,No,71,Yes,Yes,No,No internet service,No internet service,No internet service,No internet service,No internet service,No internet service,Month-to-month,No,Credit card (automatic),91.79,6562.15,No
CUST-03245,Male,0,No,No,24,No,No phone service,No,No internet service,No internet service,No internet service,No internet service,No internet service,No internet service,One year,No,Bank transfer (automatic),86.28,2085.36,No
CUST-03246,Male,0,Yes,No,34,Yes,No,Fiber optic,Yes,No,No,No,No,No,Two year,No,Electronic check,74.93,2525.43,No
CUST-03247,Male,0,No,No,67,Yes,No,Fiber optic,Yes,No,Yes,Yes,No,No,Two year,Yes,Electronic check,31.89,2169.67,No
CUST-03248,Female,0,No,No,13,Yes,No,DSL,No,No,No,Yes,No,No,One year,Yes,Bank transfer (automatic),62.12,765.89,Yes
CUST-03249,Female,0,No,Yes,60,Yes,No,Fiber optic,Yes,Yes,No,No,No,No,Two year,Yes,Credit card (automatic),35.03,2170.26,No
CUST-03250,Female,0,No,Yes,11,Yes,Yes,DSL,Yes,No,No,Yes,Yes,No,Month-to-month,Yes,Electronic check,70.42,706.04,No
CUST-03251,Female,0,No,Yes,66,Yes,Yes,No,No internet service,No internet service,No internet service,No internet service,No internet service,No internet service,Month-to-month,No,Mailed check,82.2,5377.1,No
CUST-03252,Male,1,No,Yes,24,Yes,Yes,Fiber optic,Yes,Yes,No,Yes,No,Yes,Two year,Yes,Mailed check,66.41,1622.21,Yes
CUST-03253,Female,0,No,No,46,Yes,No,DSL,No,Yes,No,No,No,Yes,Two year,Yes,Credit card (automatic),56.48,2584.46,No
CUST-03254,Female,0,Yes,No,52,Yes,No,DSL,No,No,Yes,No,No,Yes,Two year,Yes,Mailed check,35.93,1923.29,No
CUST-03255,Female,0,No,Yes,28,No,No phone service,Fiber optic,Yes,No,Yes,Yes,No,Yes,Two year,Yes,Bank transfer (automatic),125.0,3555.67,No
CUST-03256,Female,0,No,Yes,40,Yes,No,Fiber optic,Yes,Yes,Yes,No,Yes,No,Month-to-month,No,Mailed check,101.78,3960.99,No
CUST-03257,Female,0,No,Yes,55,Yes,No,Fiber optic,No,Yes,No,Yes,Yes,No,Two year,No,Mailed check,45.32,2454.67,No
CUST-03258,Female,0,Yes,Yes,64,Yes,No,Fiber optic,No,Yes,No,No,No,Yes,Month-to-month,Yes,Bank transfer (automatic),52.65,3330.69,No
CUST-03259,Male,0,No,Yes,8,Yes,Yes,Fiber optic,No,No,Yes,No,No,No,Two year,Yes,Bank transfer (automatic),95.73,805.58,Yes
CUST-03260,Female,0,Yes,Yes,36,Yes,No,DSL,Yes,Yes,No,No,Yes,Yes,Month-to-month,No,Electronic check,21.25,702.13,No
CUST-03261,Female,0,No,Yes,62,No,No phone service,DSL,Yes,No,Yes,Yes,Yes,Yes,One year,No,Electronic check,45.61,2718.86,No
CUST-03262,Female,0,Yes,No,41,Yes,Yes,DSL,No,No,No,Yes,No,Yes,Two year,No,Credit card (automatic),95.78,3880.46,No
CUST-03263,Male,0,No,No,3,Yes,Yes,Fiber optic,No,Yes,No,Yes,Yes,Yes,Month-to-month,No,Bank transfer (automatic),113.94,366.14,Yes
CUST-03264,Male,0,Yes,Yes,10,Yes,No,Fiber optic,Yes,No,No,No,Yes,No,Month-to-month,Yes,Electronic check,93.58,1023.0,Yes
CUST-03265,Male,0,Yes,No,59,Yes,No,DSL,No,Yes,No,No,Yes,Yes,Two year,No,Electronic check,69.56,4028.72,No
CUST-03266,Male,0,Yes,Yes,31,Yes,No,Fiber optic,No,No,Yes,Yes,No,No,One year,No,Credit card (automatic),125.0,3835.25,No
CUST-03267,Male,0,Yes,No,51,Yes,No,DSL,No,No,No,Yes,No,No,Month-to-month,Yes,Credit card (automatic),39.6,2025.42,No
CUST-03268,Male,1,Yes,No,65,No,No phone service,DSL,No,No,Yes,No,No,Yes,Month-to-month,Yes,Mailed check,52.48,3459.13,No
CUST-03269,Female,0,No,No,7,Yes,Yes,DSL,No,Yes,Yes,No,No,No,Month-to-month,No,Credit card (automatic),121.75,944.99,Yes
CUST-03270,Male,0,No,No,33,No,No phone service,Fiber optic,No,No,Yes,No,No,No,One year,Yes,Electronic check,78.95,2620.32,Yes
CUST-03271,Female,0,No,No,11,Yes,Yes,DSL,Yes,No,Yes,No,No,No,Two year,Yes,Credit card (automatic),85.67,975.99,No
CUST-03272,Female,0,No,Yes,61,Yes,No,No,No internet service,No internet service,No internet service,No internet service,No internet service,No internet service,Month-to-month,Yes,Mailed check,76.34,4659.96,No
CUST-03273,Male,0,Yes,No,33,Yes,Yes,DSL,No,No,Yes,Yes,No,No,One year,Yes,Mailed check,118.75,3984.05,Yes
CUST-03274,Female,0,No,No,64,Yes,No,Fiber optic,No,Yes,Yes,No,No,No,Two year,Yes,Electronic check,66.39,4223.71,No
CUST-03275,Female,0,No,No,22,Yes,No,No,No internet service,No internet service,No internet service,No internet service,No internet service,No internet service,Month-to-month,No,Electronic check,102.35,2252.03,No
CUST-03276,Male,0,Yes,Yes,11,Yes,Yes,DSL,No,No,Yes,No,No,No,Two year,No,Electronic check,18.25,101.73,Yes
CUST-03277,Female,0,No,No,63,Yes,No,Fiber optic,No,No,Yes,No,No,No,Month-to-month,Yes,Mailed check,93.56,5927.52,No
CUST-03278,Female,0,No,No,45,Yes,No,Fiber optic,Yes,Yes,Yes,No,Yes,Yes,Two year,No,Electronic check,116.96,5335.03,No
CUST-03279,Male,0,No,No,14,Yes,No,DSL,No,Yes,No,No,No,No,Month-to-month,Yes,Mailed check,99.93,1428.95,No
CUST-03280,Male,0,No,No,50,Yes,Yes,DSL,No,No,Yes,Yes,No,Yes,Month-to-month,No,Credit card (automatic),89.15,4423.39,No
CUST-03281,Female,0,Yes,No,31,Yes,Yes,No,No internet service,No internet service,No internet service,No internet service,No internet service,No internet service,Month-to-month,Yes,Bank transfer (automatic),97.24,2950.86,Yes
CUST-03282,Male,0,No,No,4,No,No phone service,DSL,Yes,No,No,No,No,Yes,Month-to-month,Yes,Credit card (automatic),53.48,290.11,No
CUST-03283,Male,1,Yes,No,19,Yes,No,DSL,No,Yes,No,No,No,No,Two year,No,Bank transfer (automatic),94.64,1753.73,Yes
CUST-03284,Female,0,No,Yes,55,No,No phone service,Fiber optic,Yes,No,No,No,Yes,Yes,One year,No,Mailed check,125.0,6859.88,No
CUST-03285,Female,0,Yes,Yes,10,No,No phone service,DSL,No,Yes,Yes,No,Yes,No,Month-to-month,No,Electronic check,54.06,475.06,Yes
CUST-03286,Female,1,No,No,25,Yes,Yes,No,No internet service,No internet service,No internet service,No internet service,No internet service,No internet service,Month-to-month,Yes,Credit card (automatic),121.75,3064.46,Yes
CUST-03287,Female,0,No,No,19,Yes,No,No,No internet service,No internet service,No internet service,No internet service,No internet service,No internet service,Month-to-month,Yes,Mailed check,77.16,1547.07,No
CUST-03288,Female,0,Yes,No,53,Yes,Yes,No,No internet service,No internet service,No internet service,No internet service,No internet service,No internet service,Two year,Yes,Mailed check,82.88,4398.12,No
CUST-03289,Female,0,Yes,No,62,Yes,No,DSL,No,No,Yes,Yes,No,No,Two year,No,Credit card (automatic),18.25,1191.77,No
CUST-03290,Female,0,Yes,No,57,Yes,Yes,No,No internet service,No internet service,No internet service,No internet service,No internet service,No internet service,Month-to-month,Yes,Credit card (automatic),36.89,2061.62,No
CUST-03291,Female,0,No,No,52,Yes,No,Fiber optic,No,No,No,No,Yes,No,Month-to-month,Yes,Mailed check,83.9,4358.62,No
CUST-03292,Female,0,No,Yes,7,Yes,No,Fiber optic,Yes,No,Yes,No,No,Yes,One year,Yes,Mailed check,117.22,828.98,Yes
CUST-03293,Female,0,Yes,No,66,Yes,Yes,Fiber optic,Yes,Yes,No,Yes,No,No,Month-to-month,No,Credit card (automatic),69.04,4520.53,No
CUST-03294,Female,0,No,No,12,Yes,Yes,Fiber optic,No,Yes,No,No,No,No,One year,Yes,Electronic check,60.28,680.31,Yes
CUST-03295,Female,0,No,Yes,30,Yes,No,Fiber optic,Yes,Yes,No,Yes,Yes,No,Month-to-month,No,Credit card (automatic),70.55,2087.39,No
CUST-03296,Male,0,Yes,No,60,No,No phone service,Fiber optic,No,Yes,Yes,Yes,Yes,Yes,Two year,No,Credit card (automatic),125.0,7488.51,No
CUST-03297,Female,0,No,Yes,18,Yes,No,Fiber optic,No,No,Yes,No,No,Yes,Month-to-month,Yes,Electronic check,115.99,2064.29,Yes
CUST-03298,Male,1,Yes,Yes,16,Yes,Yes,DSL,No,Yes,Yes,No,Yes,No,Month-to-month,Yes,Electronic check,66.12,1116.08,No
CUST-03299,Male,0,Yes,No,2,Yes,Yes,DSL,Yes,No,No,No,No,No,One year,Yes,Electronic check,70.49,44.02,No
CUST-03300,Male,1,Yes,No,26,No,No phone service,Fiber optic,No,Yes,No,No,No,No,Month-to-month,No,Credit card (automatic),33.25,868.98,No
CUST-03301,Male,0,Yes,Yes,36,Yes,No,Fiber optic,Yes,No,No,Yes,No,Yes,Two year,Yes,Bank transfer (automatic),52.01,1801.66,No
CUST-03302,Female,0,No,No,34,Yes,Yes,Fiber optic,No,Yes,No,No,No,No,Month-to-month,No,Electronic check,55.31,1926.26,Yes
CUST-03303,Male,0,No,Yes,3,Yes,Yes,Fiber optic,No,No,No,No,Yes,No,One year,Yes,Mailed check,74.75,189.28,No
CUST-03304,Female,0,Yes,No,15,Yes,No,Fiber optic,No,No,Yes,No,Yes,No,Two year,Yes,Electronic check,119.79,1794.44,Yes
CUST-03305,Female,0,No,No,1,Yes,No,DSL,Yes,No,No,No,Yes,No,Two year,Yes,Credit card (automatic),60.65,120.34,Yes
CUST-03306,Female,1,Yes,No,17,Yes,No,Fiber optic,Yes,No,Yes,No,Yes,Yes,Two year,Yes,Electronic check,47.53,733.13,Yes
CUST-03307,Female,0,Yes,No,44,Yes,No,DSL,Yes,Yes,No,No,No,Yes,Two year,Yes,Electronic check,58.18,2620.73,No
CUST-03308,Female,0,No,No,1,Yes,No,No,No internet service,No internet service,No internet service,No internet service,No internet service,No internet service,One year,Yes,Mailed check,60.75,83.07,No
CUST-03309,Female,0,No,No,12,Yes,Yes,Fiber optic,Yes,Yes,No,No,No,No,Month-to-month,No,Electronic check,79.58,934.54,Yes
CUST-03310,Male,0,No,Yes,40,Yes,No,No,No internet service,No internet service,No internet service,No internet service,No internet service,No internet service,Month-to-month,No,Credit card (automatic),70.33,2706.62,No
CUST-03311,Male,0,Yes,Yes,41,No,No phone service,DSL,Yes,No,Yes,No,No,Yes,One year,Yes,Bank transfer (automatic),84.71,3557.46,No
CUST-03312,Female,1,Yes,No,65,Yes,Yes,Fiber optic,Yes,Yes,No,No,No,No,One year,No,Bank transfer (automatic),51.61,3339.1,No
CUST-03313,Male,0,Yes,No,42,No,No phone service,Fiber optic,No,Yes,Yes,Yes,Yes,No,One year,Yes,Electronic check,125.0,5278.36,No
CUST-03314,Female,0,No,Yes,67,Yes,Yes,DSL,No,Yes,No,No,No,Yes,Month-to-month,Yes,Mailed check,47.32,3177.43,No
CUST-03315,Female,0,Yes,No,53,Yes,Yes,Fiber optic,No,No,No,Yes,Yes,Yes,Month-to-month,No,Electronic check,96.93,5230.51,Yes
CUST-03316,Male,0,No,No,40,Yes,Yes,DSL,No,No,Yes,Yes,Yes,Yes,One year,Yes,Credit card (automatic),38.27,1482.0,No
CUST-03317,Male,1,Yes,No,28,Yes,Yes,DSL,Yes,Yes,No,No,No,Yes,Month-to-month,Yes,Bank transfer (automatic),42.67,1241.92,No
CUST-03318,Female,1,Yes,No,9,No,No phone service,Fiber optic,No,No,Yes,No,No,Yes,One year,No,Credit card (automatic),115.76,1124.9,Yes
CUST-03319,Female,0,Yes,No,51,Yes,Yes,Fiber optic,No,No,Yes,No,No,No,Month-to-month,Yes,Electronic check,108.62,5486.01,Yes
CUST-03320,Female,1,No,No,68,Yes,No,Fiber optic,No,No,No,No,No,No,Month-to-month,No,Mailed check,121.45,8249.45,No
CUST-03321,Female,0,No,No,27,No,No phone service,Fiber optic,Yes,No,No,No,Yes,Yes,Month-to-month,Yes,Bank transfer (automatic),116.69,3166.05,Yes
CUST-03322,Female,0,No,Yes,26,Yes,Yes,DSL,No,Yes,Yes,No,Yes,No,Month-to-month,Yes,Mailed check,21.25,585.37,Yes
CUST-03323,Male,0,No,No,8,Yes,No,Fiber optic,No,Yes,No,Yes,No,No,Month-to-month,No,Mailed check,101.57,838.29,No
CUST-03324,Male,0,No,No,44,Yes,No,Fiber optic,No,No,Yes,No,No,No,Month-to-month,Yes,Bank transfer (automatic),90.06,4010.46,No
CUST-03325,Female,0,Yes,No,23,Yes,No,Fiber optic,No,No,Yes,Yes,No,Yes,Month-to-month,Yes,Credit card (automatic),53.36,1227.88,No
CUST-03326,Male,0,No,No,1,Yes,No,Fiber optic,Yes,No,Yes,No,Yes,Yes,Month-to-month,Yes,Electronic check,63.08,81.11,Yes
CUST-03327,Female,0,No,No,1,Yes,No,DSL,No,No,No,No,No,Yes,Month-to-month,Yes,Mailed check,41.5,0.0,Yes
CUST-03328,Female,1,No,No,25,Yes,No,Fiber optic,Yes,No,No,No,No,Yes,Month-to-month,Yes,Electronic check,99.81,2449.33,Yes
CUST-03329,Female,1,Yes,Yes,34,Yes,No,DSL,Yes,No,No,Yes,No,No,Month-to-month,Yes,Electronic check,103.73,3522.62,No
CUST-03330,Male,0,Yes,No,33,Yes,Yes,DSL,Yes,No,No,No,No,Yes,Month-to-month,No,Electronic check,73.83,2420.61,No
CUST-03331,Male,0,No,No,54,Yes,No,Fiber optic,No,Yes,No,Yes,Yes,Yes,Month-to-month,No,Electronic check,33.25,1825.95,No
CUST-03332,Male,0,Yes,Yes,39,Yes,No,Fiber optic,No,No,No,No,Yes,Yes,Month-to-month,Yes,Electronic check,78.98,2996.52,No
CUST-03333,Female,0,Yes,No,57,Yes,No,DSL,No,Yes,No,No,No,No,One year,No,Mailed check,21.97,1273.36,No
CUST-03334,Male,0,Yes,No,22,Yes,No,DSL,Yes,No,No,No,No,No,Month-to-month,No,Credit card (automatic),121.75,2712.73,No
CUST-03335,Female,0,No,No,17,Yes,Yes,Fiber optic,No,No,No,No,Yes,No,Month-to-month,No,Credit card (automatic),116.39,1878.93,Yes
CUST-03336,Female,0,Yes,No,39,Yes,No,Fiber optic,No,No,No,No,No,No,Two year,No,Electronic check,109.11,4330.53,No
CUST-03337,Male,0,No,No,8,Yes,Yes,Fiber optic,No,No,No,Yes,Yes,No,One year,No,Electronic check,36.82,382.93,No
CUST-03338,Female,0,No,No,56,Yes,No,Fiber optic,No,Yes,No,Yes,Yes,No,Two year,No,Credit card (automatic),111.61,6299.78,No
CUST-03339,Male,0,No,No,14,Yes,No,DSL,No,Yes,No,No,No,Yes,Month-to-month,No,Mailed check,80.41,1115.75,No
CUST-03340,Male,1,Yes,No,66,Yes,No,Fiber optic,Yes,No,No,No,No,No,One year,No,Mailed check,75.79,4989.51,Yes
CUST-03341,Male,0,No,Yes,71,Yes,Yes,No,No internet service,No internet service,No internet service,No internet service,No internet service,No internet service,Month-to-month,Yes,Mailed check,86.1,6086.88,No
CUST-03342,Female,0,Yes,Yes,39,Yes,No,No,No internet service,No internet service,No internet service,No internet service,No internet service,No internet service,Two year,No,Credit card (automatic),18.25,711.42,No
CUST-03343,Female,0,Yes,No,23,Yes,No,DSL,No,Yes,No,No,No,No,One year,Yes,Credit card (automatic),74.38,1690.31,No
CUST-03344,Male,0,Yes,No,25,Yes,Yes,No,No internet service,No internet service,No internet service,No internet service,No internet service,No internet service,Month-to-month,Yes,Credit card (automatic),62.94,1588.88,No
CUST-03345,Male,0,Yes,No,31,Yes,Yes,DSL,No,Yes,Yes,Yes,No,No,Month-to-month,Yes,Bank transfer (automatic),53.21,1651.08,No
CUST-03346,Male,0,No,Yes,35,Yes,No,DSL,No,No,No,No,Yes,Yes,Month-to-month,No,Bank transfer (automatic),45.43,1617.03,Yes
CUST-03347,Male,0,Yes,Yes,6,Yes,No,Fiber optic,No,No,Yes,No,No,No,One year,No,Electronic check,67.77,389.46,No
CUST-03348,Female,0,No,No,15,Yes,Yes,DSL,No,No,No,No,Yes,Yes,Month-to-month,Yes,Electronic check,62.43,890.56,Yes
CUST-03349,Female,0,Yes,Yes,57,Yes,No,DSL,Yes,No,No,No,No,No,Two year,Yes,Electronic check,83.77,4828.13,No
CUST-03350,Male,0,No,No,4,Yes,Yes,DSL,No,Yes,No,Yes,No,Yes,One year,Yes,Mailed check,59.68,193.65,No
CUST-03351,Female,0,No,No,33,No,No phone service,Fiber optic,Yes,Yes,No,No,Yes,No,Month-to-month,No,Electronic check,33.25,1089.33,No
CUST-03352,Male,0,Yes,No,64,Yes,Yes,Fiber optic,No,Yes,No,Yes,No,No,Two year,Yes,Credit card (automatic),64.68,4132.26,No
CUST-03353,Female,0,No,No,7,Yes,Yes,Fiber optic,Yes,No,No,Yes,No,No,One year,Yes,Credit card (automatic),78.49,553.92,No
CUST-03354,Male,0,Yes,Yes,67,Yes,Yes,Fiber optic,No,Yes,Yes,No,Yes,No,Month-to-month,No,Mailed check,82.76,5539.4,No
CUST-03355,Male,0,No,No,35,Yes,No,DSL,No,No,Yes,Yes,Yes,No,Two year,Yes,Mailed check,118.75,4140.32,No
CUST-03356,Female,0,No,Yes,31,Yes,Yes,Fiber optic,No,Yes,Yes,Yes,No,No,One year,Yes,Bank transfer (automatic),53.72,1674.21,Yes
CUST-03357,Female,0,No,No,52,Yes,No,Fiber optic,No,No,No,No,No,No,Month-to-month,No,Mailed check,41.18,2099.19,No
CUST-03358,Male,0,Yes,No,56,No,No phone service,DSL,No,Yes,Yes,No,Yes,No,Month-to-month,Yes,Mailed check,99.51,5562.82,No
CUST-03359,Female,0,No,No,35,Yes,No,No,No internet service,No internet service,No internet service,No internet service,No internet service,No internet service,Two year,Yes,Bank transfer (automatic),74.02,2594.45,No
CUST-03360,Male,0,No,No,6,Yes,No,Fiber optic,No,No,Yes,Yes,No,No,Month-to-month,Yes,Electronic check,112.91,597.26,No
CUST-03361,Male,0,No,Yes,70,Yes,No,Fiber optic,No,No,Yes,No,Yes,No,Month-to-month,Yes,Bank transfer (automatic),33.25,2385.3,No
CUST-03362,Male,0,Yes,Yes,1,Yes,Yes,Fiber optic,No,No,No,No,Yes,No,Two year,No,Electronic check,62.1,155.7,No
CUST-03363,Female,1,Yes,No,63,Yes,Yes,Fiber optic,No,Yes,No,No,No,Yes,Two year,No,Mailed check,98.12,6209.28,No
CUST-03364,Male,1,No,No,32,Yes,No,Fiber optic,No,No,No,Yes,No,Yes,One year,Yes,Mailed check,62.23,1974.1,No
CUST-03365,Female,0,No,No,38,No,No phone service,No,No internet service,No internet service,No internet service,No internet service,No internet service,No internet service,Month-to-month,No,Credit card (automatic),113.5,4297.87,No
CUST-03366,Male,0,No,No,56,Yes,No,DSL,No,No,Yes,No,No,No,One year,No,Credit card (automatic),37.75,2067.22,No
CUST-03367,Male,0,No,No,68,Yes,Yes,DSL,No,No,Yes,No,No,No,One year,No,Electronic check,118.75,8145.19,No
CUST-03368,Female,0,No,No,11,Yes,Yes,DSL,No,No,No,Yes,Yes,Yes,Month-to-month,No,Electronic check,60.54,605.67,Yes
CUST-03369,Female,0,Yes,Yes,59,Yes,No,No,No internet service,No internet service,No internet service,No internet service,No internet service,No internet service,Two year,No,Electronic check,82.21,4892.52,No
CUST-03370,Female,0,No,No,48,Yes,No,Fiber optic,No,No,No,Yes,Yes,No,Month-to-month,Yes,Bank transfer (automatic),57.53,2740.36,No
CUST-03371,Male,0,Yes,No,27,Yes,No,DSL,Yes,Yes,No,No,No,No,Month-to-month,Yes,Credit card (automatic),61.62,1724.15,Yes
CUST-03372,Female,0,No,No,31,No,No phone service,DSL,Yes,No,Yes,No,No,No,Month-to-month,Yes,Mailed check,121.75,3804.07,No
CUST-03373,Female,0,Yes,No,56,Yes,No,Fiber optic,No,No,No,Yes,No,No,One year,No,Bank transfer (automatic),61.22,3468.19,Yes
CUST-03374,Male,0,No,No,11,Yes,No,No,No internet service,No internet service,No internet service,No internet service,No internet service,No internet service,Month-to-month,Yes,Electronic check,71.74,796.94,No
CUST-03375,Male,1,No,No,37,Yes,No,Fiber optic,No,No,No,Yes,Yes,Yes,Two year,Yes,Credit card (automatic),122.75,4616.51,Yes
CUST-03376,Male,0,No,No,52,Yes,No,DSL,Yes,No,No,No,Yes,Yes,One year,Yes,Bank transfer (automatic),44.21,2225.94,No
CUST-03377,Male,0,Yes,No,39,Yes,Yes,No,No internet service,No internet service,No internet service,No internet service,No internet service,No internet service,Two year,Yes,Bank transfer (automatic),95.56,3648.83,No
CUST-03378,Male,1,No,No,33,Yes,Yes,No,No internet service,No internet service,No internet service,No internet service,No internet service,No internet service,Month-to-month,Yes,Electronic check,63.65,2031.22,No
CUST-03379,Male,0,Yes,No,38,Yes,No,Fiber optic,No,No,No,No,No,No,Month-to-month,No,Electronic check,36.94,1382.71,No
CUST-03380,Female,0,Yes,Yes,37,Yes,No,Fiber optic,No,Yes,No,Yes,No,Yes,One year,No,Mailed check,109.44,4016.77,No
CUST-03381,Male,0,No,No,58,No,No phone service,Fiber optic,No,No,No,Yes,No,No,Two year,No,Bank transfer (automatic),125.0,7225.75,Yes
CUST-03382,Male,0,No,Yes,60,No,No phone service,Fiber optic,No,Yes,No,No,Yes,No,Month-to-month,Yes,Electronic check,121.77,7380.77,No
CUST-03383,Male,0,Yes,Yes,67,Yes,No,No,No internet service,No internet service,No internet service,No internet service,No internet service,No internet service,One year,Yes,Electronic check,80.09,5338.45,No
CUST-03384,Male,0,No,No,6,Yes,Yes,Fiber optic,No,No,Yes,No,No,No,Two year,No,Electronic check,64.98,431.21,No
CUST-03385,Male,0,Yes,Yes,24,Yes,No,Fiber optic,No,Yes,No,No,Yes,No,Month-to-month,Yes,Electronic check,93.17,2239.77,Yes
CUST-03386,Female,0,No,No,64,Yes,Yes,DSL,No,Yes,No,Yes,Yes,No,Month-to-month,Yes,Credit card (automatic),98.66,6363.56,No
CUST-03387,Male,1,No,No,47,Yes,Yes,Fiber optic,Yes,No,No,No,No,Yes,Month-to-month,Yes,Mailed check,47.72,2259.64,Yes
CUST-03388,Male,0,No,No,28,Yes,Yes,DSL,Yes,Yes,No,No,Yes,Yes,Two year,Yes,Electronic check,18.25,527.25,No
CUST-03389,Female,0,No,No,46,Yes,No,Fiber optic,No,Yes,No,No,Yes,No,Month-to-month,No,Mailed check,37.15,1696.28,No
CUST-03390,Male,0,No,No,34,Yes,No,No,No internet service,No internet service,No internet service,No internet service,No internet service,No internet service,Month-to-month,No,Mailed check,50.47,1674.5,No
CUST-03391,Female,0,No,No,64,Yes,No,DSL,No,No,No,No,Yes,No,One year,Yes,Electronic check,59.01,3705.57,No
CUST-03392,Male,0,Yes,Yes,41,Yes,No,Fiber optic,Yes,No,No,No,No,No,Month-to-month,No,Electronic check,70.58,2921.67,No
CUST-03393,Male,0,Yes,No,33,Yes,Yes,Fiber optic,No,No,No,No,No,No,One year,Yes,Electronic check,79.51,2708.44,No
CUST-03394,Female,1,No,No,45,No,No phone service,DSL,No,No,Yes,Yes,No,No,Month-to-month,No,Electronic check,42.61,1892.89,No
CUST-03395,Female,0,Yes,No,14,Yes,No,Fiber optic,No,No,No,No,Yes,No,One year,No,Electronic check,86.86,1215.21,No
CUST-03396,Male,0,No,No,56,Yes,No,No,No internet service,No internet service,No internet service,No internet service,No internet service,No internet service,Month-to-month,Yes,Bank transfer (automatic),62.0,3425.71,No
CUST-03397,Female,0,Yes,No,15,Yes,No,DSL,Yes,No,Yes,Yes,Yes,No,One year,No,Mailed check,52.6,783.1,No
CUST-03398,Male,0,No,Yes,2,No,No phone service,Fiber optic,No,No,No,No,No,No,Two year,Yes,Electronic check,81.23,147.16,No
CUST-03399,Female,0,No,Yes,4,Yes,Yes,Fiber optic,Yes,Yes,Yes,No,No,No,One year,Yes,Mailed check,63.07,221.82,Yes
CUST-03400,Male,0,No,No,5,Yes,No,Fiber optic,No,Yes,No,No,No,Yes,Month-to-month,Yes,Credit card (automatic),125.0,579.36,Yes
CUST-03401,Male,0,No,No,8,Yes,No,DSL,No,No,No,No,Yes,Yes,Month-to-month,No,Electronic check,57.79,508.08,Yes
CUST-03402,Male,0,Yes,No,4,Yes,No,DSL,No,Yes,Yes,No,Yes,Yes,Two year,Yes,Mailed check,66.07,310.2,No
CUST-03403,Female,0,No,No,22,Yes,Yes,DSL,No,No,Yes,No,Yes,Yes,Two year,Yes,Mailed check,116.13,2618.28,No
CUST-03404,Male,0,Yes,No,70,Yes,Yes,Fiber optic,Yes,No,No,No,No,No,Month-to-month,Yes,Electronic check,63.35,4472.22,No
CUST-03405,Female,0,No,No,8,Yes,No,DSL,No,Yes,No,No,No,No,Month-to-month,Yes,Mailed check,101.45,771.36,Yes
CUST-03406,Female,1,No,Yes,49,Yes,No,Fiber optic,No,No,No,No,No,No,Month-to-month,Yes,Credit card (automatic),69.76,3390.22,No
CUST-03407,Female,0,Yes,No,63,No,No phone service,Fiber optic,Yes,No,No,No,Yes,Yes,Month-to-month,No,Credit card (automatic),125.0,7890.31,Yes
CUST-03408,Male,1,Yes,No,59,Yes,Yes,No,No internet service,No internet service,No internet service,No internet service,No internet service,No internet service,Month-to-month,Yes,Mailed check,58.25,3400.94,No
CUST-03409,Male,0,Yes,No,27,Yes,No,No,No internet service,No internet service,No internet service,No internet service,No internet service,No internet service,One year,Yes,Bank transfer (automatic),35.21,1017.84,Yes
CUST-03410,Female,0,Yes,No,4,Yes,Yes,Fiber optic,No,No,Yes,No,Yes,No,Two year,No,Electronic check,115.61,461.65,Yes
CUST-03411,Female,0,No,No,27,Yes,No,DSL,Yes,Yes,No,No,No,Yes,Month-to-month,Yes,Bank transfer (automatic),121.75,3246.43,Yes
CUST-03412,Male,0,Yes,Yes,44,Yes,Yes,DSL,No,No,No,Yes,No,Yes,One year,Yes,Credit card (automatic),86.89,3852.37,No
CUST-03413,Female,0,No,No,55,Yes,No,Fiber optic,No,Yes,No,Yes,No,Yes,Month-to-month,No,Electronic check,75.3,4177.1,No
CUST-03414,Female,0,No,No,11,Yes,Yes,Fiber optic,No,No,No,No,No,No,Month-to-month,Yes,Bank transfer (automatic),43.74,501.2,No
CUST-03415,Male,1,No,Yes,22,No,No phone service,DSL,Yes,No,No,No,No,No,Month-to-month,Yes,Electronic check,81.13,1822.87,No
CUST-03416,Female,0,No,No,44,Yes,Yes,Fiber optic,No,No,Yes,No,No,Yes,Two year,No,Credit card (automatic),125.0,5517.3,Yes
CUST-03417,Male,0,Yes,No,52,Yes,Yes,DSL,No,Yes,No,No,No,No,Month-to-month,Yes,Electronic check,93.6,4939.24,No
CUST-03418,Male,0,No,No,23,Yes,No,Fiber optic,No,No,Yes,Yes,No,No,Month-to-month,Yes,Electronic check,75.28,1779.16,Yes
CUST-03419,Female,0,No,No,60,Yes,Yes,Fiber optic,No,Yes,No,No,No,Yes,Two year,Yes,Credit card (automatic),69.4,4134.74,No
CUST-03420,Female,0,No,No,58,Yes,No,DSL,Yes,No,No,No,No,No,One year,Yes,Electronic check,79.32,4569.44,No
CUST-03421,Male,0,Yes,No,26,Yes,Yes,No,No internet service,No internet service,No internet service,No internet service,No internet service,No internet service,Month-to-month,Yes,Mailed check,43.33,1121.19,No
CUST-03422,Male,0,Yes,No,39,Yes,No,Fiber optic,Yes,No,Yes,No,No,No,Month-to-month,Yes,Electronic check,93.52,3646.65,No
CUST-03423,Male,0,No,No,35,Yes,No,Fiber optic,No,No,No,No,No,No,Month-to-month,Yes,Credit card (automatic),117.52,4082.58,No
CUST-03424,Female,0,No,No,49,Yes,No,Fiber optic,Yes,Yes,Yes,No,Yes,No,Month-to-month,No,Bank transfer (automatic),99.15,4813.83,No
CUST-03425,Male,0,Yes,Yes,24,Yes,Yes,DSL,No,No,Yes,No,No,No,Month-to-month,No,Electronic check,77.45,1848.74,Yes
CUST-03426,Male,0,No,No,24,Yes,No,Fiber optic,No,Yes,No,Yes,No,No,One year,Yes,Bank transfer (automatic),49.79,1165.07,No
CUST-03427,Female,0,Yes,No,31,Yes,Yes,Fiber optic,No,No,No,No,Yes,Yes,One year,No,Electronic check,95.74,2970.47,No
CUST-03428,Male,1,No,Yes,16,No,No phone service,Fiber optic,Yes,No,No,No,Yes,Yes,Month-to-month,Yes,Electronic check,57.24,812.5,Yes
CUST-03429,Male,0,Yes,No,42,Yes,No,Fiber optic,Yes,No,Yes,No,No,No,Month-to-month,Yes,Credit card (automatic),108.63,4611.24,No
CUST-03430,Female,1,Yes,No,69,Yes,Yes,Fiber optic,No,No,No,No,Yes,No,Month-to-month,No,Mailed check,108.71,7485.98,No
CUST-03431,Female,0,Yes,Yes,26,Yes,Yes,Fiber optic,No,Yes,No,Yes,No,No,Month-to-month,No,Electronic check,43.08,1134.23,Yes
CUST-03432,Male,0,Yes,No,62,Yes,No,Fiber optic,No,No,No,No,No,No,One year,No,Mailed check,55.79,3351.32,No
CUST-03433,Female,0,Yes,No,34,Yes,Yes,Fiber optic,No,No,No,Yes,No,Yes,Month-to-month,Yes,Bank transfer (automatic),79.62,2710.68,No
CUST-03434,Female,0,Yes,No,12,Yes,Yes,DSL,No,No,No,Yes,No,No,One year,Yes,Credit card (automatic),51.02,,No
CUST-03435,Female,0,Yes,No,36,Yes,No,No,No internet service,No internet service,No internet service,No internet service,No internet service,No internet service,Month-to-month,No,Mailed check,56.31,2024.53,No
CUST-03436,Male,0,No,Yes,36,Yes,Yes,DSL,Yes,No,No,No,Yes,No,Month-to-month,No,Electronic check,96.02,3465.29,Yes
CUST-03437,Female,0,No,No,2,Yes,No,DSL,Yes,No,Yes,No,Yes,Yes,Two year,No,Credit card (automatic),90.03,154.68,No
CUST-03438,Male,1,No,No,35,Yes,Yes,No,No internet service,No internet service,No internet service,No internet service,No internet service,No internet service,One year,No,Bank transfer (automatic),91.52,3220.01,No
CUST-03439,Male,0,Yes,No,12,Yes,No,Fiber optic,Yes,No,No,No,No,Yes,Month-to-month,Yes,Bank transfer (automatic),105.3,1142.84,Yes
CUST-03440,Male,0,Yes,No,58,Yes,No,Fiber optic,Yes,No,No,No,Yes,No,Month-to-month,Yes,Mailed check,125.0,7262.22,Yes
CUST-03441,Male,0,No,Yes,39,Yes,Yes,Fiber optic,No,Yes,No,No,Yes,No,Two year,Yes,Mailed check,75.05,2935.13,No
CUST-03442,Female,0,No,Yes,22,Yes,No,DSL,Yes,Yes,No,No,Yes,Yes,Month-to-month,Yes,Mailed check,93.33,2122.64,No
CUST-03443,Female,0,No,No,1,Yes,Yes,Fiber optic,No,No,No,No,No,Yes,One year,Yes,Electronic check,30.25,42.78,Yes
CUST-03444,Female,0,No,Yes,42,Yes,No,Fiber optic,Yes,No,Yes,No,No,Yes,One year,No,Bank transfer (automatic),40.55,1598.86,No
CUST-03445,Male,0,No,No,51,Yes,No,DSL,No,No,No,Yes,No,No,Two year,Yes,Bank transfer (automatic),89.75,4556.09,No
CUST-03446,Male,0,No,No,31,Yes,Yes,Fiber optic,Yes,No,No,Yes,Yes,No,Month-to-month,Yes,Bank transfer (automatic),86.43,2658.62,No
CUST-03447,Female,0,Yes,Yes,66,Yes,No,DSL,No,Yes,Yes,No,No,No,One year,Yes,Credit card (automatic),69.59,4588.45,No
CUST-03448,Male,0,No,No,15,Yes,Yes,Fiber optic,Yes,Yes,No,Yes,No,No,Month-to-month,Yes,Electronic check,80.38,1190.28,Yes
CUST-03449,Male,0,No,No,55,Yes,No,Fiber optic,Yes,Yes,No,No,No,Yes,Two year,Yes,Bank transfer (automatic),30.25,1666.89,No
CUST-03450,Female,0,No,Yes,36,Yes,No,No,No internet service,No internet service,No internet service,No internet service,No internet service,No internet service,Month-to-month,Yes,Mailed check,43.96,1539.61,No
CUST-03451,Female,0,Yes,No,23,Yes,Yes,No,No internet service,No internet service,No internet service,No internet service,No internet service,No internet service,Month-to-month,Yes,Bank transfer (automatic),71.71,1721.07,No
CUST-03452,Female,1,Yes,Yes,21,Yes,No,No,No internet service,No internet service,No internet service,No internet service,No internet service,No internet service,Month-to-month,No,Electronic check,112.31,2353.13,Yes
CUST-03453,Female,0,Yes,No,33,Yes,No,No,No internet service,No internet service,No internet service,No internet service,No internet service,No internet service,Month-to-month,No,Bank transfer (automatic),79.81,2731.62,No
CUST-03454,Female,0,Yes,No,6,Yes,No,No,No internet service,No internet service,No internet service,No internet service,No internet service,No internet service,Month-to-month,Yes,Bank transfer (automatic),67.96,347.05,Yes
CUST-03455,Male,0,No,No,47,No,No phone service,No,No internet service,No internet service,No internet service,No internet service,No internet service,No internet service,One year,Yes,Bank transfer (automatic),67.58,3157.24,No
CUST-03456,Male,0,No,No,30,Yes,Yes,DSL,No,No,No,Yes,Yes,Yes,One year,Yes,Credit card (automatic),48.19,1478.94,No
CUST-03457,Male,0,Yes,No,49,Yes,No,Fiber optic,No,Yes,No,No,Yes,No,Month-to-month,Yes,Electronic check,125.0,6058.12,No
CUST-03458,Female,0,No,No,38,Yes,No,Fiber optic,Yes,No,Yes,No,Yes,No,Month-to-month,No,Mailed check,77.26,2990.39,No
CUST-03459,Male,1,Yes,Yes,71,Yes,No,No,No internet service,No internet service,No internet service,No internet service,No internet service,No internet service,Month-to-month,No,Mailed check,121.75,8650.86,No
CUST-03460,Female,1,No,Yes,6,Yes,No,Fiber optic,No,No,No,No,No,Yes,Month-to-month,Yes,Credit card (automatic),75.44,458.58,No
CUST-03461,Female,0,Yes,Yes,36,Yes,Yes,DSL,Yes,No,Yes,No,Yes,No,Month-to-month,No,Electronic check,70.56,2599.21,No
CUST-03462,Male,0,No,No,39,Yes,Yes,DSL,Yes,No,No,Yes,Yes,No,One year,No,Credit card (automatic),66.59,2576.34,No
CUST-03463,Male,0,No,No,18,Yes,No,DSL,Yes,No,No,No,Yes,Yes,One year,No,Credit card (automatic),78.0,1378.56,Yes
CUST-03464,Female,0,No,Yes,49,Yes,Yes,Fiber optic,No,Yes,Yes,No,Yes,Yes,Month-to-month,Yes,Bank transfer (automatic),42.72,2074.87,No
CUST-03465,Female,0,No,No,27,Yes,No,Fiber optic,No,Yes,No,No,No,Yes,One year,Yes,Electronic check,82.71,2219.15,Yes
CUST-03466,Male,0,Yes,No,55,No,No phone service,DSL,No,Yes,Yes,No,No,No,One year,Yes,Credit card (automatic),51.15,2756.94,No
CUST-03467,Male,0,No,Yes,67,Yes,No,DSL,No,No,Yes,Yes,No,Yes,Month-to-month,Yes,Mailed check,70.77,4758.86,No
CUST-03468,Female,0,Yes,Yes,62,Yes,No,DSL,No,No,Yes,Yes,No,No,Month-to-month,Yes,Mailed check,61.53,3798.94,No
CUST-03469,Male,0,Yes,No,46,Yes,Yes,No,No internet service,No internet service,No internet service,No internet service,No internet service,No internet service,Month-to-month,No,Electronic check,21.82,995.03,Yes
CUST-03470,Male,0,No,Yes,52,Yes,No,Fiber optic,No,No,No,Yes,Yes,No,One year,No,Bank transfer (automatic),70.75,3671.29,No
CUST-03471,Female,1,No,No,63,Yes,Yes,DSL,Yes,No,No,No,No,No,Month-to-month,No,Mailed check,100.19,6348.19,No
CUST-03472,Male,0,No,No,71,Yes,Yes,Fiber optic,No,No,Yes,Yes,No,No,One year,No,Electronic check,76.62,5454.01,No
CUST-03473,Male,0,Yes,No,53,Yes,Yes,DSL,No,Yes,Yes,No,Yes,No,One year,Yes,Bank transfer (automatic),53.33,2847.64,No
CUST-03474,Male,0,No,No,66,Yes,Yes,Fiber optic,No,No,Yes,Yes,No,No,One year,Yes,Electronic check,30.25,1988.95,No
CUST-03475,Female,0,Yes,Yes,70,Yes,Yes,No,No internet service,No internet service,No internet service,No internet service,No internet service,No internet service,Month-to-month,No,Bank transfer (automatic),60.63,4266.16,No
CUST-03476,Female,0,No,No,13,Yes,Yes,DSL,No,No,No,No,No,No,Month-to-month,No,Bank transfer (automatic),82.23,1157.58,No
CUST-03477,Male,1,No,No,37,Yes,Yes,No,No internet service,No internet service,No internet service,No internet service,No internet service,No internet service,Month-to-month,No,Bank transfer (automatic),110.52,4142.23,Yes
CUST-03478,Male,0,No,No,26,Yes,Yes,Fiber optic,No,Yes,No,No,Yes,Yes,Month-to-month,Yes,Mailed check,33.25,822.18,Yes
CUST-03479,Female,0,No,No,69,Yes,No,DSL,No,Yes,Yes,Yes,No,Yes,Month-to-month,Yes,Credit card (automatic),111.92,7773.88,No
CUST-03480,Male,1,No,Yes,54,Yes,No,DSL,No,No,Yes,No,Yes,No,One year,Yes,Mailed check,88.02,4773.83,No
CUST-03481,Male,0,Yes,No,64,Yes,Yes,DSL,No,Yes,No,No,No,Yes,One year,Yes,Mailed check,65.36,4184.11,No
CUST-03482,Female,0,No,No,26,Yes,Yes,DSL,Yes,No,No,No,Yes,Yes,Two year,No,Electronic check,46.95,1257.32,No
CUST-03483,Male,1,No,No,61,Yes,Yes,DSL,No,Yes,Yes,No,No,No,One year,Yes,Mailed check,97.42,5972.64,No
CUST-03484,Female,0,Yes,No,6,Yes,Yes,No,No internet service,No internet service,No internet service,No internet service,No internet service,No internet service,Month-to-month,Yes,Electronic check,76.9,470.67,No
CUST-03485,Female,0,Yes,No,68,Yes,Yes,DSL,No,No,No,No,Yes,No,One year,No,Bank transfer (automatic),24.78,1668.98,No
CUST-03486,Female,0,Yes,No,17,Yes,No,No,No internet service,No internet service,No internet service,No internet service,No internet service,No internet service,Month-to-month,Yes,Mailed check,99.11,1651.37,No
CUST-03487,Female,0,No,No,38,Yes,No,Fiber optic,No,Yes,No,Yes,Yes,No,Two year,Yes,Electronic check,92.5,3552.48,No
CUST-03488,Male,0,No,Yes,52,Yes,No,Fiber optic,No,No,No,No,No,Yes,Month-to-month,Yes,Mailed check,125.0,6515.73,No
CUST-03489,Female,0,No,No,54,Yes,No,Fiber optic,No,No,No,No,Yes,Yes,One year,No,Mailed check,93.7,5047.99,No
CUST-03490,Male,1,Yes,No,16,Yes,No,No,No internet service,No internet service,No internet service,No internet service,No internet service,No internet service,Two year,Yes,Electronic check,118.75,1899.14,Yes
CUST-03491,Female,0,Yes,No,40,Yes,Yes,No,No internet service,No internet service,No internet service,No internet service,No internet service,No internet service,Month-to-month,Yes,Mailed check,118.61,4727.85,No
CUST-03492,Male,0,No,No,39,Yes,Yes,DSL,Yes,Yes,Yes,No,Yes,No,Month-to-month,No,Credit card (automatic),60.36,2308.28,Yes
CUST-03493,Female,0,Yes,Yes,56,Yes,No,Fiber optic,Yes,Yes,Yes,No,No,Yes,One year,Yes,Mailed check,124.46,7025.25,No
CUST-03494,Male,1,Yes,No,24,Yes,No,DSL,Yes,No,No,No,No,No,Month-to-month,No,Credit card (automatic),45.69,1102.7,No
CUST-03495,Male,0,Yes,Yes,55,Yes,No,DSL,No,No,Yes,No,No,No,Two year,No,Bank transfer (automatic),22.49,1151.99,No
CUST-03496,Male,0,Yes,Yes,45,Yes,No,DSL,No,No,No,No,Yes,No,Month-to-month,Yes,Electronic check,59.22,2699.0,No
CUST-03497,Female,0,Yes,No,55,Yes,No,Fiber optic,No,No,No,No,No,Yes,Month-to-month,Yes,Electronic check,125.0,6888.86,No
CUST-03498,Female,0,No,Yes,64,Yes,No,DSL,Yes,Yes,Yes,Yes,No,Yes,Two year,Yes,Electronic check,82.41,5299.39,No
CUST-03499,Female,1,Yes,No,31,Yes,No,No,No internet service,No internet service,No internet service,No internet service,No internet service,No internet service,Month-to-month,Yes,Electronic check,78.76,2489.9,No
CUST-03500,Female,1,Yes,No,32,Yes,No,Fiber optic,No,No,No,Yes,Yes,Yes,Two year,Yes,Electronic check,108.73,3472.59,No
CUST-03501,Female,0,No,No,58,Yes,No,Fiber optic,Yes,No,No,No,No,No,One year,Yes,Electronic check,51.8,3011.18,No
CUST-03502,Male,0,No,Yes,57,Yes,Yes,Fiber optic,No,No,No,No,No,No,Two year,No,Mailed check,71.22,4000.21,No
CUST-03503,Female,0,No,Yes,64,Yes,Yes,Fiber optic,No,No,No,Yes,No,No,Month-to-month,Yes,Bank transfer (automatic),91.21,5813.88,No
CUST-03504,Female,0,No,No,40,Yes,Yes,DSL,No,No,No,Yes,Yes,No,Two year,Yes,Electronic check,76.97,3121.12,No
CUST-03505,Female,0,No,No,46,Yes,No,Fiber optic,No,No,Yes,No,No,No,Month-to-month,No,Credit card (automatic),85.29,3921.74,Yes
CUST-03506,Male,0,No,No,5,Yes,No,DSL,No,No,Yes,No,No,Yes,One year,No,Mailed check,19.96,82.96,No
CUST-03507,Male,0,No,No,33,Yes,Yes,DSL,Yes,No,No,No,No,No,Month-to-month,Yes,Credit card (automatic),50.61,1682.33,No
CUST-03508,Male,1,No,Yes,18,Yes,Yes,Fiber optic,Yes,Yes,Yes,Yes,No,No,Month-to-month,No,Mailed check,77.43,1353.28,Yes
CUST-03509,Female,0,No,No,62,No,No phone service,DSL,Yes,No,Yes,No,No,No,Two year,No,Electronic check,35.09,2150.64,No
CUST-03510,Female,0,Yes,No,9,Yes,No,Fiber optic,No,No,No,Yes,No,No,Month-to-month,Yes,Bank transfer (automatic),50.89,493.7,No
CUST-03511,Male,0,Yes,Yes,57,Yes,No,Fiber optic,Yes,No,No,No,Yes,Yes,Two year,Yes,Credit card (automatic),93.93,5277.1,No
CUST-03512,Male,0,Yes,No,61,Yes,Yes,Fiber optic,No,Yes,No,No,No,No,Month-to-month,No,Credit card (automatic),37.71,2277.21,No
CUST-03513,Female,0,Yes,Yes,34,Yes,Yes,DSL,No,No,No,Yes,No,No,One year,No,Credit card (automatic),29.62,1011.99,No
CUST-03514,Female,0,Yes,Yes,49,Yes,Yes,DSL,Yes,No,No,Yes,Yes,No,Month-to-month,No,Electronic check,52.59,2594.82,No
CUST-03515,Female,0,No,No,42,No,No phone service,DSL,No,No,Yes,No,No,Yes,One year,Yes,Mailed check,114.7,4779.44,Yes
CUST-03516,Male,0,No,No,50,Yes,Yes,Fiber optic,No,No,No,Yes,Yes,No,One year,No,Credit card (automatic),118.13,5928.91,Yes
CUST-03517,Female,1,Yes,No,50,Yes,Yes,Fiber optic,No,Yes,Yes,No,Yes,Yes,Month-to-month,No,Credit card (automatic),34.13,1708.43,No
CUST-03518,Male,1,Yes,No,19,Yes,No,No,No internet service,No internet service,No internet service,No internet service,No internet service,No internet service,Two year,Yes,Mailed check,55.25,1105.88,No
CUST-03519,Male,0,Yes,No,50,Yes,No,DSL,No,No,No,No,No,Yes,Two year,Yes,Mailed check,95.88,4823.22,No
CUST-03520,Male,0,No,No,65,No,No phone service,No,No internet service,No internet service,No internet service,No internet service,No internet service,No internet service,Two year,No,Mailed check,116.13,7537.67,No
CUST-03521,Male,0,Yes,No,23,Yes,No,DSL,No,No,Yes,Yes,Yes,No,Two year,Yes,Credit card (automatic),43.73,1055.34,No
CUST-03522,Female,0,Yes,Yes,23,Yes,Yes,Fiber optic,No,No,No,No,No,No,Month-to-month,Yes,Bank transfer (automatic),96.65,2224.82,Yes
CUST-03523,Male,1,Yes,No,22,No,No phone service,No,No internet service,No internet service,No internet service,No internet service,No internet service,No internet service,Two year,Yes,Electronic check,42.99,964.72,No
CUST-03524,Female,1,No,No,66,Yes,Yes,No,No internet service,No internet service,No internet service,No internet service,No internet service,No internet service,One year,Yes,Electronic check,99.14,6517.98,No
CUST-03525,Female,0,Yes,No,64,Yes,No,Fiber optic,No,Yes,No,No,Yes,No,Month-to-month,No,Mailed check,72.52,4599.65,No
CUST-03526,Female,0,No,No,26,Yes,Yes,DSL,No,Yes,No,No,No,No,One year,Yes,Bank transfer (automatic),63.85,1592.29,Yes
CUST-03527,Female,0,No,No,68,Yes,No,Fiber optic,No,No,Yes,Yes,No,No,One year,Yes,Credit card (automatic),38.51,2594.11,No
CUST-03528,Female,0,No,No,55,Yes,No,Fiber optic,Yes,No,No,No,Yes,No,Month-to-month,No,Electronic check,110.15,6058.35,No
CUST-03529,Female,1,No,Yes,29,Yes,Yes,DSL,Yes,Yes,No,Yes,No,Yes,Month-to-month,Yes,Electronic check,84.68,2428.84,Yes
CUST-03530,Female,0,Yes,No,60,Yes,No,DSL,No,No,No,No,Yes,No,One year,No,Electronic check,77.3,4649.47,No
CUST-03531,Female,0,Yes,Yes,66,Yes,No,Fiber optic,No,No,No,No,Yes,No,Month-to-month,Yes,Electronic check,71.55,4714.22,No
CUST-03532,Female,0,No,No,63,Yes,Yes,Fiber optic,No,Yes,Yes,Yes,No,Yes,Month-to-month,No,Electronic check,69.58,4383.7,No
CUST-03533,Female,0,Yes,No,34,Yes,Yes,Fiber optic,Yes,No,No,Yes,No,No,Two year,Yes,Electronic check,98.81,3413.46,No
CUST-03534,Male,0,No,No,16,Yes,No,DSL,No,No,No,No,No,Yes,One year,No,Credit card (automatic),51.51,889.93,No
CUST-03535,Female,1,No,No,13,Yes,No,No,No internet service,No internet service,No internet service,No internet service,No internet service,No internet service,Month-to-month,Yes,Credit card (automatic),97.94,1207.13,Yes
CUST-03536,Female,0,Yes,No,60,Yes,Yes,No,No internet service,No internet service,No internet service,No internet service,No internet service,No internet service,One year,Yes,Mailed check,106.15,6318.56,No
CUST-03537,Female,0,Yes,No,53,Yes,No,Fiber optic,No,No,No,No,Yes,Yes,Month-to-month,Yes,Electronic check,72.0,3823.57,No
CUST-03538,Female,0,No,Yes,52,Yes,No,DSL,No,Yes,No,No,No,No,One year,Yes,Mailed check,70.74,3661.1,No
CUST-03539,Male,0,No,Yes,4,Yes,No,DSL,No,No,No,Yes,Yes,No,Month-to-month,No,Electronic check,21.25,18.44,No
CUST-03540,Male,0,No,No,70,Yes,No,Fiber optic,No,No,No,No,Yes,Yes,Month-to-month,Yes,Electronic check,78.75,5529.92,No
CUST-03541,Male,0,Yes,No,9,Yes,Yes,No,No internet service,No internet service,No internet service,No internet service,No internet service,No internet service,Month-to-month,No,Credit card (automatic),67.85,561.08,No
CUST-03542,Male,0,No,Yes,42,Yes,No,Fiber optic,Yes,Yes,No,Yes,No,No,Two year,Yes,Mailed check,90.93,3848.86,Yes
CUST-03543,Female,0,Yes,No,68,Yes,No,DSL,No,No,No,No,No,No,Month-to-month,Yes,Bank transfer (automatic),94.22,6450.44,No
CUST-03544,Male,0,Yes,No,18,Yes,No,No,No internet service,No internet service,No internet service,No internet service,No internet service,No internet service,One year,Yes,Bank transfer (automatic),80.55,1500.98,No
CUST-03545,Female,0,No,No,38,Yes,Yes,Fiber optic,Yes,Yes,No,No,No,No,Two year,Yes,Electronic check,114.93,4335.15,No
CUST-03546,Male,1,No,Yes,61,Yes,No,No,No internet service,No internet service,No internet service,No internet service,No internet service,No internet service,Month-to-month,No,Credit card (automatic),73.82,4504.22,No
CUST-03547,Female,0,Yes,No,20,Yes,Yes,Fiber optic,No,No,Yes,No,Yes,Yes,Month-to-month,No,Credit card (automatic),54.25,1134.85,No
CUST-03548,Male,0,No,Yes,8,Yes,Yes,Fiber optic,No,No,No,No,Yes,No,Two year,No,Bank transfer (automatic),118.01,849.77,Yes
CUST-03549,Female,0,Yes,Yes,35,Yes,Yes,DSL,No,Yes,No,No,No,Yes,Month-to-month,No,Mailed check,38.55,1298.7,No
CUST-03550,Male,0,Yes,No,58,Yes,Yes,DSL,Yes,Yes,Yes,Yes,No,Yes,Month-to-month,Yes,Credit card (automatic),45.81,2681.01,No
CUST-03551,Female,0,Yes,No,42,No,No phone service,No,No internet service,No internet service,No internet service,No internet service,No internet service,No internet service,Month-to-month,Yes,Bank transfer (automatic),70.3,3021.04,No
CUST-03552,Male,0,No,Yes,32,Yes,Yes,Fiber optic,Yes,No,Yes,No,No,No,Month-to-month,Yes,Credit card (automatic),50.44,1503.79,No
CUST-03553,Male,0,Yes,Yes,47,Yes,No,Fiber optic,No,No,No,No,No,No,Month-to-month,No,Mailed check,75.31,3487.54,No
CUST-03554,Male,0,No,No,4,Yes,No,Fiber optic,Yes,No,No,No,Yes,No,Month-to-month,No,Electronic check,37.94,136.25,Yes
CUST-03555,Female,0,Yes,No,26,Yes,No,DSL,Yes,Yes,Yes,Yes,No,No,Month-to-month,No,Electronic check,56.35,1470.2,Yes
CUST-03556,Female,1,Yes,Yes,64,Yes,Yes,No,No internet service,No internet service,No internet service,No internet service,No internet service,No internet service,Month-to-month,No,Electronic check,28.35,1899.64,No
CUST-03557,Male,0,Yes,Yes,28,Yes,No,DSL,No,No,No,No,Yes,Yes,Two year,Yes,Electronic check,85.7,2444.0,Yes
CUST-03558,Female,1,Yes,No,70,Yes,Yes,Fiber optic,No,No,No,No,No,No,Two year,No,Bank transfer (automatic),86.52,6076.93,No
CUST-03559,Female,0,No,Yes,40,Yes,No,Fiber optic,No,Yes,Yes,No,No,No,One year,No,Mailed check,46.94,1813.93,No
CUST-03560,Female,0,No,No,68,No,No phone service,Fiber optic,No,No,No,Yes,No,No,Month-to-month,Yes,Bank transfer (automatic),45.41,3088.14,No
CUST-03561,Female,0,No,No,46,Yes,No,Fiber optic,No,No,No,No,No,Yes,Two year,Yes,Bank transfer (automatic),65.03,3028.46,No
CUST-03562,Female,0,Yes,No,31,Yes,Yes,No,No internet service,No internet service,No internet service,No internet service,No internet service,No internet service,Month-to-month,No,Electronic check,63.26,1910.76,Yes
CUST-03563,Female,0,No,No,67,Yes,No,No,No internet service,No internet service,No internet service,No internet service,No internet service,No internet service,Two year,No,Electronic check,92.7,6192.53,No
CUST-03564,Male,0,No,No,20,Yes,No,No,No internet service,No internet service,No internet service,No internet service,No internet service,No internet service,Month-to-month,No,Credit card (automatic),30.38,601.12,Yes
CUST-03565,Male,0,Yes,Yes,29,Yes,No,Fiber optic,Yes,No,No,No,Yes,No,Month-to-month,No,Bank transfer (automatic),113.51,3261.35,No
CUST-03566,Female,0,No,No,53,Yes,No,DSL,No,No,Yes,No,Yes,Yes,One year,No,Bank transfer (automatic),55.6,2978.92,No
CUST-03567,Female,0,No,Yes,63,No,No phone service,No,No internet service,No internet service,No internet service,No internet service,No internet service,No internet service,One year,Yes,Electronic check,54.45,3469.55,No
CUST-03568,Female,0,No,No,14,Yes,No,DSL,No,No,No,Yes,No,No,Two year,No,Electronic check,31.81,407.87,No
CUST-03569,Male,0,No,Yes,72,Yes,Yes,No,No internet service,No internet service,No internet service,No internet service,No internet service,No internet service,Month-to-month,Yes,Electronic check,62.7,4466.86,No
CUST-03570,Female,0,No,No,32,No,No phone service,DSL,No,Yes,No,No,Yes,Yes,Month-to-month,No,Electronic check,35.25,1124.77,Yes
CUST-03571,Male,0,No,Yes,25,Yes,Yes,No,No internet service,No internet service,No internet service,No internet service,No internet service,No internet service,Month-to-month,Yes,Credit card (automatic),74.2,1870.64,No
CUST-03572,Male,0,No,No,10,Yes,Yes,Fiber optic,No,Yes,No,No,No,No,One year,Yes,Mailed check,114.49,1230.05,No
CUST-03573,Male,0,No,No,2,Yes,Yes,Fiber optic,No,Yes,Yes,Yes,Yes,No,Two year,Yes,Electronic check,125.0,250.9,Yes
CUST-03574,Female,0,Yes,Yes,41,Yes,No,No,No internet service,No internet service,No internet service,No internet service,No internet service,No internet service,Month-to-month,No,Mailed check,70.57,2876.8,No
CUST-03575,Male,0,No,No,44,Yes,Yes,DSL,Yes,Yes,Yes,No,No,No,One year,Yes,Bank transfer (automatic),76.8,3344.0,No
CUST-03576,Male,0,No,Yes,7,Yes,No,Fiber optic,No,Yes,No,No,Yes,No,Month-to-month,Yes,Electronic check,91.64,649.31,No
CUST-03577,Male,0,Yes,No,66,Yes,No,DSL,No,No,Yes,No,No,Yes,One year,Yes,Electronic check,118.75,7825.52,No
CUST-03578,Male,0,No,No,40,Yes,No,No,No internet service,No internet service,No internet service,No internet service,No internet service,No internet service,Month-to-month,No,Mailed check,73.23,2964.29,Yes
CUST-03579,Male,0,No,No,4,No,No phone service,Fiber optic,Yes,No,Yes,No,No,Yes,Month-to-month,Yes,Credit card (automatic),58.49,243.49,Yes
CUST-03580,Female,0,No,No,61,Yes,No,DSL,No,No,No,No,No,Yes,Two year,Yes,Mailed check,63.61,3875.92,No
CUST-03581,Male,0,No,No,15,Yes,No,DSL,No,No,No,No,No,Yes,Two year,No,Bank transfer (automatic),31.73,433.89,No
CUST-03582,Male,0,Yes,No,49,Yes,No,No,No internet service,No internet service,No internet service,No internet service,No internet service,No internet service,One year,No,Electronic check,118.75,5838.36,No
CUST-03583,Female,0,No,No,49,Yes,No,No,No internet service,No internet service,No internet service,No internet service,No internet service,No internet service,Month-to-month,No,Electronic check,86.72,4242.38,No
CUST-03584,Female,0,No,No,59,Yes,Yes,No,No internet service,No internet service,No internet service,No internet service,No internet service,No internet service,Month-to-month,No,Electronic check,103.08,6112.65,No
CUST-03585,Male,0,No,No,59,Yes,Yes,DSL,Yes,Yes,Yes,Yes,No,Yes,Month-to-month,No,Bank transfer (automatic),51.21,2956.78,No
CUST-03586,Female,0,Yes,No,71,Yes,No,Fiber optic,No,No,Yes,Yes,No,No,Month-to-month,Yes,Mailed check,99.49,7077.45,No
CUST-03587,Female,0,Yes,Yes,7,Yes,No,Fiber optic,No,No,Yes,No,No,Yes,Month-to-month,Yes,Bank transfer (automatic),81.18,602.58,Yes
CUST-03588,Male,0,No,No,27,Yes,No,Fiber optic,No,Yes,Yes,Yes,No,No,Month-to-month,Yes,Credit card (automatic),33.25,899.89,No
CUST-03589,Male,1,Yes,Yes,27,Yes,No,No,No internet service,No internet service,No internet service,No internet service,No internet service,No internet service,One year,Yes,Electronic check,34.15,959.71,Yes
CUST-03590,Male,0,Yes,No,28,Yes,Yes,DSL,No,No,No,No,Yes,No,One year,Yes,Mailed check,79.29,2238.79,Yes
CUST-03591,Female,0,No,No,18,Yes,No,Fiber optic,No,Yes,Yes,Yes,No,No,Month-to-month,Yes,Electronic check,125.0,2222.29,Yes
CUST-03592,Female,0,No,No,17,Yes,Yes,DSL,No,No,No,No,No,No,One year,No,Electronic check,96.98,1596.75,No
CUST-03593,Male,0,No,Yes,70,No,No phone service,Fiber optic,No,Yes,No,No,No,No,One year,Yes,Electronic check,101.42,7143.66,Yes
CUST-03594,Male,1,No,Yes,65,Yes,No,DSL,Yes,No,Yes,No,No,No,Month-to-month,No,Bank transfer (automatic),118.22,7658.7,No
CUST-03595,Female,0,No,No,50,Yes,No,DSL,Yes,No,Yes,No,Yes,No,Month-to-month,No,Bank transfer (automatic),54.92,2740.39,No
CUST-03596,Female,0,No,No,40,Yes,Yes,DSL,No,Yes,Yes,Yes,No,No,Month-to-month,No,Credit card (automatic),90.52,3596.91,Yes
CUST-03597,Female,0,No,No,35,Yes,No,DSL,No,No,No,No,Yes,No,Month-to-month,Yes,Electronic check,38.41,1392.02,No
CUST-03598,Male,0,No,No,50,Yes,Yes,Fiber optic,No,No,Yes,Yes,Yes,No,Month-to-month,No,Credit card (automatic),84.97,4146.43,No
CUST-03599,Female,0,No,Yes,63,Yes,No,Fiber optic,No,Yes,No,No,No,Yes,Month-to-month,No,Mailed check,64.45,4100.41,Yes
CUST-03600,Male,0,Yes,No,31,Yes,No,No,No internet service,No internet service,No internet service,No internet service,No internet service,No internet service,One year,No,Electronic check,96.73,2974.47,No
CUST-03601,Female,1,Yes,No,39,Yes,No,Fiber optic,No,No,No,No,Yes,Yes,One year,Yes,Electronic check,30.25,1274.61,No
CUST-03602,Male,1,No,Yes,66,Yes,No,Fiber optic,Yes,No,Yes,Yes,Yes,No,Month-to-month,No,Credit card (automatic),55.28,3689.7,No
CUST-03603,Female,0,No,No,66,Yes,Yes,No,No internet service,No internet service,No internet service,No internet service,No internet service,No internet service,Two year,Yes,Mailed check,114.24,7503.58,No
CUST-03604,Male,1,No,Yes,17,Yes,No,Fiber optic,No,No,No,Yes,No,No,Month-to-month,No,Mailed check,114.29,2013.21,Yes
CUST-03605,Male,0,No,Yes,18,Yes,Yes,Fiber optic,No,No,No,No,No,Yes,Month-to-month,No,Mailed check,87.74,1550.6,No
CUST-03606,Female,0,No,Yes,15,Yes,No,No,No internet service,No internet service,No internet service,No internet service,No internet service,No internet service,Month-to-month,No,Credit card (automatic),88.5,1353.97,No
CUST-03607,Female,1,Yes,No,2,Yes,Yes,No,No internet service,No internet service,No internet service,No internet service,No internet service,No internet service,One year,Yes,Bank transfer (automatic),79.29,178.87,No
CUST-03608,Male,0,No,No,51,Yes,No,DSL,No,Yes,Yes,No,Yes,No,Month-to-month,Yes,Electronic check,121.75,6307.68,No
CUST-03609,Male,0,No,Yes,31,Yes,Yes,DSL,No,No,Yes,Yes,No,Yes,Month-to-month,No,Bank transfer (automatic),80.7,2459.1,No
CUST-03610,Male,0,Yes,No,3,Yes,Yes,DSL,No,Yes,Yes,No,No,No,Month-to-month,No,Electronic check,86.43,151.67,No
CUST-03611,Male,0,No,No,15,Yes,Yes,Fiber optic,Yes,Yes,Yes,No,No,Yes,Two year,No,Electronic check,66.89,950.63,Yes
CUST-03612,Male,0,No,No,39,Yes,No,Fiber optic,No,Yes,No,No,No,Yes,Month-to-month,No,Bank transfer (automatic),87.5,3413.06,Yes
CUST-03613,Male,0,No,Yes,61,Yes,Yes,DSL,No,No,No,No,No,Yes,Month-to-month,No,Bank transfer (automatic),31.28,1860.46,No
CUST-03614,Female,0,Yes,Yes,48,Yes,No,Fiber optic,Yes,Yes,No,No,No,No,Month-to-month,No,Credit card (automatic),92.18,4361.7,No
CUST-03615,Male,0,Yes,Yes,39,Yes,No,Fiber optic,Yes,No,No,Yes,Yes,No,Month-to-month,No,Credit card (automatic),99.1,3849.92,No
CUST-03616,Female,0,No,No,14,Yes,No,Fiber optic,Yes,No,No,No,No,No,Two year,Yes,Electronic check,90.6,1310.48,Yes
CUST-03617,Female,0,No,No,21,Yes,Yes,DSL,No,Yes,No,No,Yes,No,One year,Yes,Electronic check,107.61,2129.32,No
CUST-03618,Female,0,No,Yes,57,Yes,No,DSL,No,No,No,Yes,No,No,Month-to-month,No,Credit card (automatic),114.38,6527.42,No
CUST-03619,Female,0,Yes,No,56,Yes,No,Fiber optic,Yes,Yes,Yes,No,No,Yes,Two year,Yes,Mailed check,125.0,7007.55,No
CUST-03620,Female,0,No,Yes,63,Yes,No,DSL,Yes,No,No,No,Yes,No,One year,Yes,Mailed check,35.91,2298.1,No
CUST-03621,Male,0,Yes,Yes,38,Yes,Yes,Fiber optic,No,Yes,No,No,Yes,No,Month-to-month,No,Electronic check,110.97,4169.6,No
CUST-03622,Female,0,Yes,No,20,Yes,Yes,Fiber optic,No,No,Yes,Yes,Yes,No,Month-to-month,No,Electronic check,102.79,2133.38,No
CUST-03623,Female,1,Yes,Yes,37,Yes,Yes,Fiber optic,No,No,No,No,No,No,Month-to-month,Yes,Bank transfer (automatic),113.65,4213.32,Yes
CUST-03624,Female,0,No,Yes,65,No,No phone service,No,No internet service,No internet service,No internet service,No internet service,No internet service,No internet service,Two year,Yes,Electronic check,64.38,4203.46,No
CUST-03625,Male,0,No,No,14,Yes,No,DSL,No,No,No,No,No,No,One year,Yes,Bank transfer (automatic),73.01,998.49,No
CUST-03626,Male,0,Yes,No,61,Yes,Yes,DSL,Yes,No,Yes,No,Yes,No,One year,No,Mailed check,48.12,2986.05,No
CUST-03627,Male,0,No,No,72,Yes,No,No,No internet service,No internet service,No internet service,No internet service,No internet service,No internet service,Month-to-month,Yes,Electronic check,113.94,8314.47,No
CUST-03628,Female,0,No,No,60,Yes,Yes,Fiber optic,No,Yes,Yes,No,No,Yes,Month-to-month,Yes,Electronic check,87.7,5247.55,No
CUST-03629,Male,0,No,No,48,Yes,Yes,DSL,Yes,Yes,Yes,No,No,No,Month-to-month,Yes,Electronic check,121.75,5855.81,Yes
CUST-03630,Male,0,No,No,30,Yes,No,Fiber optic,No,No,No,No,Yes,Yes,Month-to-month,No,Electronic check,50.98,1556.87,Yes
CUST-03631,Female,1,No,No,62,Yes,No,Fiber optic,Yes,Yes,Yes,No,No,No,Two year,No,Credit card (automatic),87.31,5477.08,No
CUST-03632,Male,0,Yes,No,12,Yes,No,Fiber optic,No,Yes,No,No,No,No,Two year,Yes,Electronic check,84.67,1061.76,No
CUST-03633,Female,0,Yes,Yes,55,Yes,Yes,No,No internet service,No internet service,No internet service,No internet service,No internet service,No internet service,Month-to-month,Yes,Credit card (automatic),22.31,1250.37,No
CUST-03634,Male,0,No,No,29,Yes,No,DSL,No,Yes,No,No,No,No,Month-to-month,No,Mailed check,94.87,2777.83,Yes
CUST-03635,Male,1,No,Yes,37,No,No phone service,Fiber optic,Yes,Yes,No,Yes,No,No,Two year,Yes,Mailed check,116.15,4337.63,No
CUST-03636,Female,1,No,No,34,Yes,No,DSL,No,Yes,Yes,No,Yes,No,Month-to-month,Yes,Mailed check,50.98,1779.47,No
CUST-03637,Male,0,No,No,1,Yes,Yes,Fiber optic,No,Yes,Yes,Yes,No,Yes,Month-to-month,Yes,Electronic check,85.98,133.63,Yes
CUST-03638,Female,0,No,No,72,No,No phone service,Fiber optic,No,No,No,No,No,No,Month-to-month,Yes,Electronic check,61.11,4375.16,No
CUST-03639,Female,0,No,No,49,Yes,Yes,No,No internet service,No internet service,No internet service,No internet service,No internet service,No internet service,Month-to-month,Yes,Bank transfer (automatic),112.76,5651.26,No
CUST-03640,Male,0,No,No,44,Yes,No,Fiber optic,No,No,No,No,Yes,No,Two year,Yes,Bank transfer (automatic),30.82,1370.69,No
CUST-03641,Male,0,Yes,Yes,8,Yes,No,No,No internet service,No internet service,No internet service,No internet service,No internet service,No internet service,Two year,Yes,Mailed check,18.25,171.25,No
CUST-03642,Male,0,No,No,57,Yes,No,DSL,Yes,No,Yes,Yes,No,No,Month-to-month,No,Electronic check,96.5,5544.88,No
CUST-03643,Male,1,No,Yes,70,Yes,Yes,Fiber optic,No,Yes,No,Yes,Yes,Yes,Two year,No,Electronic check,97.16,6827.89,No
CUST-03644,Female,0,Yes,No,59,Yes,No,No,No internet service,No internet service,No internet service,No internet service,No internet service,No internet service,Month-to-month,Yes,Electronic check,91.79,5458.45,No
CUST-03645,Male,0,Yes,No,18,Yes,Yes,DSL,Yes,No,Yes,Yes,No,No,One year,Yes,Credit card (automatic),78.29,1382.41,No
CUST-03646,Male,0,No,No,14,Yes,No,No,No internet service,No internet service,No internet service,No internet service,No internet service,No internet service,Two year,Yes,Mailed check,99.71,1399.44,Yes
CUST-03647,Male,0,No,No,27,Yes,Yes,Fiber optic,No,Yes,No,Yes,No,No,Month-to-month,No,Mailed check,86.44,2335.25,No
CUST-03648,Male,0,Yes,Yes,2,Yes,No,No,No internet service,No internet service,No internet service,No internet service,No internet service,No internet service,Month-to-month,Yes,Electronic check,62.29,168.34,No
CUST-03649,Male,0,Yes,Yes,40,Yes,Yes,DSL,No,No,No,No,No,Yes,One year,No,Bank transfer (automatic),118.75,4755.24,Yes
CUST-03650,Male,0,Yes,No,33,Yes,Yes,Fiber optic,No,No,No,No,Yes,Yes,Two year,Yes,Electronic check,94.58,3131.83,No
CUST-03651,Female,0,Yes,Yes,37,Yes,No,DSL,No,No,No,No,No,Yes,Month-to-month,Yes,Electronic check,61.9,2302.98,No
CUST-03652,Female,0,No,No,72,Yes,No,No,No internet service,No internet service,No internet service,No internet service,No internet service,No internet service,Two year,Yes,Electronic check,66.47,4848.68,No
CUST-03653,Female,0,No,No,48,Yes,Yes,DSL,No,Yes,Yes,No,No,No,One year,No,Credit card (automatic),37.49,1680.23,No
CUST-03654,Male,0,No,No,31,Yes,No,Fiber optic,Yes,Yes,Yes,No,No,No,Month-to-month,No,Bank transfer (automatic),125.0,3894.94,No
CUST-03655,Male,0,Yes,Yes,57,Yes,Yes,Fiber optic,Yes,No,Yes,Yes,No,No,Two year,Yes,Bank transfer (automatic),51.61,2925.62,No
CUST-03656,Female,1,Yes,Yes,27,Yes,No,No,No internet service,No internet service,No internet service,No internet service,No internet service,No internet service,Two year,No,Credit card (automatic),70.45,1822.39,No
CUST-03657,Male,1,Yes,No,55,No,No phone service,No,No internet service,No internet service,No internet service,No internet service,No internet service,No internet service,One year,Yes,Bank transfer (automatic),81.97,4460.7,No
CUST-03658,Male,0,No,No,68,Yes,No,No,No internet service,No internet service,No internet service,No internet service,No internet service,No internet service,Month-to-month,No,Electronic check,21.25,1396.74,No
CUST-03659,Female,0,No,No,66,Yes,No,DSL,Yes,No,Yes,No,No,Yes,Month-to-month,Yes,Bank transfer (automatic),63.76,4189.63,No
CUST-03660,Female,0,Yes,No,38,No,No phone service,No,No internet service,No internet service,No internet service,No internet service,No internet service,No internet service,Month-to-month,Yes,Electronic check,74.31,2786.56,No
CUST-03661,Male,0,No,No,34,Yes,Yes,Fiber optic,No,No,No,Yes,Yes,Yes,Month-to-month,No,Mailed check,63.91,2175.64,No
CUST-03662,Female,0,Yes,Yes,29,Yes,No,Fiber optic,Yes,No,Yes,Yes,No,Yes,Month-to-month,Yes,Electronic check,73.34,2162.32,Yes
CUST-03663,Male,0,Yes,No,39,Yes,No,DSL,Yes,No,Yes,Yes,No,No,One year,Yes,Electronic check,88.49,3458.65,Yes
CUST-03664,Male,0,No,No,68,Yes,No,No,No internet service,No internet service,No internet service,No internet service,No internet service,No internet service,Month-to-month,Yes,Bank transfer (automatic),108.35,7336.86,No
CUST-03665,Male,0,Yes,No,63,Yes,Yes,Fiber optic,Yes,No,No,No,Yes,No,Month-to-month,No,Bank transfer (automatic),94.18,5942.38,No
CUST-03666,Female,0,No,No,44,Yes,Yes,No,No internet service,No internet service,No internet service,No internet service,No internet service,No internet service,Two year,No,Bank transfer (automatic),21.79,986.83,No
CUST-03667,Male,0,Yes,No,21,Yes,No,Fiber optic,Yes,Yes,Yes,Yes,Yes,No,One year,Yes,Electronic check,64.72,1412.41,No
CUST-03668,Female,0,No,No,28,Yes,Yes,Fiber optic,Yes,No,Yes,No,Yes,No,Month-to-month,Yes,Electronic check,65.42,1794.83,No
CUST-03669,Female,0,Yes,Yes,18,Yes,Yes,DSL,Yes,No,No,No,No,No,Month-to-month,Yes,Credit card (automatic),35.98,724.52,Yes
CUST-03670,Female,0,Yes,Yes,14,Yes,No,DSL,No,Yes,No,Yes,Yes,Yes,Month-to-month,Yes,Credit card (automatic),29.18,416.14,Yes
CUST-03671,Female,0,Yes,No,1,Yes,No,No,No internet service,No internet service,No internet service,No internet service,No internet service,No internet service,Month-to-month,Yes,Credit card (automatic),79.46,85.92,No
CUST-03672,Female,0,No,No,56,Yes,No,Fiber optic,Yes,No,Yes,Yes,No,Yes,Two year,Yes,Credit card (automatic),63.39,3518.22,No
CUST-03673,Male,0,No,No,54,Yes,Yes,DSL,No,No,Yes,No,No,No,Month-to-month,No,Electronic check,93.68,4999.22,No
CUST-03674,Female,1,No,No,13,Yes,No,Fiber optic,Yes,No,No,Yes,Yes,Yes,Month-to-month,Yes,Credit card (automatic),118.77,1480.67,No
CUST-03675,Male,0,Yes,No,50,Yes,No,No,No internet service,No internet service,No internet service,No internet service,No internet service,No internet service,One year,Yes,Electronic check,18.25,993.06,No
CUST-03676,Female,1,Yes,Yes,12,Yes,Yes,Fiber optic,No,No,Yes,No,No,No,Month-to-month,Yes,Electronic check,125.0,1564.54,Yes
CUST-03677,Female,0,Yes,No,20,Yes,Yes,Fiber optic,No,No,No,Yes,No,Yes,Two year,Yes,Electronic check,99.37,2015.55,Yes
CUST-03678,Male,0,No,Yes,19,Yes,No,No,No internet service,No internet service,No internet service,No internet service,No internet service,No internet service,Month-to-month,Yes,Credit card (automatic),90.08,1661.89,No
CUST-03679,Male,0,Yes,No,10,Yes,No,DSL,No,No,Yes,No,Yes,Yes,One year,Yes,Electronic check,87.45,869.85,No
CUST-03680,Male,0,Yes,No,53,Yes,No,Fiber optic,No,Yes,No,No,Yes,No,Two year,Yes,Electronic check,77.28,4029.32,No
CUST-03681,Male,0,No,Yes,4,Yes,No,Fiber optic,No,No,No,Yes,Yes,Yes,Two year,Yes,Mailed check,42.48,142.65,No
CUST-03682,Female,1,No,No,30,Yes,No,Fiber optic,No,Yes,No,Yes,No,No,Month-to-month,No,Credit card (automatic),80.82,2353.5,No
CUST-03683,Female,0,Yes,No,36,Yes,No,DSL,Yes,No,No,No,Yes,Yes,Month-to-month,No,Bank transfer (automatic),21.25,746.82,No
CUST-03684,Male,0,Yes,No,42,Yes,Yes,DSL,Yes,Yes,No,No,No,No,Two year,Yes,Electronic check,118.75,4971.6,No
CUST-03685,Male,0,Yes,Yes,14,Yes,No,No,No internet service,No internet service,No internet service,No internet service,No internet service,No internet service,Month-to-month,Yes,Electronic check,51.34,689.64,No
CUST-03686,Female,0,No,Yes,34,Yes,No,No,No internet service,No internet service,No internet service,No internet service,No internet service,No internet service,Month-to-month,No,Electronic check,80.16,2683.78,No
CUST-03687,Female,0,Yes,No,58,Yes,Yes,No,No internet service,No internet service,No internet service,No internet service,No internet service,No internet service,Month-to-month,Yes,Bank transfer (automatic),31.77,1835.49,No
CUST-03688,Male,0,No,No,27,No,No phone service,Fiber optic,No,No,No,Yes,No,No,Two year,Yes,Credit card (automatic),118.09,3212.26,No
CUST-03689,Male,0,Yes,No,69,Yes,No,DSL,Yes,Yes,No,No,No,Yes,Month-to-month,No,Electronic check,73.79,5149.1,No
CUST-03690,Female,0,No,Yes,31,Yes,No,Fiber optic,Yes,No,No,No,No,No,One year,Yes,Electronic check,116.22,3571.37,No
CUST-03691,Female,0,No,No,56,Yes,Yes,Fiber optic,No,Yes,No,No,No,No,One year,No,Bank transfer (automatic),115.72,6506.94,No
CUST-03692,Male,0,Yes,No,9,Yes,No,DSL,No,Yes,No,No,Yes,No,Two year,Yes,Mailed check,19.18,198.41,No
CUST-03693,Female,0,Yes,Yes,62,Yes,No,DSL,No,No,Yes,No,No,No,Two year,No,Bank transfer (automatic),62.8,3909.5,No
CUST-03694,Female,0,Yes,No,35,Yes,No,DSL,No,Yes,No,No,No,No,Month-to-month,Yes,Credit card (automatic),60.34,2151.33,No
CUST-03695,Female,0,No,No,72,Yes,No,DSL,Yes,No,No,No,No,No,Month-to-month,No,Bank transfer (automatic),44.11,3182.57,No
CUST-03696,Male,0,No,No,51,Yes,Yes,DSL,No,Yes,No,No,Yes,No,Two year,No,Mailed check,94.24,4804.94,No
CUST-03697,Female,0,No,No,54,Yes,Yes,Fiber optic,No,No,Yes,Yes,Yes,No,Month-to-month,Yes,Credit card (automatic),83.87,4555.41,No
CUST-03698,Female,0,Yes,Yes,11,Yes,No,No,No internet service,No internet service,No internet service,No internet service,No internet service,No internet service,One year,Yes,Electronic check,76.94,931.36,Yes
CUST-03699,Female,0,Yes,No,41,Yes,No,Fiber optic,No,No,No,No,No,Yes,One year,No,Bank transfer (automatic),76.13,3052.14,No
CUST-03700,Male,0,No,Yes,54,Yes,No,DSL,Yes,Yes,Yes,Yes,No,No,Month-to-month,No,Mailed check,77.2,4176.31,No
CUST-03701,Female,0,No,No,59,Yes,No,DSL,No,Yes,Yes,No,No,Yes,Month-to-month,No,Mailed check,59.02,3462.35,No
CUST-03702,Female,0,No,No,28,Yes,Yes,Fiber optic,No,No,Yes,Yes,No,Yes,Month-to-month,Yes,Bank transfer (automatic),118.79,3277.35,Yes
CUST-03703,Female,0,No,No,41,Yes,No,Fiber optic,No,Yes,No,Yes,Yes,No,Month-to-month,No,Electronic check,94.9,3914.47,No
CUST-03704,Male,0,No,No,13,Yes,No,Fiber optic,No,No,No,Yes,No,No,Month-to-month,Yes,Electronic check,39.69,501.15,Yes
CUST-03705,Male,0,No,No,32,No,No phone service,DSL,No,No,No,Yes,No,Yes,Month-to-month,No,Mailed check,80.31,2548.0,No
CUST-03706,Male,0,No,Yes,35,No,No phone service,Fiber optic,No,No,No,No,Yes,No,Two year,Yes,Credit card (automatic),77.03,2710.6,No
CUST-03707,Female,0,No,No,3,Yes,Yes,Fiber optic,No,Yes,Yes,Yes,Yes,No,Month-to-month,Yes,Bank transfer (automatic),99.69,334.42,Yes
CUST-03708,Male,1,No,No,66,Yes,No,DSL,Yes,No,No,No,Yes,No,Month-to-month,Yes,Credit card (automatic),71.14,4645.97,No
CUST-03709,Female,0,No,No,47,Yes,No,No,No internet service,No internet service,No internet service,No internet service,No internet service,No internet service,Month-to-month,Yes,Mailed check,79.55,3748.15,No
CUST-03710,Male,0,Yes,No,14,Yes,No,Fiber optic,No,No,No,No,Yes,Yes,One year,Yes,Mailed check,98.74,1445.59,No
CUST-03711,Female,0,No,No,65,Yes,No,DSL,No,No,Yes,No,No,No,One year,No,Bank transfer (automatic),106.99,6961.6,No
CUST-03712,Male,0,No,No,50,Yes,No,Fiber optic,No,Yes,No,No,No,No,One year,Yes,Credit card (automatic),83.35,4162.51,No
CUST-03713,Male,0,Yes,No,50,No,No phone service,Fiber optic,No,No,No,Yes,No,No,One year,No,Electronic check,88.76,4429.58,No
CUST-03714,Female,0,No,No,68,Yes,Yes,No,No internet service,No internet service,No internet service,No internet service,No internet service,No internet service,One year,No,Electronic check,118.75,7984.35,No
CUST-03715,Male,0,Yes,No,30,Yes,No,DSL,Yes,Yes,No,No,No,No,Two year,No,Electronic check,87.75,2549.03,No
CUST-03716,Female,0,Yes,Yes,26,Yes,No,No,No internet service,No internet service,No internet service,No internet service,No internet service,No internet service,Month-to-month,Yes,Electronic check,21.25,595.72,No
CUST-03717,Female,0,Yes,No,45,Yes,Yes,Fiber optic,No,No,Yes,Yes,Yes,Yes,One year,No,Electronic check,49.02,2295.14,No
CUST-03718,Female,1,No,No,64,No,No phone service,Fiber optic,Yes,Yes,Yes,No,Yes,No,Month-to-month,Yes,Credit card (automatic),83.41,5410.17,No
CUST-03719,Male,0,No,No,59,Yes,Yes,DSL,No,Yes,No,No,Yes,No,Month-to-month,Yes,Credit card (automatic),93.95,5629.14,No
CUST-03720,Female,0,No,No,57,Yes,Yes,DSL,Yes,No,Yes,No,No,Yes,Two year,Yes,Bank transfer (automatic),109.85,6247.44,No
CUST-03721,Male,0,Yes,No,56,Yes,No,No,No internet service,No internet service,No internet service,No internet service,No internet service,No internet service,Two year,No,Bank transfer (automatic),19.6,1091.49,No
CUST-03722,Male,0,No,No,3,Yes,No,Fiber optic,No,No,Yes,Yes,No,No,Month-to-month,Yes,Electronic check,62.27,133.13,No
CUST-03723,Male,0,Yes,No,36,Yes,Yes,No,No internet service,No internet service,No internet service,No internet service,No internet service,No internet service,Month-to-month,Yes,Electronic check,81.81,2897.9,No
CUST-03724,Male,1,Yes,Yes,26,Yes,Yes,Fiber optic,No,No,Yes,Yes,No,Yes,One year,Yes,Electronic check,71.3,1888.29,No
CUST-03725,Female,1,Yes,No,27,Yes,No,Fiber optic,No,Yes,Yes,No,No,No,Two year,Yes,Electronic check,82.49,2196.08,No
CUST-03726,Male,0,No,No,62,Yes,No,No,No internet service,No internet service,No internet service,No internet service,No internet service,No internet service,One year,Yes,Bank transfer (automatic),62.4,3844.54,No
CUST-03727,Female,0,Yes,No,29,Yes,Yes,Fiber optic,Yes,No,Yes,No,Yes,Yes,One year,No,Electronic check,93.57,2699.77,Yes
CUST-03728,Male,0,No,No,61,Yes,No,Fiber optic,No,No,No,No,Yes,No,Month-to-month,Yes,Credit card (automatic),125.0,7666.18,Yes
CUST-03729,Female,0,No,No,66,Yes,No,No,No internet service,No internet service,No internet service,No internet service,No internet service,No internet service,Month-to-month,Yes,Mailed check,64.73,4272.85,No
CUST-03730,Male,0,Yes,No,33,Yes,Yes,DSL,No,Yes,No,No,No,Yes,Two year,No,Electronic check,58.59,1907.01,No
CUST-03731,Male,1,No,No,13,Yes,No,Fiber optic,Yes,No,No,No,Yes,No,Month-to-month,Yes,Credit card (automatic),94.44,1228.54,No
CUST-03732,Male,0,Yes,Yes,51,Yes,Yes,DSL,Yes,No,Yes,Yes,Yes,Yes,One year,Yes,Credit card (automatic),72.84,3755.27,No
CUST-03733,Female,0,Yes,No,63,Yes,Yes,No,No internet service,No internet service,No internet service,No internet service,No internet service,No internet service,Month-to-month,No,Electronic check,121.75,7643.03,Yes
CUST-03734,Male,0,Yes,Yes,30,Yes,No,No,No internet service,No internet service,No internet service,No internet service,No internet service,No internet service,Month-to-month,Yes,Credit card (automatic),63.74,1868.14,No
CUST-03735,Female,0,No,No,15,Yes,Yes,No,No internet service,No internet service,No internet service,No internet service,No internet service,No internet service,Month-to-month,No,Electronic check,91.29,1327.92,No
CUST-03736,Female,1,No,No,38,No,No phone service,Fiber optic,No,No,No,No,Yes,No,Month-to-month,Yes,Electronic check,66.79,2626.78,No
CUST-03737,Female,0,No,No,71,Yes,Yes,Fiber optic,No,No,No,No,No,Yes,One year,Yes,Electronic check,71.15,5017.87,No
CUST-03738,Male,0,No,No,38,Yes,No,DSL,No,No,No,No,Yes,Yes,Month-to-month,No,Bank transfer (automatic),43.64,1659.14,No
CUST-03739,Male,1,Yes,No,33,Yes,No,Fiber optic,No,No,No,No,Yes,No,Month-to-month,No,Electronic check,93.28,2993.25,No
CUST-03740,Male,0,No,No,32,Yes,No,No,No internet service,No internet service,No internet service,No internet service,No internet service,No internet service,Two year,Yes,Electronic check,31.16,1101.28,Yes
CUST-03741,Female,0,Yes,No,53,Yes,No,DSL,No,No,No,No,No,Yes,Month-to-month,Yes,Electronic check,74.1,3900.85,Yes
CUST-03742,Female,0,Yes,Yes,25,Yes,No,DSL,No,Yes,Yes,No,No,No,Month-to-month,No,Electronic check,107.5,2709.4,Yes
CUST-03743,Male,0,No,Yes,53,Yes,No,Fiber optic,No,No,No,Yes,No,No,Month-to-month,No,Electronic check,104.31,5524.23,No
CUST-03744,Female,0,Yes,No,72,Yes,No,Fiber optic,Yes,No,No,Yes,No,No,Month-to-month,No,Credit card (automatic),81.16,5810.36,No
CUST-03745,Female,0,Yes,No,56,Yes,Yes,Fiber optic,Yes,No,No,No,No,Yes,One year,Yes,Mailed check,125.0,7030.82,No
CUST-03746,Male,0,Yes,No,67,No,No phone service,Fiber optic,No,No,No,No,No,No,Two year,No,Bank transfer (automatic),59.33,3948.26,No
CUST-03747,Female,1,Yes,Yes,57,Yes,No,No,No internet service,No internet service,No internet service,No internet service,No internet service,No internet service,Two year,Yes,Bank transfer (automatic),117.89,6763.1,No
CUST-03748,Male,0,No,Yes,61,Yes,No,DSL,No,Yes,No,No,No,No,Month-to-month,No,Mailed check,52.62,3327.39,No
CUST-03749,Male,1,No,No,3,Yes,Yes,No,No internet service,No internet service,No internet service,No internet service,No internet service,No internet service,Two year,Yes,Credit card (automatic),85.35,295.24,Yes
CUST-03750,Male,1,No,No,26,Yes,No,Fiber optic,No,No,No,Yes,No,No,Month-to-month,No,Bank transfer (automatic),61.73,1567.21,No
CUST-03751,Male,0,Yes,Yes,20,No,No phone service,Fiber optic,Yes,No,No,No,No,Yes,Two year,No,Credit card (automatic),91.73,1824.54,No
CUST-03752,Male,0,No,Yes,63,Yes,Yes,DSL,Yes,No,No,No,No,Yes,Month-to-month,Yes,Bank transfer (automatic),111.07,6921.95,No
CUST-03753,Male,0,No,Yes,17,Yes,No,Fiber optic,No,No,No,No,Yes,No,Month-to-month,Yes,Electronic check,70.6,1097.12,Yes
CUST-03754,Female,0,No,No,70,Yes,Yes,No,No internet service,No internet service,No internet service,No internet service,No internet service,No internet service,Two year,Yes,Electronic check,114.56,7960.07,No
CUST-03755,Female,0,No,No,51,Yes,No,Fiber optic,No,No,Yes,No,Yes,No,Month-to-month,No,Mailed check,81.06,4136.66,No
CUST-03756,Female,0,No,No,9,Yes,No,DSL,Yes,No,Yes,Yes,Yes,No,Month-to-month,No,Credit card (automatic),52.31,485.92,Yes
CUST-03757,Male,0,No,No,50,Yes,No,DSL,Yes,No,No,No,No,Yes,Two year,Yes,Credit card (automatic),114.76,5752.29,No
CUST-03758,Male,0,No,No,25,No,No phone service,No,No internet service,No internet service,No internet service,No internet service,No internet service,No internet service,Two year,No,Mailed check,48.83,1242.57,Yes
CUST-03759,Female,0,Yes,No,22,Yes,Yes,Fiber optic,No,No,Yes,No,No,Yes,Month-to-month,No,Electronic check,33.25,738.5,No
CUST-03760,Male,0,Yes,No,72,Yes,No,DSL,Yes,Yes,Yes,No,No,No,Month-to-month,Yes,Electronic check,21.41,1577.66,No
CUST-03761,Female,0,No,No,58,Yes,No,No,No internet service,No internet service,No internet service,No internet service,No internet service,No internet service,Two year,Yes,Mailed check,88.05,5115.11,No
CUST-03762,Male,0,Yes,No,55,Yes,Yes,DSL,No,Yes,Yes,No,Yes,No,Month-to-month,No,Electronic check,45.56,2471.74,No
CUST-03763,Male,1,Yes,No,23,Yes,Yes,No,No internet service,No internet service,No internet service,No internet service,No internet service,No internet service,Month-to-month,Yes,Electronic check,64.31,1517.52,No
CUST-03764,Male,1,No,No,48,Yes,Yes,DSL,Yes,No,No,No,Yes,No,Month-to-month,Yes,Credit card (automatic),62.68,2958.39,No
CUST-03765,Female,0,Yes,No,25,Yes,No,DSL,No,No,No,No,Yes,Yes,Month-to-month,No,Bank transfer (automatic),110.79,2727.78,No
CUST-03766,Female,0,Yes,Yes,44,Yes,No,DSL,Yes,No,No,No,Yes,Yes,Month-to-month,Yes,Credit card (automatic),91.72,4128.27,No
CUST-03767,Male,0,No,No,29,No,No phone service,No,No internet service,No internet service,No internet service,No internet service,No internet service,No internet service,Month-to-month,No,Electronic check,91.76,2614.7,Yes
CUST-03768,Male,0,Yes,No,44,Yes,No,Fiber optic,No,No,No,Yes,No,No,Month-to-month,No,Bank transfer (automatic),99.74,4427.3,Yes
CUST-03769,Male,0,Yes,No,54,Yes,No,DSL,No,No,No,No,No,Yes,Month-to-month,No,Mailed check,62.58,3405.04,No
CUST-03770,Female,0,Yes,Yes,23,Yes,Yes,No,No internet service,No internet service,No internet service,No internet service,No internet service,No internet service,Month-to-month,No,Bank transfer (automatic),45.66,999.12,No
CUST-03771,Female,0,Yes,No,1,Yes,No,No,No internet service,No internet service,No internet service,No internet service,No internet service,No internet service,Month-to-month,Yes,Credit card (automatic),37.8,159.66,Yes
CUST-03772,Female,0,Yes,No,7,Yes,No,Fiber optic,No,Yes,No,Yes,Yes,No,One year,Yes,Electronic check,93.65,643.5,Yes
CUST-03773,Male,0,No,No,66,Yes,No,Fiber optic,No,Yes,No,No,No,No,Month-to-month,Yes,Bank transfer (automatic),72.23,4749.51,No
CUST-03774,Female,1,Yes,No,70,Yes,Yes,Fiber optic,Yes,No,No,No,No,No,Month-to-month,Yes,Mailed check,110.6,7726.28,No
CUST-03775,Female,0,Yes,Yes,50,Yes,Yes,DSL,Yes,Yes,No,Yes,No,No,Month-to-month,Yes,Mailed check,66.76,3358.86,No
CUST-03776,Female,0,No,Yes,8,Yes,No,No,No internet service,No internet service,No internet service,No internet service,No internet service,No internet service,Two year,Yes,Mailed check,86.53,660.96,No
CUST-03777,Male,1,Yes,No,43,Yes,Yes,Fiber optic,Yes,No,No,No,No,No,Month-to-month,No,Electronic check,125.0,5311.42,Yes
CUST-03778,Male,0,Yes,Yes,32,No,No phone service,No,No internet service,No internet service,No internet service,No internet service,No internet service,No internet service,Month-to-month,No,Electronic check,121.75,3926.12,No
CUST-03779,Male,0,Yes,No,18,Yes,No,No,No internet service,No internet service,No internet service,No internet service,No internet service,No internet service,Month-to-month,No,Credit card (automatic),68.61,1178.55,No
CUST-03780,Female,0,Yes,No,28,Yes,No,No,No internet service,No internet service,No internet service,No internet service,No internet service,No internet service,Month-to-month,Yes,Bank transfer (automatic),92.64,2528.37,Yes
CUST-03781,Female,1,Yes,No,57,Yes,No,No,No internet service,No internet service,No internet service,No internet service,No internet service,No internet service,Two year,No,Credit card (automatic),19.5,1082.76,No
CUST-03782,Female,0,Yes,Yes,72,Yes,No,No,No internet service,No internet service,No internet service,No internet service,No internet service,No internet service,Two year,Yes,Mailed check,38.0,2842.2,No
CUST-03783,Female,0,No,No,63,No,No phone service,Fiber optic,No,No,Yes,No,Yes,Yes,Month-to-month,No,Credit card (automatic),88.13,5533.79,No
CUST-03784,Male,0,No,No,15,Yes,No,No,No internet service,No internet service,No internet service,No internet service,No internet service,No internet service,Two year,Yes,Bank transfer (automatic),92.99,1469.85,Yes
CUST-03785,Male,0,No,Yes,37,Yes,Yes,No,No internet service,No internet service,No internet service,No internet service,No internet service,No internet service,Month-to-month,Yes,Credit card (automatic),55.56,2050.25,No
CUST-03786,Male,0,Yes,Yes,39,Yes,No,DSL,No,No,Yes,No,Yes,Yes,Two year,No,Mailed check,44.22,1728.3,No
CUST-03787,Female,0,No,No,22,Yes,No,Fiber optic,No,No,Yes,No,Yes,No,Month-to-month,No,Bank transfer (automatic),61.14,1355.17,Yes
CUST-03788,Female,0,No,Yes,32,Yes,Yes,Fiber optic,No,No,No,No,Yes,No,Month-to-month,Yes,Electronic check,108.8,3453.15,No
CUST-03789,Male,0,Yes,Yes,28,No,No phone service,DSL,Yes,No,No,No,No,Yes,Two year,Yes,Mailed check,73.52,2059.63,No
CUST-03790,Female,0,No,No,6,Yes,No,Fiber optic,No,No,No,Yes,No,No,Two year,Yes,Electronic check,91.86,575.75,Yes
CUST-03791,Female,0,No,No,30,Yes,Yes,DSL,No,Yes,No,No,No,Yes,Month-to-month,No,Electronic check,81.8,2463.23,No
CUST-03792,Female,0,Yes,Yes,27,Yes,No,DSL,No,No,No,No,Yes,Yes,Month-to-month,No,Mailed check,89.26,2381.29,No
CUST-03793,Female,0,No,No,23,Yes,Yes,Fiber optic,No,No,No,No,Yes,Yes,Month-to-month,Yes,Mailed check,84.67,1990.01,Yes
CUST-03794,Male,0,Yes,No,45,Yes,No,DSL,Yes,No,No,No,No,Yes,Month-to-month,No,Credit card (automatic),83.56,3673.11,No
CUST-03795,Male,1,Yes,No,52,Yes,Yes,Fiber optic,No,Yes,No,No,No,No,One year,No,Mailed check,92.06,4815.95,No
CUST-03796,Female,1,Yes,No,4,Yes,No,Fiber optic,No,Yes,Yes,Yes,No,No,Two year,Yes,Electronic check,30.25,139.63,No
CUST-03797,Male,0,Yes,Yes,25,Yes,No,DSL,Yes,Yes,Yes,Yes,No,Yes,Two year,No,Credit card (automatic),87.74,2197.18,No
CUST-03798,Female,0,No,Yes,3,Yes,Yes,DSL,Yes,Yes,Yes,Yes,No,No,Month-to-month,Yes,Electronic check,78.88,288.84,Yes
CUST-03799,Female,0,No,No,60,Yes,Yes,DSL,No,Yes,Yes,No,No,No,Month-to-month,No,Electronic check,74.97,4515.72,No
CUST-03800,Female,0,Yes,No,67,Yes,Yes,Fiber optic,Yes,Yes,No,No,No,No,Two year,Yes,Credit card (automatic),52.07,3361.02,No
CUST-03801,Male,0,No,No,34,Yes,Yes,Fiber optic,Yes,No,No,Yes,Yes,No,One year,Yes,Bank transfer (automatic),72.15,2489.65,Yes
CUST-03802,Male,1,No,No,69,Yes,No,Fiber optic,No,No,Yes,No,No,No,Month-to-month,Yes,Electronic check,80.98,5588.1,No
CUST-03803,Male,0,No,No,46,Yes,Yes,DSL,No,No,Yes,No,Yes,No,One year,Yes,Mailed check,18.25,845.21,No
CUST-03804,Female,0,No,No,63,Yes,Yes,Fiber optic,No,No,No,Yes,Yes,No,Two year,No,Electronic check,80.84,5104.05,No
CUST-03805,Female,1,No,No,69,Yes,No,No,No internet service,No internet service,No internet service,No internet service,No internet service,No internet service,Month-to-month,No,Mailed check,68.11,4704.16,No
CUST-03806,Male,0,No,No,43,No,No phone service,No,No internet service,No internet service,No internet service,No internet service,No internet service,No internet service,Month-to-month,No,Mailed check,85.65,3632.09,No
CUST-03807,Female,0,Yes,No,33,Yes,Yes,Fiber optic,No,No,Yes,Yes,Yes,Yes,Month-to-month,Yes,Bank transfer (automatic),76.21,2488.03,No
CUST-03808,Female,0,No,No,54,Yes,No,DSL,No,Yes,No,No,No,No,Month-to-month,Yes,Electronic check,64.96,3546.88,No
CUST-03809,Male,0,Yes,No,13,Yes,No,DSL,Yes,Yes,No,Yes,No,No,Month-to-month,No,Electronic check,71.58,929.25,Yes
CUST-03810,Male,1,Yes,No,22,Yes,No,Fiber optic,No,No,No,No,No,Yes,Two year,No,Mailed check,30.25,673.25,Yes
CUST-03811,Female,0,Yes,No,40,Yes,No,Fiber optic,No,No,No,Yes,No,No,One year,No,Bank transfer (automatic),61.37,2485.1,No
CUST-03812,Female,0,Yes,No,15,Yes,No,Fiber optic,No,Yes,No,No,No,Yes,Two year,Yes,Electronic check,85.24,1268.25,Yes
CUST-03813,Male,0,No,No,36,Yes,Yes,DSL,No,No,No,No,No,No,Two year,Yes,Mailed check,27.91,1054.08,No
CUST-03814,Female,1,No,No,62,Yes,No,No,No internet service,No internet service,No internet service,No internet service,No internet service,No internet service,Month-to-month,Yes,Credit card (automatic),68.06,4229.8,Yes
CUST-03815,Female,0,No,Yes,57,Yes,No,Fiber optic,No,Yes,No,No,No,No,Month-to-month,No,Electronic check,62.4,3506.77,No
CUST-03816,Female,0,No,No,65,Yes,Yes,No,No internet service,No internet service,No internet service,No internet service,No internet service,No internet service,One year,No,Electronic check,43.73,2827.62,No
CUST-03817,Female,0,Yes,No,62,Yes,Yes,No,No internet service,No internet service,No internet service,No internet service,No internet service,No internet service,Month-to-month,No,Mailed check,89.11,5506.99,No
CUST-03818,Male,1,No,No,24,Yes,Yes,Fiber optic,No,Yes,No,No,No,Yes,Month-to-month,No,Mailed check,45.25,1089.01,No
CUST-03819,Male,0,Yes,Yes,52,Yes,No,Fiber optic,No,Yes,No,No,No,No,Two year,Yes,Mailed check,65.33,3348.52,No
CUST-03820,Male,0,Yes,No,27,Yes,No,No,No internet service,No internet service,No internet service,No internet service,No internet service,No internet service,One year,Yes,Electronic check,18.88,590.4,No
CUST-03821,Female,1,No,No,70,Yes,Yes,DSL,No,No,No,No,No,No,Two year,No,Bank transfer (automatic),54.4,3845.27,No
CUST-03822,Female,0,No,Yes,13,Yes,No,DSL,No,Yes,Yes,No,Yes,Yes,One year,Yes,Electronic check,18.25,248.09,No
CUST-03823,Male,0,Yes,No,20,Yes,No,DSL,No,Yes,Yes,No,No,No,Month-to-month,No,Credit card (automatic),75.28,1510.07,No
CUST-03824,Female,0,Yes,No,68,Yes,Yes,Fiber optic,No,No,No,No,No,Yes,Month-to-month,No,Electronic check,115.66,7908.34,No
CUST-03825,Male,0,Yes,Yes,18,No,No phone service,Fiber optic,No,No,No,Yes,Yes,Yes,Month-to-month,No,Credit card (automatic),76.0,1299.28,No
CUST-03826,Male,0,No,Yes,45,No,No phone service,DSL,No,No,No,Yes,Yes,No,Month-to-month,No,Electronic check,76.28,3446.44,No
CUST-03827,Female,0,Yes,No,21,Yes,Yes,Fiber optic,No,No,No,No,Yes,No,Month-to-month,No,Credit card (automatic),59.2,1188.24,No
CUST-03828,Male,0,Yes,No,21,Yes,No,Fiber optic,No,No,Yes,No,Yes,Yes,Month-to-month,No,Mailed check,65.08,1407.17,Yes
CUST-03829,Male,0,No,No,49,Yes,Yes,No,No internet service,No internet service,No internet service,No internet service,No internet service,No internet service,Two year,Yes,Mailed check,83.42,4048.81,No
CUST-03830,Female,0,No,Yes,58,Yes,No,DSL,No,No,No,No,Yes,Yes,Two year,No,Credit card (automatic),42.67,2488.74,No
CUST-03831,Male,1,Yes,Yes,17,Yes,Yes,No,No internet service,No internet service,No internet service,No internet service,No internet service,No internet service,Month-to-month,Yes,Electronic check,43.91,833.89,No
CUST-03832,Female,0,No,No,71,No,No phone service,No,No internet service,No internet service,No internet service,No internet service,No internet service,No internet service,Month-to-month,No,Electronic check,21.25,1559.06,No
CUST-03833,Male,0,Yes,Yes,7,Yes,No,Fiber optic,No,No,No,No,Yes,No,Two year,Yes,Electronic check,48.56,294.08,Yes
CUST-03834,Male,0,Yes,No,8,Yes,No,Fiber optic,Yes,No,No,No,Yes,No,Month-to-month,No,Credit card (automatic),65.84,536.8,No
CUST-03835,Female,0,No,Yes,71,No,No phone service,DSL,No,No,No,No,No,No,Two year,No,Bank transfer (automatic),20.05,1426.73,No
CUST-03836,Male,0,Yes,No,4,Yes,No,Fiber optic,No,No,No,No,No,Yes,Month-to-month,Yes,Mailed check,79.56,315.84,Yes
CUST-03837,Female,0,Yes,No,23,Yes,Yes,No,No internet service,No internet service,No internet service,No internet service,No internet service,No internet service,Month-to-month,Yes,Mailed check,79.43,1902.2,No
CUST-03838,Male,0,No,No,9,Yes,No,DSL,No,No,No,Yes,No,Yes,One year,Yes,Credit card (automatic),44.11,394.35,No
CUST-03839,Male,0,No,Yes,17,Yes,No,No,No internet service,No internet service,No internet service,No internet service,No internet service,No internet service,Two year,Yes,Electronic check,67.91,1257.69,Yes
CUST-03840,Male,0,No,No,6,Yes,No,DSL,No,Yes,No,No,Yes,No,Month-to-month,Yes,Mailed check,55.82,306.17,Yes
CUST-03841,Male,1,No,No,26,Yes,No,No,No internet service,No internet service,No internet service,No internet service,No internet service,No internet service,Two year,Yes,Mailed check,111.82,2910.95,No
CUST-03842,Female,0,Yes,No,22,Yes,Yes,Fiber optic,No,No,Yes,No,No,No,Month-to-month,Yes,Electronic check,33.25,732.28,Yes
CUST-03843,Male,0,No,Yes,12,Yes,Yes,Fiber optic,Yes,Yes,Yes,Yes,No,No,Month-to-month,Yes,Mailed check,107.74,1305.85,Yes
CUST-03844,Female,0,Yes,Yes,52,Yes,Yes,No,No internet service,No internet service,No internet service,No internet service,No internet service,No internet service,Month-to-month,Yes,Bank transfer (automatic),81.11,4254.13,No
CUST-03845,Male,0,No,No,3,Yes,Yes,Fiber optic,No,Yes,Yes,No,Yes,No,Month-to-month,No,Bank transfer (automatic),51.22,212.7,Yes
CUST-03846,Female,0,Yes,No,35,Yes,No,DSL,No,Yes,Yes,No,No,No,Month-to-month,No,Credit card (automatic),69.05,2412.58,Yes
CUST-03847,Male,1,Yes,No,22,No,No phone service,Fiber optic,No,No,Yes,No,Yes,Yes,Two year,No,Electronic check,86.5,1894.52,No
CUST-03848,Female,1,Yes,No,47,No,No phone service,DSL,No,Yes,Yes,No,No,No,Month-to-month,Yes,Credit card (automatic),104.76,4920.93,No
CUST-03849,Male,0,No,No,25,Yes,Yes,No,No internet service,No internet service,No internet service,No internet service,No internet service,No internet service,Month-to-month,Yes,Credit card (automatic),78.65,2008.41,No
CUST-03850,Female,1,Yes,No,35,Yes,No,DSL,No,No,No,Yes,No,Yes,Month-to-month,Yes,Electronic check,21.25,688.93,No
CUST-03851,Male,0,No,No,59,No,No phone service,Fiber optic,No,No,Yes,Yes,No,No,One year,Yes,Credit card (automatic),82.59,4852.71,No
CUST-03852,Female,0,No,Yes,11,Yes,Yes,Fiber optic,No,No,No,No,No,No,Month-to-month,No,Mailed check,105.29,1239.68,No
CUST-03853,Female,0,No,Yes,32,Yes,No,Fiber optic,Yes,No,No,No,Yes,No,Two year,No,Bank transfer (automatic),125.0,3905.29,No
CUST-03854,Female,0,Yes,No,41,Yes,No,Fiber optic,No,No,Yes,Yes,No,No,Month-to-month,Yes,Credit card (automatic),58.97,2458.51,No
CUST-03855,Female,0,Yes,No,54,Yes,Yes,Fiber optic,No,Yes,Yes,No,Yes,Yes,One year,No,Electronic check,125.0,6803.81,No
CUST-03856,Male,1,No,No,39,Yes,Yes,Fiber optic,No,No,No,Yes,No,No,Month-to-month,Yes,Credit card (automatic),87.74,3464.95,No
CUST-03857,Female,0,No,Yes,53,Yes,Yes,DSL,Yes,No,No,No,Yes,Yes,Month-to-month,No,Bank transfer (automatic),21.25,1103.37,No
CUST-03858,Female,0,Yes,Yes,58,Yes,No,No,No internet service,No internet service,No internet service,No internet service,No internet service,No internet service,Two year,Yes,Credit card (automatic),116.41,6798.27,No
CUST-03859,Female,0,No,No,57,Yes,Yes,DSL,No,Yes,No,No,No,Yes,One year,Yes,Credit card (automatic),44.83,2583.0,Yes
CUST-03860,Female,0,Yes,No,45,Yes,No,No,No internet service,No internet service,No internet service,No internet service,No internet service,No internet service,Month-to-month,No,Electronic check,96.46,4366.75,No
CUST-03861,Male,1,Yes,No,67,Yes,Yes,Fiber optic,No,No,No,No,Yes,Yes,Month-to-month,No,Mailed check,53.13,3510.48,No
CUST-03862,Male,0,Yes,Yes,2,Yes,No,No,No internet service,No internet service,No internet service,No internet service,No internet service,No internet service,Month-to-month,Yes,Bank transfer (automatic),105.94,199.97,Yes
CUST-03863,Female,0,Yes,No,36,Yes,No,DSL,No,No,No,Yes,No,No,Month-to-month,Yes,Electronic check,79.87,2879.62,No
CUST-03864,Male,0,Yes,No,58,Yes,No,No,No internet service,No internet service,No internet service,No internet service,No internet service,No internet service,Month-to-month,Yes,Electronic check,53.3,3206.42,No
CUST-03865,Male,0,No,No,8,Yes,Yes,Fiber optic,No,No,No,Yes,Yes,No,Month-to-month,Yes,Mailed check,57.89,408.32,Yes
CUST-03866,Male,0,Yes,Yes,59,Yes,Yes,No,No internet service,No internet service,No internet service,No internet service,No internet service,No internet service,Month-to-month,Yes,Mailed check,51.47,3033.02,No
CUST-03867,Male,0,No,No,3,Yes,Yes,DSL,No,No,No,Yes,No,No,Month-to-month,Yes,Bank transfer (automatic),49.48,166.3,No
CUST-03868,Male,0,No,Yes,57,Yes,Yes,No,No internet service,No internet service,No internet service,No internet service,No internet service,No internet service,Two year,No,Bank transfer (automatic),20.42,1165.51,No
CUST-03869,Female,0,No,No,14,Yes,Yes,Fiber optic,No,No,Yes,No,No,No,One year,No,Credit card (automatic),44.81,634.76,No
CUST-03870,Male,0,Yes,Yes,49,Yes,Yes,No,No internet service,No internet service,No internet service,No internet service,No internet service,No internet service,One year,Yes,Bank transfer (automatic),118.75,5745.67,No
CUST-03871,Female,0,No,No,60,Yes,No,Fiber optic,Yes,Yes,No,No,No,No,Month-to-month,Yes,Electronic check,71.39,4296.07,No
CUST-03872,Female,0,Yes,Yes,59,No,No phone service,DSL,Yes,No,No,Yes,No,No,Month-to-month,No,Electronic check,79.48,4641.32,No
CUST-03873,Male,1,No,No,42,Yes,No,No,No internet service,No internet service,No internet service,No internet service,No internet service,No internet service,Month-to-month,Yes,Mailed check,54.07,2268.61,No
CUST-03874,Female,1,Yes,No,66,Yes,Yes,DSL,No,Yes,No,Yes,No,Yes,One year,No,Electronic check,102.97,6792.71,No
CUST-03875,Male,0,No,Yes,11,Yes,No,Fiber optic,No,No,Yes,Yes,No,No,Two year,Yes,Credit card (automatic),105.9,1225.63,No
CUST-03876,Male,0,Yes,Yes,18,Yes,No,DSL,No,Yes,No,No,Yes,Yes,Two year,Yes,Bank transfer (automatic),52.77,842.94,No
CUST-03877,Male,1,No,No,10,Yes,No,No,No internet service,No internet service,No internet service,No internet service,No internet service,No internet service,One year,Yes,Credit card (automatic),43.7,342.24,No
CUST-03878,Female,0,Yes,No,52,Yes,Yes,Fiber optic,No,No,No,Yes,No,No,One year,Yes,Electronic check,46.09,2368.03,No
CUST-03879,Female,0,Yes,No,65,No,No phone service,DSL,Yes,Yes,No,No,No,No,Month-to-month,No,Electronic check,47.49,3127.2,No
CUST-03880,Female,0,No,No,67,Yes,Yes,No,No internet service,No internet service,No internet service,No internet service,No internet service,No internet service,Month-to-month,No,Mailed check,88.44,5939.54,No
CUST-03881,Male,0,Yes,Yes,38,Yes,Yes,DSL,No,No,No,No,No,No,One year,Yes,Bank transfer (automatic),56.76,2156.34,Yes
CUST-03882,Female,0,No,No,10,No,No phone service,DSL,Yes,Yes,No,No,Yes,Yes,One year,Yes,Mailed check,43.78,499.27,No
CUST-03883,Male,0,No,Yes,13,Yes,Yes,No,No internet service,No internet service,No internet service,No internet service,No internet service,No internet service,Month-to-month,Yes,Electronic check,51.18,628.75,Yes
CUST-03884,Female,0,No,No,46,Yes,No,DSL,No,No,Yes,Yes,No,No,Two year,Yes,Mailed check,106.63,4879.59,No
CUST-03885,Female,1,No,No,65,Yes,No,DSL,No,No,Yes,No,No,No,Month-to-month,Yes,Mailed check,57.09,3735.45,No
CUST-03886,Female,0,No,No,72,Yes,No,Fiber optic,No,No,No,No,No,No,One year,Yes,Credit card (automatic),96.78,6983.99,No
CUST-03887,Female,0,No,Yes,52,Yes,No,DSL,No,Yes,Yes,Yes,No,No,Month-to-month,No,Bank transfer (automatic),81.59,4211.05,No
CUST-03888,Female,0,Yes,Yes,64,Yes,No,No,No internet service,No internet service,No internet service,No internet service,No internet service,No internet service,One year,No,Mailed check,72.59,4621.3,No
CUST-03889,Female,0,No,No,35,Yes,No,No,No internet service,No internet service,No internet service,No internet service,No internet service,No internet service,One year,No,Bank transfer (automatic),52.91,1817.3,No
CUST-03890,Male,0,No,No,15,Yes,No,No,No internet service,No internet service,No internet service,No internet service,No internet service,No internet service,Month-to-month,No,Bank transfer (automatic),110.97,1606.51,No
CUST-03891,Male,0,Yes,No,34,Yes,Yes,No,No internet service,No internet service,No internet service,No internet service,No internet service,No internet service,Two year,Yes,Mailed check,83.42,2811.05,No
CUST-03892,Male,0,Yes,No,8,Yes,Yes,No,No internet service,No internet service,No internet service,No internet service,No internet service,No internet service,Month-to-month,Yes,Credit card (automatic),67.05,445.74,No
CUST-03893,Female,0,Yes,Yes,49,Yes,Yes,DSL,Yes,No,No,Yes,No,No,One year,Yes,Electronic check,47.28,2310.2,Yes
CUST-03894,Female,0,No,No,24,Yes,No,Fiber optic,No,Yes,Yes,Yes,No,No,One year,Yes,Credit card (automatic),57.08,1361.51,No
CUST-03895,Male,0,Yes,No,25,Yes,No,No,No internet service,No internet service,No internet service,No internet service,No internet service,No internet service,Two year,Yes,Mailed check,105.28,2636.77,No
CUST-03896,Male,1,No,No,1,Yes,Yes,Fiber optic,No,Yes,Yes,No,No,No,Month-to-month,No,Mailed check,107.7,163.98,Yes
CUST-03897,Male,0,No,No,72,Yes,No,No,No internet service,No internet service,No internet service,No internet service,No internet service,No internet service,Month-to-month,No,Bank transfer (automatic),121.75,8760.34,No
CUST-03898,Female,0,No,Yes,31,Yes,No,No,No internet service,No internet service,No internet service,No internet service,No internet service,No internet service,Month-to-month,Yes,Mailed check,80.21,2447.73,Yes
CUST-03899,Female,0,Yes,No,57,Yes,Yes,DSL,No,No,No,Yes,Yes,Yes,Month-to-month,No,Mailed check,88.98,5060.28,No
CUST-03900,Male,0,No,No,38,Yes,No,Fiber optic,No,Yes,No,No,Yes,No,One year,No,Credit card (automatic),30.25,1103.82,No
CUST-03901,Male,0,No,No,47,No,No phone service,DSL,Yes,No,No,Yes,Yes,Yes,Month-to-month,No,Mailed check,89.78,4240.94,No
CUST-03902,Male,0,Yes,No,34,Yes,Yes,No,No internet service,No internet service,No internet service,No internet service,No internet service,No internet service,One year,Yes,Credit card (automatic),97.62,3354.83,No
CUST-03903,Male,0,Yes,No,50,Yes,Yes,No,No internet service,No internet service,No internet service,No internet service,No internet service,No internet service,One year,No,Credit card (automatic),112.8,5677.28,No
CUST-03904,Female,0,Yes,No,15,Yes,No,Fiber optic,No,No,No,No,No,Yes,Month-to-month,Yes,Mailed check,33.25,558.01,No
CUST-03905,Male,1,No,No,72,Yes,No,DSL,Yes,Yes,No,No,No,No,Two year,Yes,Credit card (automatic),19.15,1307.27,No
CUST-03906,Male,0,Yes,Yes,31,Yes,Yes,Fiber optic,No,No,No,No,No,No,Month-to-month,No,Bank transfer (automatic),101.62,3128.3,No
CUST-03907,Male,0,Yes,No,1,Yes,No,DSL,No,No,Yes,Yes,Yes,No,One year,No,Mailed check,75.59,194.84,No
CUST-03908,Male,1,Yes,No,69,Yes,Yes,Fiber optic,No,No,No,Yes,No,No,Two year,Yes,Electronic check,36.98,2597.57,No
CUST-03909,Female,0,Yes,No,2,Yes,Yes,No,No internet service,No internet service,No internet service,No internet service,No internet service,No internet service,One year,Yes,Credit card (automatic),82.68,188.39,No
CUST-03910,Male,0,Yes,No,35,Yes,No,Fiber optic,No,No,No,Yes,No,No,Month-to-month,Yes,Mailed check,75.9,2650.84,No
CUST-03911,Female,0,No,Yes,57,Yes,No,Fiber optic,No,No,Yes,No,Yes,Yes,Month-to-month,No,Mailed check,58.35,3381.89,No
CUST-03912,Male,0,Yes,No,27,No,No phone service,No,No internet service,No internet service,No internet service,No internet service,No internet service,No internet service,Month-to-month,No,Electronic check,42.43,1131.27,No
CUST-03913,Female,0,No,No,16,Yes,Yes,No,No internet service,No internet service,No internet service,No internet service,No internet service,No internet service,Month-to-month,No,Electronic check,47.99,743.04,Yes
CUST-03914,Male,0,Yes,No,18,Yes,Yes,DSL,No,Yes,No,No,No,Yes,Month-to-month,Yes,Electronic check,48.21,879.21,Yes
CUST-03915,Male,0,Yes,No,50,Yes,Yes,DSL,Yes,No,Yes,No,No,Yes,One year,No,Electronic check,19.94,992.25,No
CUST-03916,Female,0,No,No,42,Yes,No,DSL,No,No,No,Yes,Yes,Yes,Month-to-month,No,Bank transfer (automatic),121.75,5082.64,No
CUST-03917,Female,0,No,No,37,Yes,Yes,DSL,Yes,Yes,Yes,No,Yes,No,Month-to-month,No,Bank transfer (automatic),118.3,4350.19,No
CUST-03918,Male,1,No,No,38,Yes,Yes,DSL,Yes,Yes,No,Yes,No,Yes,Two year,Yes,Electronic check,102.5,3941.25,Yes
CUST-03919,Female,1,Yes,No,23,No,No phone service,Fiber optic,Yes,No,No,No,Yes,No,One year,Yes,Bank transfer (automatic),77.11,1843.21,No
CUST-03920,Male,0,No,No,68,Yes,No,Fiber optic,No,Yes,No,No,No,No,Month-to-month,No,Mailed check,58.52,4002.08,No
CUST-03921,Male,0,No,No,17,No,No phone service,DSL,Yes,No,No,Yes,No,No,One year,Yes,Electronic check,18.25,284.63,No
CUST-03922,Male,0,Yes,No,61,Yes,Yes,Fiber optic,No,Yes,No,No,No,No,Two year,No,Bank transfer (automatic),102.13,6223.85,No
CUST-03923,Female,0,No,No,56,Yes,Yes,Fiber optic,No,No,No,Yes,No,No,Month-to-month,No,Credit card (automatic),73.32,4061.76,No
CUST-03924,Female,0,Yes,Yes,1,Yes,No,DSL,Yes,No,Yes,No,No,Yes,Month-to-month,Yes,Mailed check,121.75,68.09,Yes
CUST-03925,Male,0,Yes,No,13,Yes,No,DSL,Yes,No,Yes,No,Yes,No,Month-to-month,No,Bank transfer (automatic),74.32,976.43,No
CUST-03926,Male,0,No,No,40,Yes,No,DSL,Yes,No,Yes,No,Yes,Yes,Month-to-month,No,Credit card (automatic),73.06,2917.31,No
CUST-03927,Male,0,No,No,12,Yes,No,Fiber optic,Yes,No,No,No,Yes,Yes,Month-to-month,No,Credit card (automatic),56.13,727.48,Yes
CUST-03928,Female,0,No,No,62,Yes,No,Fiber optic,No,Yes,No,No,No,No,One year,No,Mailed check,125.0,7786.5,No
CUST-03929,Male,0,No,No,32,Yes,No,DSL,No,No,Yes,Yes,No,No,One year,No,Electronic check,18.25,502.04,No
CUST-03930,Male,0,Yes,No,61,Yes,Yes,DSL,No,No,No,Yes,Yes,No,Month-to-month,No,Mailed check,72.28,4476.23,No
CUST-03931,Male,0,No,Yes,9,Yes,Yes,DSL,No,No,No,Yes,Yes,No,Month-to-month,Yes,Mailed check,49.18,423.2,Yes
CUST-03932,Female,0,No,Yes,2,Yes,Yes,DSL,No,No,Yes,No,No,No,Two year,No,Credit card (automatic),96.0,168.48,Yes
CUST-03933,Male,1,Yes,No,47,Yes,No,Fiber optic,No,Yes,No,Yes,No,No,Two year,Yes,Credit card (automatic),81.58,3824.66,No
CUST-03934,Male,0,Yes,No,58,Yes,Yes,Fiber optic,No,No,No,Yes,Yes,No,Month-to-month,Yes,Credit card (automatic),59.35,3437.99,No
CUST-03935,Female,0,No,Yes,72,Yes,Yes,Fiber optic,Yes,No,Yes,No,Yes,No,One year,No,Electronic check,88.5,6308.11,No
CUST-03936,Male,0,Yes,Yes,57,Yes,No,Fiber optic,Yes,No,No,No,No,No,One year,No,Bank transfer (automatic),119.01,6808.33,Yes
CUST-03937,Male,0,No,Yes,54,Yes,No,DSL,No,No,Yes,No,No,No,One year,Yes,Bank transfer (automatic),79.51,4270.41,Yes
CUST-03938,Female,0,No,Yes,5,Yes,Yes,DSL,No,No,Yes,Yes,Yes,No,One year,Yes,Bank transfer (automatic),88.56,391.94,Yes
CUST-03939,Male,0,No,No,44,Yes,No,Fiber optic,No,Yes,No,No,No,No,Month-to-month,Yes,Electronic check,115.52,5128.89,No
CUST-03940,Male,0,No,No,52,No,No phone service,Fiber optic,No,No,No,No,No,Yes,Two year,Yes,Credit card (automatic),70.31,3603.71,No
CUST-03941,Male,0,No,No,29,Yes,No,No,No internet service,No internet service,No internet service,No internet service,No internet service,No internet service,One year,Yes,Electronic check,118.75,3460.01,No
CUST-03942,Female,1,No,No,72,Yes,No,Fiber optic,Yes,Yes,Yes,Yes,No,No,One year,Yes,Electronic check,80.57,5780.41,No
CUST-03943,Male,1,Yes,Yes,72,Yes,No,Fiber optic,No,Yes,Yes,No,No,No,Two year,Yes,Credit card (automatic),79.29,5765.53,No
CUST-03944,Male,0,No,No,62,Yes,No,No,No internet service,No internet service,No internet service,No internet service,No internet service,No internet service,Month-to-month,Yes,Credit card (automatic),121.75,7577.68,No
CUST-03945,Female,0,No,No,64,Yes,No,Fiber optic,Yes,No,No,No,No,No,Month-to-month,No,Mailed check,77.63,5014.01,No
CUST-03946,Male,0,No,Yes,41,No,No phone service,No,No internet service,No internet service,No internet service,No internet service,No internet service,No internet service,Month-to-month,No,Mailed check,93.18,3730.56,Yes
CUST-03947,Female,0,No,Yes,60,Yes,No,DSL,No,No,Yes,No,No,Yes,One year,Yes,Electronic check,18.25,1069.02,No
CUST-03948,Female,0,No,No,6,Yes,No,DSL,Yes,No,No,No,No,No,Month-to-month,No,Credit card (automatic),30.8,175.45,Yes
CUST-03949,Male,0,No,Yes,17,Yes,No,Fiber optic,No,No,No,No,No,Yes,Two year,Yes,Mailed check,111.98,1918.3,No
CUST-03950,Female,0,No,Yes,48,Yes,No,Fiber optic,No,No,Yes,No,Yes,No,Month-to-month,Yes,Mailed check,65.64,3206.56,No
CUST-03951,Female,0,No,No,9,Yes,No,Fiber optic,No,No,Yes,No,No,Yes,Month-to-month,Yes,Mailed check,106.23,879.79,No
CUST-03952,Female,0,No,No,59,No,No phone service,Fiber optic,No,Yes,Yes,Yes,No,Yes,Two year,No,Electronic check,123.78,7314.75,No
CUST-03953,Male,0,Yes,Yes,13,Yes,No,Fiber optic,No,No,No,Yes,No,Yes,Two year,No,Mailed check,48.51,591.08,Yes
CUST-03954,Female,0,Yes,No,26,No,No phone service,Fiber optic,Yes,No,Yes,No,No,No,Two year,No,Electronic check,125.0,3238.72,No
CUST-03955,Male,0,No,Yes,19,Yes,Yes,DSL,Yes,No,No,No,No,Yes,Month-to-month,Yes,Credit card (automatic),44.38,794.62,No
CUST-03956,Male,0,Yes,No,39,Yes,No,Fiber optic,Yes,Yes,No,No,Yes,Yes,Two year,No,Electronic check,93.46,3765.55,Yes
CUST-03957,Male,0,Yes,No,6,Yes,No,Fiber optic,No,Yes,No,No,No,No,Month-to-month,Yes,Bank transfer (automatic),118.81,745.46,Yes
CUST-03958,Male,1,Yes,No,59,Yes,Yes,DSL,Yes,Yes,Yes,Yes,No,No,One year,Yes,Bank transfer (automatic),80.48,4738.44,No
CUST-03959,Female,0,No,No,64,Yes,No,DSL,No,Yes,No,Yes,No,No,Month-to-month,No,Electronic check,93.41,5948.34,No
CUST-03960,Female,1,No,No,54,Yes,Yes,Fiber optic,No,No,No,No,Yes,No,Month-to-month,Yes,Credit card (automatic),65.69,3578.64,No
CUST-03961,Male,0,No,No,14,Yes,No,No,No internet service,No internet service,No internet service,No internet service,No internet service,No internet service,Month-to-month,No,Bank transfer (automatic),62.47,864.79,No
CUST-03962,Male,0,No,No,21,Yes,Yes,DSL,No,Yes,Yes,No,No,No,Month-to-month,Yes,Bank transfer (automatic),84.35,1788.2,Yes
CUST-03963,Male,0,No,No,17,Yes,No,DSL,No,No,No,No,No,Yes,Month-to-month,Yes,Bank transfer (automatic),93.38,1601.61,Yes
CUST-03964,Female,0,Yes,No,44,Yes,No,DSL,No,Yes,No,Yes,No,Yes,Month-to-month,No,Bank transfer (automatic),34.25,1485.47,No
CUST-03965,Female,0,Yes,No,64,Yes,No,DSL,No,No,No,Yes,Yes,No,Month-to-month,Yes,Electronic check,88.86,5714.5,No
CUST-03966,Male,0,Yes,Yes,64,Yes,Yes,Fiber optic,Yes,Yes,No,Yes,Yes,No,Month-to-month,Yes,Mailed check,69.34,4408.43,No
CUST-03967,Male,0,Yes,No,69,Yes,No,DSL,Yes,No,Yes,Yes,No,No,Month-to-month,Yes,Credit card (automatic),51.97,3535.21,No
CUST-03968,Female,0,No,Yes,50,Yes,No,Fiber optic,Yes,No,Yes,No,Yes,No,Two year,No,Electronic check,120.56,6039.25,No
CUST-03969,Male,1,Yes,No,16,Yes,Yes,No,No internet service,No internet service,No internet service,No internet service,No internet service,No internet service,Two year,No,Mailed check,64.21,1073.03,No
CUST-03970,Male,1,No,No,29,Yes,Yes,Fiber optic,Yes,Yes,No,No,No,Yes,One year,No,Credit card (automatic),81.28,2299.15,No
CUST-03971,Female,0,No,No,22,Yes,No,Fiber optic,Yes,No,No,Yes,No,Yes,One year,Yes,Bank transfer (automatic),97.01,2236.45,No
CUST-03972,Male,0,Yes,Yes,5,Yes,Yes,No,No internet service,No internet service,No internet service,No internet service,No internet service,No internet service,Month-to-month,No,Mailed check,91.13,407.55,Yes
CUST-03973,Female,1,No,No,58,Yes,Yes,Fiber optic,No,Yes,Yes,Yes,No,No,One year,No,Electronic check,81.05,4714.43,No
CUST-03974,Female,0,No,No,42,Yes,No,DSL,Yes,No,No,Yes,Yes,Yes,Two year,No,Electronic check,69.94,3044.46,No
CUST-03975,Female,0,No,No,70,Yes,No,DSL,No,Yes,No,Yes,No,No,One year,Yes,Credit card (automatic),46.59,3201.46,No
CUST-03976,Male,0,No,No,61,Yes,No,No,No internet service,No internet service,No internet service,No internet service,No internet service,No internet service,Month-to-month,Yes,Credit card (automatic),78.86,4759.57,No
CUST-03977,Male,0,No,Yes,47,Yes,No,No,No internet service,No internet service,No internet service,No internet service,No internet service,No internet service,Month-to-month,Yes,Bank transfer (automatic),82.28,3928.79,No
CUST-03978,Male,0,No,No,4,Yes,No,DSL,No,No,No,No,Yes,No,One year,Yes,Credit card (automatic),100.18,471.98,No
CUST-03979,Male,0,No,No,32,Yes,Yes,Fiber optic,No,No,No,No,No,No,Month-to-month,Yes,Mailed check,119.96,3761.94,No
CUST-03980,Female,0,Yes,Yes,35,Yes,Yes,DSL,Yes,No,No,No,No,No,Month-to-month,Yes,Electronic check,53.66,1844.63,Yes
CUST-03981,Female,0,No,No,49,Yes,Yes,DSL,Yes,Yes,Yes,Yes,No,No,Two year,Yes,Electronic check,101.37,4946.14,No
CUST-03982,Female,0,No,No,41,Yes,No,No,No internet service,No internet service,No internet service,No internet service,No internet service,No internet service,One year,Yes,Bank transfer (automatic),38.38,1547.69,No
CUST-03983,Male,0,Yes,No,57,Yes,No,Fiber optic,No,Yes,Yes,No,No,No,Month-to-month,Yes,Mailed check,93.0,5318.63,No
CUST-03984,Male,0,Yes,No,2,Yes,No,DSL,No,No,No,Yes,No,Yes,Month-to-month,Yes,Credit card (automatic),108.46,222.55,Yes
CUST-03985,Male,1,Yes,Yes,9,Yes,No,Fiber optic,Yes,Yes,Yes,No,Yes,Yes,Month-to-month,Yes,Electronic check,124.27,1049.84,Yes
CUST-03986,Female,1,Yes,No,69,Yes,Yes,No,No internet service,No internet service,No internet service,No internet service,No internet service,No internet service,Two year,Yes,Credit card (automatic),86.21,6012.36,No
CUST-03987,Female,0,Yes,No,32,No,No phone service,No,No internet service,No internet service,No internet service,No internet service,No internet service,No internet service,Month-to-month,Yes,Credit card (automatic),107.76,3387.81,No
CUST-03988,Female,0,Yes,No,60,Yes,Yes,Fiber optic,Yes,No,No,No,No,No,Two year,No,Credit card (automatic),94.35,5687.94,No
CUST-03989,Female,0,No,No,62,Yes,Yes,No,No internet service,No internet service,No internet service,No internet service,No internet service,No internet service,Month-to-month,Yes,Credit card (automatic),58.6,3528.06,No
CUST-03990,Female,0,No,No,9,Yes,Yes,Fiber optic,Yes,No,No,No,No,No,Two year,No,Mailed check,118.93,1024.11,Yes
CUST-03991,Male,0,No,No,51,Yes,Yes,No,No internet service,No internet service,No internet service,No internet service,No internet service,No internet service,Month-to-month,No,Bank transfer (automatic),21.25,1035.49,No
CUST-03992,Male,0,Yes,No,13,Yes,Yes,Fiber optic,No,No,Yes,No,No,No,Month-to-month,No,Bank transfer (automatic),101.57,1416.0,Yes
CUST-03993,Female,0,No,No,12,Yes,No,Fiber optic,Yes,Yes,No,No,No,Yes,Two year,No,Credit card (automatic),69.18,801.83,Yes
CUST-03994,Female,0,Yes,No,18,Yes,No,No,No internet service,No internet service,No internet service,No internet service,No internet service,No internet service,Month-to-month,Yes,Bank transfer (automatic),73.67,1344.64,No
CUST-03995,Male,1,Yes,No,55,Yes,No,Fiber optic,No,Yes,No,Yes,No,No,Month-to-month,Yes,Mailed check,125.0,6910.09,No
CUST-03996,Female,0,No,No,7,Yes,Yes,Fiber optic,Yes,No,No,No,Yes,Yes,Month-to-month,Yes,Credit card (automatic),104.43,759.99,Yes
CUST-03997,Female,0,No,No,49,Yes,No,No,No internet service,No internet service,No internet service,No internet service,No internet service,No internet service,Month-to-month,Yes,Mailed check,55.19,2681.8,No
CUST-03998,Male,0,No,No,28,Yes,No,No,No internet service,No internet service,No internet service,No internet service,No internet service,No internet service,Two year,Yes,Electronic check,18.25,496.09,No
CUST-03999,Male,0,No,No,20,Yes,No,Fiber optic,Yes,No,No,No,No,No,Month-to-month,No,Electronic check,60.7,1244.21,No
CUST-04000,Male,0,No,No,18,Yes,No,Fiber optic,No,No,No,No,No,Yes,Two year,No,Mailed check,110.26,1993.06,No
CUST-04001,Female,0,No,No,25,Yes,No,No,No internet service,No internet service,No internet service,No internet service,No internet service,No internet service,One year,Yes,Credit card (automatic),55.84,1470.69,No
CUST-04002,Male,0,No,No,26,Yes,No,Fiber optic,Yes,No,No,No,No,No,Month-to-month,Yes,Credit card (automatic),81.34,2010.73,No
CUST-04003,Female,0,Yes,Yes,23,Yes,No,Fiber optic,No,Yes,Yes,No,No,Yes,Month-to-month,No,Mailed check,76.22,1802.91,Yes
CUST-04004,Female,0,Yes,Yes,38,Yes,Yes,DSL,No,No,Yes,Yes,No,Yes,Two year,No,Electronic check,41.91,1604.01,No
CUST-04005,Male,0,No,No,72,No,No phone service,DSL,No,No,Yes,Yes,Yes,Yes,One year,No,Bank transfer (automatic),118.75,8631.75,No
CUST-04006,Male,0,No,Yes,33,Yes,No,DSL,Yes,No,Yes,Yes,Yes,No,Two year,Yes,Credit card (automatic),76.47,2630.0,No
CUST-04007,Female,0,Yes,No,14,Yes,No,Fiber optic,Yes,No,No,Yes,No,No,Two year,Yes,Electronic check,94.91,1325.75,Yes
CUST-04008,Male,0,Yes,Yes,45,No,No phone service,Fiber optic,No,Yes,No,No,No,No,Month-to-month,No,Mailed check,125.0,5645.57,No
CUST-04009,Female,0,Yes,Yes,60,Yes,No,DSL,Yes,No,Yes,No,No,Yes,One year,No,Credit card (automatic),64.73,3867.02,No
CUST-04010,Female,0,No,No,44,Yes,Yes,DSL,Yes,Yes,No,No,No,Yes,Month-to-month,No,Mailed check,59.37,2660.03,No
CUST-04011,Female,0,Yes,No,39,Yes,No,Fiber optic,Yes,No,Yes,No,No,No,Two year,No,Bank transfer (automatic),83.78,3316.22,No
CUST-04012,Male,0,No,No,49,Yes,No,DSL,Yes,No,No,No,No,Yes,Month-to-month,No,Electronic check,32.37,1571.79,Yes
CUST-04013,Male,0,Yes,No,64,Yes,Yes,No,No internet service,No internet service,No internet service,No internet service,No internet service,No internet service,Month-to-month,Yes,Mailed check,79.6,5129.56,No
CUST-04014,Female,1,Yes,Yes,6,No,No phone service,DSL,Yes,Yes,Yes,No,No,Yes,Month-to-month,No,Electronic check,71.45,426.19,No
CUST-04015,Female,0,Yes,Yes,71,Yes,No,No,No internet service,No internet service,No internet service,No internet service,No internet service,No internet service,One year,Yes,Electronic check,63.67,4483.14,No
CUST-04016,Female,0,No,No,65,Yes,No,Fiber optic,Yes,No,No,No,No,Yes,Two year,No,Credit card (automatic),114.44,7452.7,No
CUST-04017,Female,0,Yes,No,70,Yes,No,No,No internet service,No internet service,No internet service,No internet service,No internet service,No internet service,Month-to-month,No,Credit card (automatic),78.98,5554.59,No
CUST-04018,Female,0,Yes,No,36,Yes,Yes,Fiber optic,No,No,Yes,No,Yes,No,Two year,Yes,Mailed check,91.61,3326.86,No
CUST-04019,Female,1,No,No,62,Yes,Yes,No,No internet service,No internet service,No internet service,No internet service,No internet service,No internet service,Month-to-month,Yes,Mailed check,83.8,5156.15,No
CUST-04020,Male,0,No,No,6,No,No phone service,Fiber optic,No,No,Yes,No,Yes,No,Two year,No,Credit card (automatic),94.85,560.28,No
CUST-04021,Female,0,Yes,No,30,Yes,Yes,Fiber optic,No,Yes,No,Yes,No,Yes,Month-to-month,No,Mailed check,77.53,2253.63,No
CUST-04022,Female,1,No,Yes,64,Yes,No,DSL,No,Yes,Yes,Yes,No,No,Month-to-month,No,Mailed check,26.65,1712.76,No
CUST-04023,Male,0,Yes,Yes,20,Yes,No,Fiber optic,Yes,No,No,No,No,No,Month-to-month,Yes,Electronic check,59.78,1200.42,Yes
CUST-04024,Female,0,No,Yes,55,Yes,Yes,DSL,No,No,Yes,No,Yes,No,Month-to-month,Yes,Mailed check,64.08,3461.39,No
CUST-04025,Female,0,Yes,No,24,Yes,No,No,No internet service,No internet service,No internet service,No internet service,No internet service,No internet service,Two year,Yes,Credit card (automatic),90.06,2097.12,Yes
CUST-04026,Female,0,No,No,43,Yes,No,Fiber optic,No,Yes,No,Yes,Yes,Yes,One year,Yes,Mailed check,94.2,4077.25,No
CUST-04027,Female,0,No,Yes,48,Yes,Yes,Fiber optic,No,No,No,No,Yes,No,Two year,Yes,Electronic check,122.31,5929.32,Yes
CUST-04028,Female,0,No,Yes,64,Yes,No,DSL,No,No,No,No,Yes,No,Month-to-month,Yes,Electronic check,74.79,4749.51,No
CUST-04029,Male,1,No,Yes,25,Yes,Yes,DSL,No,No,No,No,No,Yes,Month-to-month,No,Bank transfer (automatic),121.75,3038.19,No
CUST-04030,Female,0,Yes,No,57,Yes,No,Fiber optic,Yes,No,No,Yes,Yes,Yes,Month-to-month,Yes,Bank transfer (automatic),121.63,6866.14,No
CUST-04031,Male,0,No,No,32,Yes,No,Fiber optic,No,Yes,No,No,No,Yes,Two year,No,Electronic check,60.9,1989.53,No
CUST-04032,Male,0,Yes,No,29,Yes,Yes,Fiber optic,No,Yes,No,Yes,No,No,Month-to-month,Yes,Mailed check,81.01,2416.68,No
CUST-04033,Female,0,Yes,No,6,Yes,No,No,No internet service,No internet service,No internet service,No internet service,No internet service,No internet service,One year,Yes,Electronic check,55.62,282.78,No
CUST-04034,Female,1,No,Yes,6,Yes,No,DSL,Yes,Yes,No,No,No,Yes,Month-to-month,Yes,Electronic check,93.31,496.47,Yes
CUST-04035,Female,0,No,No,56,Yes,No,Fiber optic,Yes,No,No,Yes,No,Yes,Month-to-month,No,Electronic check,102.21,5714.86,No
CUST-04036,Female,0,No,No,8,Yes,No,DSL,Yes,No,Yes,No,No,No,One year,Yes,Mailed check,90.76,735.4,Yes
CUST-04037,Male,1,No,Yes,9,Yes,No,Fiber optic,No,No,Yes,No,Yes,No,Month-to-month,Yes,Credit card (automatic),33.25,241.66,Yes
CUST-04038,Male,1,No,No,14,Yes,No,Fiber optic,No,No,No,No,Yes,Yes,Two year,Yes,Credit card (automatic),59.02,771.27,No
CUST-04039,Female,1,No,No,25,No,No phone service,Fiber optic,No,Yes,No,No,Yes,No,Month-to-month,Yes,Electronic check,55.73,1440.21,No
CUST-04040,Female,0,No,Yes,12,Yes,Yes,Fiber optic,No,No,No,Yes,Yes,Yes,Month-to-month,No,Electronic check,87.83,978.45,No
CUST-04041,Female,0,No,No,43,Yes,Yes,DSL,Yes,No,No,Yes,Yes,No,Two year,No,Mailed check,39.27,1620.29,No
CUST-04042,Male,0,Yes,No,60,Yes,No,DSL,No,No,Yes,No,Yes,Yes,Two year,No,Electronic check,51.52,3084.02,Yes
CUST-04043,Male,0,No,No,39,Yes,No,DSL,No,No,No,No,Yes,No,Month-to-month,No,Bank transfer (automatic),35.43,1465.51,No
CUST-04044,Female,1,No,No,48,Yes,No,Fiber optic,No,Yes,No,Yes,Yes,No,Month-to-month,No,Bank transfer (automatic),89.77,4285.96,No
CUST-04045,Female,0,No,Yes,65,Yes,No,DSL,No,No,No,No,No,No,Month-to-month,No,Bank transfer (automatic),121.75,7860.3,No
CUST-04046,Female,0,Yes,No,65,Yes,No,Fiber optic,No,No,Yes,No,Yes,No,Month-to-month,No,Credit card (automatic),107.73,7026.4,No
CUST-04047,Female,1,Yes,Yes,48,Yes,Yes,Fiber optic,No,No,No,No,No,No,Month-to-month,No,Electronic check,115.85,5611.51,Yes
CUST-04048,Female,1,Yes,Yes,5,Yes,No,Fiber optic,Yes,No,Yes,No,No,No,Two year,Yes,Bank transfer (automatic),125.0,686.44,Yes
CUST-04049,Female,0,Yes,Yes,57,Yes,No,Fiber optic,No,Yes,No,No,No,Yes,Two year,No,Bank transfer (automatic),106.56,6091.09,No
CUST-04050,Female,1,No,No,55,Yes,No,No,No internet service,No internet service,No internet service,No internet service,No internet service,No internet service,Two year,Yes,Bank transfer (automatic),84.8,4690.83,No
CUST-04051,Female,0,Yes,No,22,Yes,No,No,No internet service,No internet service,No internet service,No internet service,No internet service,No internet service,Two year,Yes,Electronic check,18.25,429.2,No
CUST-04052,Female,0,Yes,No,12,No,No phone service,Fiber optic,Yes,Yes,No,No,No,No,One year,Yes,Electronic check,111.59,1348.45,No
CUST-04053,Male,0,No,No,10,Yes,No,No,No internet service,No internet service,No internet service,No internet service,No internet service,No internet service,Month-to-month,Yes,Bank transfer (automatic),58.33,665.72,No
CUST-04054,Male,1,Yes,No,20,Yes,Yes,No,No internet service,No internet service,No internet service,No internet service,No internet service,No internet service,Month-to-month,No,Electronic check,85.34,1709.97,No
CUST-04055,Female,1,Yes,No,54,Yes,No,DSL,Yes,No,Yes,No,No,No,One year,Yes,Credit card (automatic),93.14,5026.25,No
CUST-04056,Female,0,No,No,69,Yes,No,Fiber optic,Yes,Yes,No,No,Yes,No,One year,Yes,Credit card (automatic),76.24,5300.03,No
CUST-04057,Male,0,No,Yes,12,Yes,Yes,Fiber optic,Yes,Yes,No,No,No,No,Month-to-month,Yes,Credit card (automatic),88.1,1066.82,Yes
CUST-04058,Male,0,No,Yes,30,Yes,Yes,No,No internet service,No internet service,No internet service,No internet service,No internet service,No internet service,One year,Yes,Bank transfer (automatic),22.2,753.26,No
CUST-04059,Female,0,No,No,61,Yes,Yes,No,No internet service,No internet service,No internet service,No internet service,No internet service,No internet service,One year,Yes,Credit card (automatic),35.71,2267.93,No
CUST-04060,Male,1,No,No,7,Yes,No,Fiber optic,No,No,Yes,No,No,No,Month-to-month,Yes,Credit card (automatic),85.36,554.86,Yes
CUST-04061,Female,0,Yes,Yes,68,Yes,Yes,Fiber optic,No,No,No,Yes,No,No,Month-to-month,Yes,Bank transfer (automatic),33.25,2297.74,No
CUST-04062,Female,0,No,No,2,Yes,No,Fiber optic,No,Yes,No,Yes,No,No,Month-to-month,Yes,Mailed check,125.0,252.05,Yes
CUST-04063,Male,0,No,No,21,Yes,No,Fiber optic,Yes,No,No,Yes,No,No,Month-to-month,Yes,Credit card (automatic),80.29,1701.4,No
CUST-04064,Male,0,No,No,3,Yes,Yes,Fiber optic,No,No,No,No,Yes,Yes,Month-to-month,Yes,Electronic check,95.05,337.99,No
CUST-04065,Male,0,Yes,Yes,55,Yes,No,Fiber optic,No,No,No,Yes,No,Yes,Month-to-month,Yes,Mailed check,39.31,2149.76,No
CUST-04066,Female,1,Yes,Yes,31,No,No phone service,No,No internet service,No internet service,No internet service,No internet service,No internet service,No internet service,Month-to-month,Yes,Electronic check,51.17,1549.68,No
CUST-04067,Male,0,Yes,No,32,Yes,No,Fiber optic,No,No,No,No,No,Yes,Month-to-month,Yes,Mailed check,74.8,2367.62,Yes
CUST-04068,Female,0,No,No,40,Yes,Yes,DSL,No,Yes,No,No,No,No,Month-to-month,Yes,Bank transfer (automatic),21.25,843.46,No
CUST-04069,Male,0,No,No,22,Yes,No,DSL,Yes,No,Yes,No,No,No,Month-to-month,No,Mailed check,82.7,1729.27,Yes
CUST-04070,Female,1,Yes,Yes,55,Yes,No,Fiber optic,Yes,Yes,No,No,No,Yes,One year,No,Electronic check,117.39,6440.26,No
CUST-04071,Female,0,No,Yes,32,Yes,No,Fiber optic,No,No,No,Yes,No,Yes,Month-to-month,Yes,Electronic check,84.16,2692.27,No
CUST-04072,Male,0,No,No,58,Yes,Yes,Fiber optic,Yes,Yes,Yes,No,No,Yes,Month-to-month,No,Electronic check,87.51,5115.81,No
CUST-04073,Male,0,No,Yes,47,Yes,No,Fiber optic,No,No,Yes,No,No,No,Month-to-month,No,Electronic check,78.56,3664.91,Yes
CUST-04074,Male,1,Yes,No,49,No,No phone service,No,No internet service,No internet service,No internet service,No internet service,No internet service,No internet service,Month-to-month,Yes,Electronic check,47.74,2357.6,Yes
CUST-04075,Female,0,No,No,72,Yes,No,No,No internet service,No internet service,No internet service,No internet service,No internet service,No internet service,Month-to-month,Yes,Mailed check,73.62,5303.74,No
CUST-04076,Female,0,No,No,37,Yes,No,Fiber optic,No,Yes,No,Yes,Yes,No,Month-to-month,Yes,Electronic check,87.99,3293.67,No
CUST-04077,Male,0,No,Yes,22,Yes,Yes,Fiber optic,Yes,No,No,No,No,No,Month-to-month,Yes,Mailed check,101.14,2277.4,Yes
CUST-04078,Male,0,No,No,53,Yes,No,Fiber optic,Yes,Yes,No,Yes,No,No,Month-to-month,Yes,Mailed check,59.62,3140.87,No
CUST-04079,Female,1,No,No,51,Yes,Yes,Fiber optic,No,No,No,No,No,Yes,One year,Yes,Credit card (automatic),81.11,4189.11,No
CUST-04080,Male,1,Yes,No,35,Yes,No,DSL,No,No,Yes,Yes,No,Yes,Month-to-month,No,Mailed check,56.39,2017.68,No
CUST-04081,Male,0,No,No,25,Yes,No,Fiber optic,No,Yes,Yes,Yes,Yes,No,Month-to-month,No,Bank transfer (automatic),74.61,1850.02,No
CUST-04082,Female,0,Yes,No,67,Yes,No,Fiber optic,No,No,Yes,No,No,No,Month-to-month,No,Mailed check,94.06,6349.76,No
CUST-04083,Male,1,No,Yes,19,Yes,No,Fiber optic,No,No,No,No,No,Yes,Month-to-month,Yes,Bank transfer (automatic),33.25,643.3,Yes
CUST-04084,Male,1,No,No,6,Yes,No,Fiber optic,Yes,No,No,No,No,No,Month-to-month,Yes,Electronic check,114.86,721.21,Yes
CUST-04085,Male,0,No,No,46,Yes,Yes,DSL,Yes,Yes,No,No,Yes,Yes,Two year,Yes,Credit card (automatic),78.7,3646.02,Yes
CUST-04086,Male,0,No,No,6,Yes,No,DSL,Yes,No,Yes,No,Yes,Yes,Month-to-month,Yes,Electronic check,112.05,648.73,Yes
CUST-04087,Female,0,Yes,No,55,Yes,No,No,No internet service,No internet service,No internet service,No internet service,No internet service,No internet service,Two year,No,Mailed check,18.25,976.22,No
CUST-04088,Male,1,Yes,No,61,Yes,No,Fiber optic,Yes,Yes,Yes,Yes,No,No,Month-to-month,No,Bank transfer (automatic),110.32,6788.75,No
CUST-04089,Male,0,No,Yes,52,Yes,Yes,DSL,No,No,No,No,No,No,Month-to-month,Yes,Mailed check,42.55,2192.0,No
CUST-04090,Male,0,Yes,Yes,18,Yes,Yes,Fiber optic,No,No,No,No,No,No,Month-to-month,No,Electronic check,110.01,1889.72,Yes
CUST-04091,Male,0,Yes,No,68,Yes,No,DSL,Yes,Yes,No,No,No,No,One year,Yes,Mailed check,93.85,6349.79,No
CUST-04092,Female,0,No,No,7,Yes,Yes,Fiber optic,No,No,No,No,No,No,Two year,No,Mailed check,125.0,930.28,Yes
CUST-04093,Female,0,Yes,Yes,8,Yes,Yes,DSL,No,No,Yes,No,Yes,No,One year,Yes,Mailed check,81.68,719.33,No
CUST-04094,Female,0,Yes,No,22,Yes,Yes,No,No internet service,No internet service,No internet service,No internet service,No internet service,No internet service,Month-to-month,Yes,Electronic check,21.25,518.79,No
CUST-04095,Male,0,Yes,No,39,Yes,No,DSL,Yes,No,No,No,No,No,One year,Yes,Mailed check,54.43,2105.2,No
CUST-04096,Male,0,No,No,52,Yes,No,Fiber optic,No,No,No,No,Yes,Yes,Month-to-month,No,Electronic check,97.15,5036.72,Yes
CUST-04097,Male,0,Yes,Yes,21,Yes,Yes,Fiber optic,Yes,Yes,No,No,No,No,One year,No,Electronic check,83.86,1778.6,No
CUST-04098,Female,1,No,Yes,66,Yes,No,DSL,Yes,No,Yes,No,No,Yes,Month-to-month,Yes,Bank transfer (automatic),39.83,2655.44,No
CUST-04099,Male,0,No,No,59,No,No phone service,DSL,No,No,Yes,No,No,Yes,Two year,Yes,Electronic check,90.38,5241.48,No
CUST-04100,Female,0,Yes,No,17,Yes,Yes,DSL,No,No,No,No,No,No,Two year,Yes,Electronic check,118.75,1978.4,No
CUST-04101,Female,0,No,Yes,5,Yes,No,DSL,No,No,No,Yes,No,No,Month-to-month,No,Mailed check,75.77,383.73,No
CUST-04102,Male,0,Yes,No,51,No,No phone service,Fiber optic,Yes,No,Yes,No,No,No,Month-to-month,Yes,Electronic check,117.59,5984.38,Yes
CUST-04103,Female,0,No,No,13,Yes,Yes,No,No internet service,No internet service,No internet service,No internet service,No internet service,No internet service,Month-to-month,No,Electronic check,82.46,1036.54,No
CUST-04104,Female,0,Yes,No,21,Yes,No,Fiber optic,Yes,Yes,Yes,Yes,No,No,Two year,Yes,Electronic check,56.13,1198.74,Yes
CUST-04105,Female,1,Yes,No,56,Yes,Yes,Fiber optic,Yes,No,No,No,No,No,Month-to-month,No,Mailed check,43.94,2435.6,No
CUST-04106,Female,1,Yes,No,14,Yes,Yes,Fiber optic,Yes,No,No,Yes,No,No,Month-to-month,Yes,Bank transfer (automatic),91.48,1196.46,Yes
CUST-04107,Female,0,Yes,No,26,Yes,No,DSL,Yes,No,No,No,Yes,No,One year,Yes,Electronic check,76.29,2028.25,Yes
CUST-04108,Male,0,No,No,67,Yes,Yes,Fiber optic,No,No,Yes,No,No,No,Month-to-month,No,Mailed check,73.5,4919.95,No
CUST-04109,Male,0,Yes,Yes,50,Yes,No,No,No internet service,No internet service,No internet service,No internet service,No internet service,No internet service,One year,Yes,Electronic check,71.03,3566.57,No
CUST-04110,Female,0,No,No,45,Yes,No,DSL,Yes,No,No,No,Yes,No,Month-to-month,Yes,Mailed check,40.94,1793.08,No
CUST-04111,Female,1,Yes,No,72,Yes,Yes,DSL,No,No,No,No,No,Yes,Two year,Yes,Electronic check,67.64,4826.05,No
CUST-04112,Female,0,No,No,56,Yes,No,DSL,Yes,Yes,Yes,Yes,Yes,No,Two year,No,Credit card (automatic),70.48,3868.52,No
CUST-04113,Female,0,No,No,34,Yes,No,Fiber optic,No,Yes,Yes,No,Yes,No,Month-to-month,Yes,Electronic check,64.3,2203.54,Yes
CUST-04114,Male,0,Yes,No,48,Yes,No,No,No internet service,No internet service,No internet service,No internet service,No internet service,No internet service,Month-to-month,Yes,Mailed check,38.85,1855.32,No
CUST-04115,Female,0,No,Yes,39,Yes,No,Fiber optic,Yes,Yes,No,No,Yes,No,Month-to-month,No,Electronic check,45.97,1846.31,Yes
CUST-04116,Female,1,No,No,27,Yes,No,Fiber optic,Yes,No,No,No,No,No,Month-to-month,Yes,Electronic check,125.0,3346.6,No
CUST-04117,Female,0,No,Yes,71,Yes,Yes,Fiber optic,No,No,Yes,No,Yes,No,One year,Yes,Credit card (automatic),47.54,3330.9,No
CUST-04118,Female,0,No,Yes,43,No,No phone service,No,No internet service,No internet service,No internet service,No internet service,No internet service,No internet service,Two year,No,Bank transfer (automatic),74.26,3147.29,No
CUST-04119,Female,0,No,No,54,Yes,No,Fiber optic,No,Yes,Yes,Yes,No,No,Month-to-month,No,Electronic check,108.83,5910.6,No
CUST-04120,Female,1,Yes,No,30,Yes,Yes,DSL,No,Yes,Yes,No,No,No,Two year,Yes,Electronic check,103.74,3216.41,No
CUST-04121,Male,0,No,No,15,Yes,Yes,DSL,No,Yes,No,No,No,No,Month-to-month,No,Credit card (automatic),121.75,1809.89,No
CUST-04122,Male,0,Yes,No,9,Yes,No,DSL,No,No,No,No,Yes,No,Two year,No,Bank transfer (automatic),29.69,294.35,No
CUST-04123,Male,0,No,No,58,Yes,No,No,No internet service,No internet service,No internet service,No internet service,No internet service,No internet service,Month-to-month,Yes,Electronic check,70.69,4076.25,No
CUST-04124,Female,0,No,No,38,Yes,Yes,Fiber optic,No,No,No,No,No,No,Month-to-month,Yes,Electronic check,55.61,2095.03,No
CUST-04125,Male,0,No,No,38,Yes,No,DSL,Yes,Yes,Yes,Yes,No,No,One year,No,Mailed check,76.97,2872.17,No
CUST-04126,Male,0,No,Yes,9,Yes,Yes,No,No internet service,No internet service,No internet service,No internet service,No internet service,No internet service,Two year,No,Mailed check,44.62,406.53,No
CUST-04127,Female,0,Yes,No,57,Yes,No,No,No internet service,No internet service,No internet service,No internet service,No internet service,No internet service,Two year,No,Credit card (automatic),71.54,4049.07,No
CUST-04128,Female,0,No,No,19,Yes,No,DSL,No,Yes,No,Yes,Yes,Yes,Two year,No,Bank transfer (automatic),39.57,710.0,Yes
CUST-04129,Male,0,Yes,Yes,44,Yes,Yes,DSL,No,No,No,No,No,No,Two year,Yes,Credit card (automatic),33.86,1542.25,No
CUST-04130,Female,0,No,Yes,26,Yes,No,No,No internet service,No internet service,No internet service,No internet service,No internet service,No internet service,Month-to-month,No,Electronic check,44.0,1183.14,No
CUST-04131,Female,0,No,Yes,17,Yes,Yes,DSL,No,No,No,No,Yes,Yes,Two year,No,Electronic check,33.92,630.37,No
CUST-04132,Male,0,Yes,No,12,Yes,No,DSL,Yes,No,No,No,No,No,Month-to-month,Yes,Bank transfer (automatic),82.77,1004.43,No
CUST-04133,Male,0,No,No,59,Yes,No,Fiber optic,No,No,Yes,No,No,No,Month-to-month,Yes,Credit card (automatic),74.29,4347.52,No
CUST-04134,Male,0,Yes,No,7,Yes,No,Fiber optic,No,No,No,No,No,No,Two year,Yes,Credit card (automatic),85.77,616.06,No
CUST-04135,Male,0,No,Yes,1,Yes,No,Fiber optic,No,No,No,No,No,Yes,Month-to-month,No,Mailed check,38.02,50.19,Yes
CUST-04136,Male,0,No,No,23,Yes,Yes,DSL,No,Yes,No,Yes,Yes,Yes,Month-to-month,No,Mailed check,78.26,1761.45,No
CUST-04137,Male,0,No,No,64,Yes,Yes,Fiber optic,Yes,Yes,No,No,No,Yes,Month-to-month,Yes,Electronic check,72.57,4728.95,No
CUST-04138,Female,0,No,No,51,Yes,Yes,No,No internet service,No internet service,No internet service,No internet service,No internet service,No internet service,One year,Yes,Bank transfer (automatic),108.68,5542.6,No
CUST-04139,Male,0,Yes,No,59,Yes,No,DSL,Yes,No,No,No,No,No,Month-to-month,No,Bank transfer (automatic),121.75,7191.06,No
CUST-04140,Male,1,Yes,No,15,Yes,No,DSL,Yes,No,No,No,Yes,Yes,One year,No,Bank transfer (automatic),82.89,1251.23,No
CUST-04141,Male,0,Yes,No,70,Yes,No,Fiber optic,No,Yes,Yes,Yes,Yes,No,One year,Yes,Electronic check,104.11,7309.64,No
CUST-04142,Male,1,Yes,No,9,Yes,Yes,DSL,No,No,No,Yes,No,No,One year,No,Mailed check,60.6,533.72,No
CUST-04143,Female,0,Yes,No,3,Yes,No,Fiber optic,Yes,No,Yes,Yes,Yes,No,Two year,Yes,Credit card (automatic),91.23,330.61,No
CUST-04144,Female,0,No,No,35,Yes,Yes,DSL,No,Yes,Yes,No,No,No,One year,Yes,Bank transfer (automatic),59.15,2135.55,No
CUST-04145,Female,0,No,No,32,Yes,No,No,No internet service,No internet service,No internet service,No internet service,No internet service,No internet service,Month-to-month,No,Mailed check,75.9,2342.35,No
CUST-04146,Female,0,Yes,Yes,21,Yes,Yes,DSL,Yes,No,Yes,No,No,No,Month-to-month,Yes,Credit card (automatic),62.75,1307.65,No
CUST-04147,Female,0,No,No,13,No,No phone service,DSL,No,No,No,Yes,Yes,Yes,One year,Yes,Mailed check,78.5,1070.7,No
CUST-04148,Male,0,No,No,24,Yes,No,DSL,No,Yes,Yes,Yes,No,No,Month-to-month,Yes,Bank transfer (automatic),86.76,2102.82,No
CUST-04149,Male,1,Yes,No,27,Yes,No,DSL,Yes,Yes,No,Yes,Yes,No,Month-to-month,Yes,Bank transfer (automatic),76.19,2008.46,No
CUST-04150,Female,0,No,No,44,Yes,No,Fiber optic,No,No,No,No,Yes,No,Month-to-month,Yes,Credit card (automatic),91.5,4008.42,No
CUST-04151,Female,1,Yes,No,26,Yes,No,Fiber optic,No,Yes,No,No,Yes,No,Month-to-month,Yes,Electronic check,125.0,3318.07,Yes
CUST-04152,Male,0,No,No,18,Yes,Yes,No,No internet service,No internet service,No internet service,No internet service,No internet service,No internet service,Month-to-month,Yes,Bank transfer (automatic),70.78,1202.57,No
CUST-04153,Male,0,No,No,44,Yes,Yes,Fiber optic,Yes,Yes,No,No,Yes,No,One year,Yes,Electronic check,105.15,4632.28,Yes
CUST-04154,Male,0,Yes,No,42,No,No phone service,Fiber optic,No,No,No,No,Yes,No,Two year,No,Mailed check,76.08,3191.07,No
CUST-04155,Female,0,Yes,Yes,32,Yes,No,No,No internet service,No internet service,No internet service,No internet service,No internet service,No internet service,Month-to-month,No,Mailed check,96.03,3055.42,No
CUST-04156,Female,1,No,Yes,8,Yes,No,DSL,No,Yes,Yes,No,Yes,No,Month-to-month,Yes,Credit card (automatic),101.82,800.33,Yes
CUST-04157,Male,1,Yes,No,70,Yes,Yes,Fiber optic,Yes,No,Yes,No,Yes,Yes,Month-to-month,Yes,Electronic check,115.77,8132.24,No
CUST-04158,Female,1,No,No,38,Yes,Yes,Fiber optic,Yes,Yes,Yes,No,No,Yes,Two year,No,Electronic check,106.9,4093.46,Yes
CUST-04159,Female,1,No,No,20,Yes,No,DSL,No,Yes,Yes,No,No,No,Two year,Yes,Bank transfer (automatic),105.96,2133.64,No
CUST-04160,Female,0,Yes,No,53,Yes,Yes,Fiber optic,Yes,No,No,No,No,No,Two year,Yes,Electronic check,54.25,2903.28,No
CUST-04161,Female,0,No,No,31,Yes,No,No,No internet service,No internet service,No internet service,No internet service,No internet service,No internet service,Two year,No,Electronic check,39.03,1203.73,No
CUST-04162,Female,1,No,No,12,Yes,Yes,Fiber optic,Yes,No,No,No,Yes,Yes,One year,Yes,Credit card (automatic),120.69,1510.6,Yes
CUST-04163,Male,0,Yes,No,51,Yes,No,Fiber optic,No,Yes,No,No,No,Yes,Month-to-month,Yes,Electronic check,57.96,2988.42,No
CUST-04164,Female,0,No,No,7,Yes,No,Fiber optic,No,No,No,No,No,No,Month-to-month,Yes,Bank transfer (automatic),91.01,611.43,Yes
CUST-04165,Male,0,No,No,20,Yes,Yes,Fiber optic,No,Yes,No,Yes,No,No,Two year,Yes,Mailed check,118.55,2393.63,No
CUST-04166,Male,0,No,Yes,48,Yes,No,DSL,Yes,No,No,No,No,No,Month-to-month,No,Bank transfer (automatic),66.86,3256.47,No
CUST-04167,Female,0,Yes,No,53,Yes,No,DSL,No,No,Yes,Yes,No,No,One year,No,Mailed check,55.02,2925.57,No
CUST-04168,Female,0,Yes,Yes,72,Yes,No,DSL,No,Yes,Yes,No,Yes,Yes,Month-to-month,Yes,Credit card (automatic),39.15,2775.63,No
CUST-04169,Male,0,No,Yes,52,Yes,Yes,Fiber optic,Yes,No,No,No,No,Yes,One year,No,Electronic check,92.2,4712.51,No
CUST-04170,Male,0,No,No,17,Yes,Yes,DSL,Yes,No,No,No,No,No,Month-to-month,No,Bank transfer (automatic),77.95,1354.54,No
CUST-04171,Female,0,Yes,No,52,Yes,No,Fiber optic,No,No,No,No,No,Yes,One year,Yes,Electronic check,125.0,6451.23,No
CUST-04172,Female,0,No,No,55,No,No phone service,DSL,Yes,No,No,No,Yes,Yes,Two year,No,Bank transfer (automatic),83.43,4551.29,No
CUST-04173,Male,0,No,No,49,Yes,No,DSL,No,No,No,No,Yes,Yes,Month-to-month,No,Electronic check,118.36,5763.73,No
CUST-04174,Female,0,Yes,No,54,Yes,Yes,Fiber optic,Yes,No,No,No,No,No,Two year,Yes,Electronic check,116.43,6243.29,No
CUST-04175,Female,0,No,No,59,Yes,No,Fiber optic,Yes,Yes,Yes,No,Yes,No,Month-to-month,Yes,Bank transfer (automatic),110.74,6518.45,No
CUST-04176,Female,0,No,No,41,Yes,No,Fiber optic,Yes,No,No,Yes,No,Yes,Two year,Yes,Electronic check,56.69,2327.93,No
CUST-04177,Female,0,No,No,72,Yes,Yes,Fiber optic,No,No,No,No,Yes,No,Two year,Yes,Electronic check,125.0,8967.04,No
CUST-04178,Male,0,No,No,47,Yes,Yes,Fiber optic,Yes,No,Yes,No,No,No,Two year,Yes,Electronic check,60.76,2817.01,No
CUST-04179,Female,0,No,Yes,4,Yes,No,DSL,Yes,No,No,No,No,No,Month-to-month,No,Bank transfer (automatic),64.8,242.88,Yes
CUST-04180,Female,0,No,No,13,Yes,Yes,DSL,Yes,Yes,Yes,No,No,No,Month-to-month,Yes,Credit card (automatic),54.6,699.52,No
CUST-04181,Male,0,No,No,36,No,No phone service,DSL,Yes,No,Yes,No,No,No,Month-to-month,Yes,Electronic check,82.33,2976.02,Yes
CUST-04182,Female,0,Yes,No,32,Yes,No,Fiber optic,Yes,No,Yes,No,Yes,No,Month-to-month,Yes,Bank transfer (automatic),63.86,2053.39,Yes
CUST-04183,Female,0,Yes,No,59,Yes,No,DSL,No,No,Yes,Yes,No,No,Two year,Yes,Bank transfer (automatic),21.85,1233.76,No
CUST-04184,Male,0,No,No,49,Yes,No,Fiber optic,No,Yes,Yes,No,No,Yes,Month-to-month,No,Electronic check,125.0,6163.55,Yes
CUST-04185,Female,0,No,No,1,Yes,Yes,DSL,Yes,No,No,No,No,No,Month-to-month,Yes,Credit card (automatic),34.92,0.0,No
CUST-04186,Male,0,Yes,No,33,Yes,No,Fiber optic,No,Yes,Yes,No,No,Yes,Two year,No,Mailed check,123.2,4076.69,Yes
CUST-04187,Female,0,Yes,No,40,Yes,No,Fiber optic,No,No,No,No,No,No,Month-to-month,Yes,Mailed check,117.55,4695.86,Yes
CUST-04188,Female,0,Yes,Yes,71,Yes,No,No,No internet service,No internet service,No internet service,No internet service,No internet service,No internet service,Two year,No,Mailed check,89.09,6401.04,No
CUST-04189,Female,0,No,No,48,No,No phone service,No,No internet service,No internet service,No internet service,No internet service,No internet service,No internet service,Two year,No,Bank transfer (automatic),65.09,3103.69,No
CUST-04190,Male,0,No,No,13,Yes,Yes,No,No internet service,No internet service,No internet service,No internet service,No internet service,No internet service,Month-to-month,Yes,Electronic check,33.74,440.67,No
CUST-04191,Female,0,No,Yes,14,Yes,Yes,Fiber optic,No,No,Yes,No,Yes,No,Month-to-month,No,Electronic check,93.06,1306.04,No
CUST-04192,Female,0,Yes,No,23,No,No phone service,No,No internet service,No internet service,No internet service,No internet service,No internet service,No internet service,Month-to-month,No,Electronic check,111.47,2590.76,No
CUST-04193,Male,0,No,No,29,Yes,Yes,DSL,No,No,No,No,Yes,No,Month-to-month,Yes,Electronic check,94.36,2789.56,No
CUST-04194,Female,0,Yes,No,8,Yes,No,Fiber optic,No,Yes,No,No,No,No,One year,Yes,Credit card (automatic),86.47,703.76,Yes
CUST-04195,Male,0,Yes,No,57,Yes,No,Fiber optic,No,Yes,Yes,No,No,Yes,Two year,Yes,Bank transfer (automatic),125.0,7228.98,No
CUST-04196,Female,0,Yes,Yes,5,Yes,Yes,Fiber optic,Yes,No,No,No,No,No,Month-to-month,No,Bank transfer (automatic),110.22,539.53,Yes
CUST-04197,Male,0,No,Yes,5,Yes,Yes,DSL,No,No,Yes,Yes,No,No,Month-to-month,No,Mailed check,69.38,400.94,No
CUST-04198,Female,0,No,No,10,Yes,Yes,Fiber optic,No,Yes,No,Yes,Yes,Yes,One year,Yes,Mailed check,106.09,1071.62,Yes
CUST-04199,Male,0,Yes,Yes,10,Yes,No,No,No internet service,No internet service,No internet service,No internet service,No internet service,No internet service,Month-to-month,No,Electronic check,72.58,732.13,Yes
CUST-04200,Female,1,Yes,No,41,Yes,No,Fiber optic,No,No,Yes,Yes,No,No,Month-to-month,Yes,Electronic check,43.58,1732.3,No
CUST-04201,Male,0,No,No,59,Yes,Yes,DSL,No,No,No,Yes,No,No,Two year,Yes,Bank transfer (automatic),118.75,7032.68,No
CUST-04202,Male,0,Yes,No,68,Yes,No,DSL,Yes,No,Yes,No,No,Yes,Two year,No,Electronic check,89.58,6081.4,No
CUST-04203,Female,1,No,No,59,Yes,No,DSL,No,No,No,No,No,Yes,Two year,Yes,Bank transfer (automatic),18.25,1075.55,No
CUST-04204,Female,0,Yes,Yes,50,Yes,No,Fiber optic,Yes,Yes,Yes,No,No,No,One year,No,Bank transfer (automatic),111.93,5595.9,No
CUST-04205,Female,0,Yes,No,43,Yes,No,Fiber optic,No,No,No,Yes,No,Yes,One year,Yes,Credit card (automatic),123.84,5349.62,No
CUST-04206,Male,0,Yes,No,23,Yes,No,DSL,Yes,No,No,No,Yes,Yes,One year,No,Electronic check,97.4,2292.94,No
CUST-04207,Male,0,No,No,30,Yes,Yes,No,No internet service,No internet service,No internet service,No internet service,No internet service,No internet service,One year,Yes,Credit card (automatic),112.18,3356.94,No
CUST-04208,Male,0,Yes,No,63,Yes,No,Fiber optic,Yes,No,No,No,No,Yes,Month-to-month,Yes,Mailed check,104.21,6550.48,No
CUST-04209,Female,0,Yes,Yes,8,Yes,No,No,No internet service,No internet service,No internet service,No internet service,No internet service,No internet service,Month-to-month,Yes,Bank transfer (automatic),54.72,448.87,Yes
CUST-04210,Male,0,No,No,60,Yes,Yes,No,No internet service,No internet service,No internet service,No internet service,No internet service,No internet service,Month-to-month,Yes,Electronic check,88.13,5240.52,No
CUST-04211,Female,0,Yes,Yes,59,Yes,No,Fiber optic,No,No,No,No,Yes,No,Month-to-month,No,Bank transfer (automatic),125.0,7336.32,No
CUST-04212,Male,0,No,No,5,Yes,No,No,No internet service,No internet service,No internet service,No internet service,No internet service,No internet service,Month-to-month,No,Mailed check,113.76,592.35,Yes
CUST-04213,Female,0,Yes,Yes,18,No,No phone service,No,No internet service,No internet service,No internet service,No internet service,No internet service,No internet service,Month-to-month,No,Electronic check,41.98,730.1,Yes
CUST-04214,Male,0,No,No,23,Yes,No,DSL,Yes,No,Yes,Yes,No,Yes,One year,No,Mailed check,115.44,2690.89,No
CUST-04215,Male,0,Yes,Yes,66,Yes,Yes,Fiber optic,Yes,No,Yes,No,No,No,One year,No,Mailed check,72.35,4770.48,No
CUST-04216,Male,0,No,No,32,Yes,No,No,No internet service,No internet service,No internet service,No internet service,No internet service,No internet service,One year,No,Bank transfer (automatic),67.29,2137.59,No
CUST-04217,Female,0,No,Yes,56,Yes,Yes,Fiber optic,Yes,No,No,No,No,Yes,One year,No,Electronic check,85.26,4825.87,No
CUST-04218,Female,0,No,Yes,44,Yes,Yes,Fiber optic,No,No,No,No,No,No,Month-to-month,No,Bank transfer (automatic),125.0,5470.33,No
CUST-04219,Male,0,No,Yes,6,Yes,No,No,No internet service,No internet service,No internet service,No internet service,No internet service,No internet service,Two year,Yes,Mailed check,28.44,170.69,No
CUST-04220,Female,0,Yes,Yes,49,Yes,Yes,Fiber optic,No,No,Yes,Yes,No,Yes,Two year,Yes,Mailed check,72.41,3519.6,No
CUST-04221,Female,0,Yes,No,46,Yes,No,Fiber optic,Yes,Yes,No,Yes,No,Yes,Month-to-month,Yes,Bank transfer (automatic),107.46,4942.53,No
CUST-04222,Male,1,No,No,63,Yes,Yes,DSL,No,Yes,Yes,No,No,No,Month-to-month,No,Credit card (automatic),78.63,4982.5,No
CUST-04223,Male,0,No,Yes,67,Yes,No,No,No internet service,No internet service,No internet service,No internet service,No internet service,No internet service,One year,No,Bank transfer (automatic),75.05,5035.22,No
CUST-04224,Male,0,No,No,43,Yes,Yes,No,No internet service,No internet service,No internet service,No internet service,No internet service,No internet service,Month-to-month,No,Electronic check,108.38,4658.56,No
CUST-04225,Male,0,No,No,64,Yes,Yes,No,No internet service,No internet service,No internet service,No internet service,No internet service,No internet service,Month-to-month,Yes,Electronic check,35.01,2234.72,No
CUST-04226,Female,0,No,Yes,11,Yes,No,No,No internet service,No internet service,No internet service,No internet service,No internet service,No internet service,One year,Yes,Bank transfer (automatic),57.65,646.16,No
CUST-04227,Female,0,No,No,45,Yes,No,DSL,No,Yes,Yes,No,No,Yes,Month-to-month,Yes,Mailed check,121.75,5498.89,No
CUST-04228,Male,0,No,No,42,Yes,No,Fiber optic,Yes,No,Yes,No,No,No,Two year,Yes,Bank transfer (automatic),57.62,2439.5,No
CUST-04229,Female,1,No,No,13,Yes,No,DSL,Yes,No,No,Yes,Yes,No,Month-to-month,Yes,Electronic check,83.82,1097.46,No
CUST-04230,Female,0,Yes,No,39,Yes,Yes,DSL,No,No,No,No,No,Yes,Month-to-month,Yes,Electronic check,65.7,2536.01,No
CUST-04231,Female,1,No,No,49,No,No phone service,No,No internet service,No internet service,No internet service,No internet service,No internet service,No internet service,Month-to-month,Yes,Electronic check,21.77,1060.6,No
CUST-04232,Male,1,No,No,30,Yes,Yes,DSL,No,No,Yes,Yes,Yes,No,Two year,Yes,Bank transfer (automatic),44.41,1312.42,No
CUST-04233,Male,0,Yes,No,48,Yes,No,Fiber optic,No,No,No,Yes,Yes,Yes,Month-to-month,No,Credit card (automatic),59.89,2891.85,No
CUST-04234,Female,1,No,No,54,No,No phone service,No,No internet service,No internet service,No internet service,No internet service,No internet service,No internet service,Month-to-month,Yes,Electronic check,106.36,5731.64,Yes
CUST-04235,Female,0,No,No,43,Yes,No,No,No internet service,No internet service,No internet service,No internet service,No internet service,No internet service,Two year,Yes,Mailed check,48.02,2054.29,No
CUST-04236,Female,0,Yes,No,29,Yes,No,DSL,No,No,Yes,No,No,Yes,Two year,No,Bank transfer (automatic),111.49,3298.04,No
CUST-04237,Male,0,No,No,20,Yes,Yes,DSL,No,No,No,Yes,Yes,No,Month-to-month,Yes,Credit card (automatic),55.63,1108.49,No
CUST-04238,Female,0,Yes,No,48,Yes,No,Fiber optic,No,No,No,No,No,Yes,Two year,Yes,Electronic check,101.13,4772.9,Yes
CUST-04239,Male,0,Yes,Yes,65,No,No phone service,Fiber optic,Yes,No,Yes,No,No,Yes,Month-to-month,Yes,Electronic check,99.22,6524.03,No
CUST-04240,Female,1,No,Yes,34,Yes,No,No,No internet service,No internet service,No internet service,No internet service,No internet service,No internet service,One year,No,Electronic check,74.84,2544.5,No
CUST-04241,Female,0,No,Yes,37,Yes,No,Fiber optic,Yes,No,No,Yes,No,Yes,Month-to-month,No,Credit card (automatic),114.69,4229.43,No
CUST-04242,Female,0,No,Yes,66,Yes,No,DSL,Yes,Yes,No,No,No,No,Month-to-month,Yes,Credit card (automatic),82.53,5432.71,No
CUST-04243,Male,0,Yes,No,22,No,No phone service,Fiber optic,No,No,No,Yes,No,No,Month-to-month,No,Electronic check,111.42,2436.19,No
CUST-04244,Female,0,No,No,59,Yes,Yes,Fiber optic,Yes,No,Yes,No,No,Yes,Month-to-month,No,Bank transfer (automatic),41.95,2530.38,Yes
CUST-04245,Female,0,Yes,Yes,19,Yes,Yes,No,No internet service,No internet service,No internet service,No internet service,No internet service,No internet service,Month-to-month,Yes,Electronic check,39.59,726.69,No
CUST-04246,Female,0,No,No,19,Yes,Yes,DSL,No,Yes,No,Yes,No,No,Month-to-month,No,Credit card (automatic),57.84,1073.38,No
CUST-04247,Female,1,Yes,Yes,21,No,No phone service,Fiber optic,Yes,No,Yes,Yes,Yes,No,One year,Yes,Bank transfer (automatic),50.87,1060.59,No
CUST-04248,Female,0,No,No,4,No,No phone service,Fiber optic,Yes,No,No,No,No,Yes,Month-to-month,No,Credit card (automatic),96.92,317.88,Yes
CUST-04249,Male,0,Yes,No,34,Yes,No,Fiber optic,No,No,No,No,Yes,No,Month-to-month,Yes,Bank transfer (automatic),88.91,3004.25,No
CUST-04250,Female,0,Yes,Yes,26,Yes,Yes,Fiber optic,No,No,No,No,Yes,No,Month-to-month,Yes,Electronic check,125.0,3293.84,No
CUST-04251,Female,0,Yes,No,17,Yes,No,Fiber optic,Yes,Yes,No,No,Yes,No,Month-to-month,Yes,Bank transfer (automatic),111.05,1901.57,Yes
CUST-04252,Female,1,No,No,55,Yes,No,Fiber optic,Yes,No,No,Yes,No,No,Month-to-month,Yes,Bank transfer (automatic),69.97,3872.63,No
CUST-04253,Male,0,No,No,38,Yes,Yes,DSL,No,No,No,No,No,No,Two year,Yes,Mailed check,77.85,2931.67,No
CUST-04254,Female,0,No,No,15,Yes,Yes,DSL,No,Yes,Yes,Yes,Yes,No,Month-to-month,No,Electronic check,102.21,1461.5,Yes
CUST-04255,Female,0,Yes,No,14,Yes,Yes,DSL,No,No,Yes,No,No,No,Month-to-month,Yes,Bank transfer (automatic),97.39,1392.37,Yes
CUST-04256,Female,1,Yes,Yes,59,Yes,Yes,DSL,Yes,Yes,No,Yes,No,No,Month-to-month,Yes,Mailed check,80.71,4718.49,No
CUST-04257,Female,0,No,No,20,Yes,Yes,Fiber optic,No,No,No,Yes,No,No,Two year,Yes,Electronic check,57.61,1083.74,No
CUST-04258,Female,0,Yes,Yes,29,No,No phone service,DSL,No,No,No,Yes,No,No,Month-to-month,Yes,Electronic check,76.41,2182.04,No
CUST-04259,Male,0,No,No,9,Yes,Yes,DSL,Yes,Yes,Yes,No,Yes,Yes,Month-to-month,Yes,Electronic check,45.37,379.21,Yes
CUST-04260,Female,0,No,No,58,Yes,No,No,No internet service,No internet service,No internet service,No internet service,No internet service,No internet service,One year,Yes,Electronic check,96.29,5535.32,No
CUST-04261,Female,0,No,No,26,Yes,No,Fiber optic,Yes,Yes,No,Yes,Yes,Yes,Two year,Yes,Electronic check,108.99,2834.98,No
CUST-04262,Female,0,No,No,51,Yes,No,No,No internet service,No internet service,No internet service,No internet service,No internet service,No internet service,Month-to-month,Yes,Electronic check,58.54,3081.44,No
CUST-04263,Female,0,Yes,No,30,Yes,No,Fiber optic,No,No,No,Yes,No,No,One year,Yes,Electronic check,90.99,2727.67,No
CUST-04264,Male,1,Yes,No,58,Yes,No,DSL,Yes,No,No,Yes,No,No,Month-to-month,Yes,Electronic check,82.8,4774.23,No
CUST-04265,Male,0,No,No,30,Yes,Yes,Fiber optic,No,No,No,No,No,Yes,One year,No,Electronic check,88.13,2646.61,Yes
CUST-04266,Male,1,Yes,No,65,No,No phone service,Fiber optic,No,No,No,No,No,Yes,Month-to-month,Yes,Mailed check,64.25,4217.94,No
CUST-04267,Female,0,No,Yes,53,Yes,No,DSL,No,No,No,No,No,Yes,Month-to-month,Yes,Electronic check,54.26,2779.36,No
CUST-04268,Male,0,No,No,35,Yes,No,DSL,Yes,No,Yes,No,Yes,No,Month-to-month,No,Bank transfer (automatic),97.41,3390.71,No
CUST-04269,Female,0,Yes,No,35,No,No phone service,DSL,No,Yes,No,No,Yes,Yes,Month-to-month,No,Electronic check,88.23,3099.43,No
CUST-04270,Male,0,No,Yes,45,Yes,Yes,DSL,No,No,No,Yes,Yes,No,Month-to-month,Yes,Mailed check,96.22,4345.58,Yes
CUST-04271,Male,0,Yes,No,50,Yes,No,DSL,Yes,No,No,No,No,No,Month-to-month,Yes,Electronic check,79.8,3968.85,No
CUST-04272,Male,0,No,No,51,Yes,Yes,DSL,No,No,No,No,No,Yes,Two year,No,Bank transfer (automatic),29.65,1452.87,No
CUST-04273,Male,0,Yes,No,3,Yes,No,Fiber optic,Yes,No,Yes,Yes,Yes,No,Month-to-month,No,Electronic check,91.16,282.18,Yes
CUST-04274,Female,0,No,No,20,Yes,No,DSL,No,Yes,No,No,No,No,One year,No,Mailed check,70.91,1384.0,No
CUST-04275,Female,0,Yes,No,32,Yes,Yes,Fiber optic,No,No,No,No,Yes,Yes,Two year,Yes,Credit card (automatic),65.04,1961.92,No
CUST-04276,Male,1,Yes,No,39,Yes,No,DSL,No,No,Yes,No,No,No,Month-to-month,Yes,Bank transfer (automatic),21.25,833.74,No
CUST-04277,Female,0,Yes,No,7,Yes,No,Fiber optic,No,Yes,No,No,No,No,Month-to-month,No,Electronic check,44.54,322.49,Yes
CUST-04278,Male,0,Yes,Yes,15,Yes,Yes,Fiber optic,No,No,No,No,Yes,No,Month-to-month,Yes,Mailed check,61.77,916.9,Yes
CUST-04279,Male,0,No,No,34,Yes,No,Fiber optic,Yes,No,Yes,No,Yes,Yes,One year,No,Bank transfer (automatic),82.47,2879.45,No
CUST-04280,Male,0,Yes,No,33,Yes,No,DSL,No,No,Yes,Yes,No,Yes,Two year,Yes,Credit card (automatic),95.52,3172.81,No
CUST-04281,Female,0,Yes,No,45,Yes,Yes,DSL,No,No,No,Yes,No,No,Month-to-month,No,Electronic check,119.06,5363.59,Yes
CUST-04282,Male,0,Yes,No,6,Yes,Yes,DSL,No,No,Yes,No,Yes,No,Month-to-month,No,Credit card (automatic),60.04,426.37,No
CUST-04283,Female,0,Yes,Yes,58,Yes,Yes,DSL,No,Yes,No,Yes,No,Yes,Two year,No,Electronic check,88.82,5234.23,No
CUST-04284,Female,0,Yes,No,22,Yes,Yes,Fiber optic,No,No,No,Yes,No,Yes,Month-to-month,No,Electronic check,95.41,2138.51,Yes
CUST-04285,Female,0,Yes,No,40,Yes,No,Fiber optic,No,No,No,No,No,No,Month-to-month,Yes,Mailed check,120.43,4797.01,Yes
CUST-04286,Male,0,No,Yes,69,Yes,No,Fiber optic,No,No,No,No,No,No,Month-to-month,No,Credit card (automatic),125.0,8644.11,No
CUST-04287,Male,1,No,No,28,Yes,Yes,No,No internet service,No internet service,No internet service,No internet service,No internet service,No internet service,Two year,Yes,Credit card (automatic),111.53,3158.99,Yes
CUST-04288,Male,0,No,No,23,Yes,No,No,No internet service,No internet service,No internet service,No internet service,No internet service,No internet service,Two year,Yes,Bank transfer (automatic),94.92,2075.8,No
CUST-04289,Male,0,Yes,Yes,20,Yes,Yes,DSL,No,No,No,No,No,No,Two year,Yes,Electronic check,68.93,1325.55,Yes
CUST-04290,Female,0,No,No,47,Yes,No,Fiber optic,No,No,No,Yes,Yes,Yes,Two year,No,Bank transfer (automatic),87.35,4130.53,No
CUST-04291,Female,0,No,No,69,Yes,Yes,DSL,No,No,No,Yes,Yes,No,Month-to-month,Yes,Electronic check,76.71,5288.18,No
CUST-04292,Male,0,No,No,41,Yes,No,Fiber optic,No,No,Yes,Yes,No,No,Month-to-month,No,Bank transfer (automatic),76.67,3166.79,No
CUST-04293,Female,0,Yes,Yes,15,Yes,Yes,Fiber optic,Yes,No,No,Yes,No,No,One year,No,Bank transfer (automatic),49.18,767.94,Yes
CUST-04294,Female,0,Yes,Yes,69,Yes,No,Fiber optic,No,No,Yes,Yes,No,Yes,Two year,No,Mailed check,30.25,2047.01,No
CUST-04295,Male,0,Yes,No,4,Yes,No,Fiber optic,No,No,No,No,No,Yes,Two year,Yes,Electronic check,34.78,129.98,No
CUST-04296,Male,0,Yes,No,30,Yes,No,Fiber optic,No,Yes,Yes,No,No,No,Month-to-month,Yes,Mailed check,78.03,2346.96,No
CUST-04297,Female,1,No,Yes,10,Yes,Yes,DSL,Yes,No,No,Yes,No,No,Two year,No,Bank transfer (automatic),70.4,741.95,No
CUST-04298,Male,0,Yes,No,3,Yes,No,Fiber optic,No,No,No,No,Yes,No,Month-to-month,Yes,Credit card (automatic),98.56,333.68,Yes
CUST-04299,Female,0,Yes,Yes,72,Yes,Yes,No,No internet service,No internet service,No internet service,No internet service,No internet service,No internet service,Month-to-month,No,Credit card (automatic),76.23,5415.68,No
CUST-04300,Female,0,Yes,No,7,Yes,Yes,Fiber optic,No,Yes,No,No,No,No,Month-to-month,Yes,Bank transfer (automatic),108.26,662.04,Yes
CUST-04301,Female,0,Yes,No,66,No,No phone service,DSL,No,No,No,No,No,Yes,Two year,Yes,Mailed check,66.45,4360.15,No
CUST-04302,Male,0,Yes,Yes,40,Yes,Yes,Fiber optic,No,No,Yes,No,No,Yes,Two year,No,Bank transfer (automatic),112.78,4562.37,No
CUST-04303,Female,1,Yes,No,24,Yes,No,Fiber optic,Yes,No,No,No,Yes,No,One year,No,Electronic check,100.64,2390.19,No
CUST-04304,Female,0,No,No,63,Yes,Yes,Fiber optic,No,Yes,Yes,No,No,No,One year,Yes,Bank transfer (automatic),63.7,4110.3,No
CUST-04305,Male,0,Yes,No,1,Yes,No,DSL,No,No,Yes,Yes,Yes,Yes,One year,No,Electronic check,107.79,49.22,No
CUST-04306,Male,0,No,No,50,Yes,No,Fiber optic,Yes,No,No,No,Yes,No,Two year,Yes,Bank transfer (automatic),74.0,3654.3,No
CUST-04307,Male,0,No,Yes,56,Yes,No,DSL,Yes,Yes,No,No,Yes,Yes,Month-to-month,No,Bank transfer (automatic),70.61,3923.66,No
CUST-04308,Male,0,No,Yes,27,Yes,No,Fiber optic,No,No,Yes,Yes,No,Yes,Month-to-month,Yes,Electronic check,85.32,2260.16,Yes
CUST-04309,Male,1,No,No,22,Yes,No,Fiber optic,No,No,Yes,Yes,Yes,Yes,Month-to-month,No,Credit card (automatic),104.04,2250.07,Yes
CUST-04310,Male,0,Yes,No,1,Yes,No,No,No internet service,No internet service,No internet service,No internet service,No internet service,No internet service,Month-to-month,No,Mailed check,121.75,132.26,Yes
CUST-04311,Male,0,No,Yes,2,Yes,No,No,No internet service,No internet service,No internet service,No internet service,No internet service,No internet service,Month-to-month,No,Mailed check,48.58,98.37,Yes
CUST-04312,Male,0,No,No,4,Yes,No,Fiber optic,No,Yes,No,Yes,No,No,Two year,Yes,Electronic check,113.5,408.59,Yes
CUST-04313,Female,0,No,Yes,33,Yes,No,No,No internet service,No internet service,No internet service,No internet service,No internet service,No internet service,Month-to-month,Yes,Bank transfer (automatic),121.75,4020.94,Yes
CUST-04314,Female,0,Yes,Yes,39,Yes,Yes,DSL,No,No,No,No,No,No,One year,Yes,Mailed check,111.12,4303.91,No
CUST-04315,Male,0,No,No,31,Yes,Yes,Fiber optic,No,Yes,No,No,No,No,Two year,No,Credit card (automatic),61.9,1951.43,No
CUST-04316,Female,0,Yes,No,51,No,No phone service,Fiber optic,No,No,Yes,Yes,No,No,One year,No,Electronic check,118.67,6065.07,No
CUST-04317,Male,0,No,No,27,Yes,No,Fiber optic,No,No,No,Yes,No,Yes,Month-to-month,No,Electronic check,93.58,2550.15,No
CUST-04318,Female,0,Yes,Yes,57,Yes,No,No,No internet service,No internet service,No internet service,No internet service,No internet service,No internet service,One year,Yes,Mailed check,34.24,1954.3,No
CUST-04319,Male,1,Yes,No,48,Yes,No,DSL,Yes,Yes,No,No,No,No,One year,Yes,Credit card (automatic),38.14,1824.76,No
CUST-04320,Female,0,No,Yes,68,Yes,No,DSL,Yes,Yes,Yes,No,Yes,No,Month-to-month,Yes,Electronic check,33.05,2255.74,No
CUST-04321,Male,0,No,No,53,Yes,No,No,No internet service,No internet service,No internet service,No internet service,No internet service,No internet service,One year,No,Electronic check,73.7,4025.04,No
CUST-04322,Female,0,No,No,10,Yes,No,DSL,No,Yes,No,No,No,Yes,Two year,Yes,Credit card (automatic),78.18,758.69,No
CUST-04323,Female,0,No,No,41,Yes,Yes,DSL,Yes,No,No,No,No,Yes,Two year,Yes,Electronic check,73.45,3040.48,No
CUST-04324,Female,0,No,No,48,Yes,Yes,No,No internet service,No internet service,No internet service,No internet service,No internet service,No internet service,Two year,No,Credit card (automatic),42.88,2086.95,No
CUST-04325,Male,0,Yes,No,2,Yes,No,No,No internet service,No internet service,No internet service,No internet service,No internet service,No internet service,Month-to-month,Yes,Bank transfer (automatic),40.95,188.11,No
CUST-04326,Female,0,No,Yes,4,Yes,No,DSL,No,No,Yes,No,Yes,Yes,Two year,No,Bank transfer (automatic),80.61,376.07,No
CUST-04327,Male,0,Yes,Yes,2,Yes,Yes,DSL,No,No,Yes,No,No,No,Month-to-month,Yes,Credit card (automatic),94.22,108.81,Yes
CUST-04328,Female,0,Yes,No,13,Yes,No,Fiber optic,No,Yes,No,No,Yes,No,One year,No,Credit card (automatic),83.63,1071.75,No
CUST-04329,Female,0,No,Yes,64,Yes,No,DSL,No,Yes,No,Yes,No,Yes,Month-to-month,Yes,Electronic check,47.03,2912.63,No
CUST-04330,Male,0,Yes,Yes,18,No,No phone service,DSL,No,Yes,No,No,Yes,No,Month-to-month,Yes,Electronic check,58.34,1066.24,Yes
CUST-04331,Female,0,No,Yes,14,Yes,Yes,DSL,No,No,Yes,No,No,Yes,Month-to-month,Yes,Bank transfer (automatic),92.78,1310.43,Yes
CUST-04332,Female,0,Yes,No,33,Yes,No,No,No internet service,No internet service,No internet service,No internet service,No internet service,No internet service,Month-to-month,No,Mailed check,50.2,1642.35,No
CUST-04333,Male,0,Yes,No,29,Yes,Yes,Fiber optic,No,Yes,No,No,No,No,Two year,Yes,Mailed check,99.23,2890.66,No
CUST-04334,Male,0,Yes,No,72,Yes,Yes,DSL,No,No,Yes,No,Yes,Yes,Month-to-month,Yes,Bank transfer (automatic),64.19,4654.22,No
CUST-04335,Male,0,No,No,8,No,No phone service,Fiber optic,No,Yes,No,No,No,No,Two year,Yes,Bank transfer (automatic),76.17,584.76,Yes
CUST-04336,Female,0,No,No,61,Yes,No,DSL,No,No,Yes,No,No,No,Two year,Yes,Credit card (automatic),103.5,6266.91,Yes
CUST-04337,Male,1,Yes,Yes,17,Yes,No,No,No internet service,No internet service,No internet service,No internet service,No internet service,No internet service,Two year,Yes,Bank transfer (automatic),72.18,1201.33,No
CUST-04338,Female,0,Yes,No,23,Yes,No,DSL,No,No,No,No,No,Yes,Month-to-month,Yes,Credit card (automatic),50.55,1184.35,Yes
CUST-04339,Male,0,Yes,No,35,Yes,No,DSL,Yes,No,Yes,No,Yes,Yes,Month-to-month,Yes,Electronic check,31.33,1096.35,No
CUST-04340,Male,0,Yes,No,71,No,No phone service,Fiber optic,No,No,No,Yes,Yes,No,Month-to-month,No,Bank transfer (automatic),33.25,2399.34,Yes
CUST-04341,Female,0,No,No,17,Yes,No,DSL,No,Yes,No,Yes,Yes,Yes,Two year,No,Electronic check,73.63,1192.39,No
CUST-04342,Female,0,No,No,25,No,No phone service,DSL,No,No,No,Yes,No,No,Month-to-month,Yes,Credit card (automatic),71.29,1821.82,Yes
CUST-04343,Female,0,Yes,Yes,48,Yes,No,No,No internet service,No internet service,No internet service,No internet service,No internet service,No internet service,Month-to-month,No,Mailed check,121.75,5901.23,No
CUST-04344,Female,0,Yes,No,49,Yes,No,No,No internet service,No internet service,No internet service,No internet service,No internet service,No internet service,Two year,Yes,Mailed check,82.39,4123.89,No
CUST-04345,Female,0,No,No,27,No,No phone service,No,No internet service,No internet service,No internet service,No internet service,No internet service,No internet service,Month-to-month,No,Bank transfer (automatic),89.28,2423.86,Yes
CUST-04346,Male,0,Yes,Yes,10,No,No phone service,Fiber optic,No,No,No,Yes,No,No,Month-to-month,Yes,Credit card (automatic),69.29,699.73,Yes
CUST-04347,Female,0,Yes,Yes,57,Yes,Yes,DSL,No,No,No,No,No,No,Month-to-month,No,Electronic check,52.57,3031.31,No
CUST-04348,Female,0,No,No,65,No,No phone service,No,No internet service,No internet service,No internet service,No internet service,No internet service,No internet service,Two year,No,Bank transfer (automatic),92.75,6027.04,No
CUST-04349,Male,0,Yes,No,44,Yes,No,Fiber optic,No,No,Yes,Yes,Yes,Yes,Month-to-month,Yes,Credit card (automatic),75.82,3298.7,No
CUST-04350,Female,0,Yes,No,63,Yes,Yes,Fiber optic,Yes,No,No,Yes,No,No,Month-to-month,No,Bank transfer (automatic),58.9,3645.49,No
CUST-04351,Male,0,Yes,Yes,19,Yes,Yes,Fiber optic,No,No,Yes,No,No,No,Two year,Yes,Electronic check,122.92,2302.12,No
CUST-04352,Male,0,No,No,63,Yes,No,Fiber optic,No,Yes,No,No,No,Yes,Two year,Yes,Electronic check,74.01,4727.74,No
CUST-04353,Male,0,Yes,Yes,59,Yes,No,Fiber optic,No,Yes,Yes,No,Yes,No,One year,Yes,Electronic check,56.38,3340.41,No
CUST-04354,Female,0,No,No,65,Yes,No,No,No internet service,No internet service,No internet service,No internet service,No internet service,No internet service,One year,No,Mailed check,118.75,7655.46,No
CUST-04355,Female,0,Yes,Yes,68,Yes,Yes,No,No internet service,No internet service,No internet service,No internet service,No internet service,No internet service,Month-to-month,Yes,Bank transfer (automatic),54.26,3692.23,No
CUST-04356,Male,0,Yes,Yes,25,Yes,No,No,No internet service,No internet service,No internet service,No internet service,No internet service,No internet service,Month-to-month,No,Mailed check,60.38,1532.28,No
CUST-04357,Male,1,No,No,9,Yes,No,No,No internet service,No internet service,No internet service,No internet service,No internet service,No internet service,One year,Yes,Mailed check,110.42,1036.31,No
CUST-04358,Female,1,Yes,Yes,54,Yes,Yes,Fiber optic,Yes,No,Yes,Yes,No,No,Month-to-month,No,Credit card (automatic),125.0,6714.87,Yes
CUST-04359,Male,0,Yes,No,49,Yes,Yes,DSL,No,Yes,Yes,No,No,No,One year,No,Electronic check,73.79,3610.83,No
CUST-04360,Male,0,Yes,Yes,47,Yes,No,Fiber optic,No,No,No,No,Yes,No,One year,No,Mailed check,125.0,5801.25,Yes
CUST-04361,Female,0,No,No,46,Yes,No,Fiber optic,No,Yes,Yes,Yes,No,Yes,Two year,Yes,Electronic check,78.57,3637.35,No
CUST-04362,Male,0,Yes,Yes,3,Yes,Yes,DSL,Yes,Yes,Yes,No,No,No,Month-to-month,No,Electronic check,46.57,38.58,No
CUST-04363,Female,0,No,No,49,Yes,Yes,Fiber optic,Yes,No,Yes,Yes,No,No,Month-to-month,Yes,Bank transfer (automatic),53.82,2624.3,No
CUST-04364,Male,0,Yes,Yes,35,Yes,No,Fiber optic,Yes,Yes,No,No,Yes,Yes,Month-to-month,Yes,Electronic check,125.0,4348.64,Yes
CUST-04365,Male,0,Yes,No,3,Yes,No,Fiber optic,No,No,No,No,No,Yes,Two year,Yes,Electronic check,99.5,375.29,Yes
CUST-04366,Male,0,Yes,Yes,62,Yes,No,Fiber optic,No,No,Yes,No,No,No,One year,Yes,Credit card (automatic),91.7,5745.14,No
CUST-04367,Female,0,Yes,No,3,Yes,No,No,No internet service,No internet service,No internet service,No internet service,No internet service,No internet service,One year,Yes,Bank transfer (automatic),48.43,102.49,Yes
CUST-04368,Female,0,No,No,17,No,No phone service,DSL,No,No,No,No,No,No,One year,Yes,Credit card (automatic),58.96,989.14,No
CUST-04369,Male,0,Yes,Yes,22,Yes,No,No,No internet service,No internet service,No internet service,No internet service,No internet service,No internet service,Month-to-month,No,Electronic check,86.42,1812.28,No
CUST-04370,Male,1,No,Yes,57,Yes,Yes,DSL,No,No,No,No,No,Yes,One year,Yes,Credit card (automatic),40.37,2257.19,No
CUST-04371,Male,0,Yes,Yes,6,Yes,No,Fiber optic,Yes,No,No,Yes,No,No,One year,Yes,Bank transfer (automatic),45.54,225.36,No
CUST-04372,Female,0,No,Yes,28,Yes,No,No,No internet service,No internet service,No internet service,No internet service,No internet service,No internet service,Two year,Yes,Electronic check,56.84,1606.26,No
CUST-04373,Female,0,Yes,No,27,Yes,No,No,No internet service,No internet service,No internet service,No internet service,No internet service,No internet service,Month-to-month,No,Bank transfer (automatic),75.79,2073.48,No
CUST-04374,Male,0,No,No,30,Yes,No,DSL,No,No,No,Yes,No,No,One year,No,Electronic check,62.58,1828.96,No
CUST-04375,Female,0,Yes,No,63,Yes,No,No,No internet service,No internet service,No internet service,No internet service,No internet service,No internet service,Month-to-month,No,Mailed check,121.46,7710.68,No
CUST-04376,Male,0,No,No,24,No,No phone service,No,No internet service,No internet service,No internet service,No internet service,No internet service,No internet service,Month-to-month,No,Electronic check,121.75,3008.65,Yes
CUST-04377,Female,1,No,Yes,26,Yes,Yes,DSL,Yes,Yes,No,No,No,Yes,Two year,Yes,Electronic check,79.12,2027.14,No
CUST-04378,Female,0,No,Yes,30,No,No phone service,Fiber optic,No,Yes,Yes,No,No,Yes,Month-to-month,Yes,Credit card (automatic),56.31,1655.6,No
CUST-04379,Female,0,Yes,Yes,29,Yes,No,Fiber optic,No,No,Yes,No,Yes,No,Month-to-month,Yes,Bank transfer (automatic),97.69,2874.6,Yes
CUST-04380,Male,0,No,Yes,69,Yes,No,DSL,Yes,No,Yes,No,Yes,Yes,Month-to-month,No,Electronic check,60.35,4156.39,No
CUST-04381,Male,1,Yes,No,20,Yes,Yes,Fiber optic,Yes,Yes,Yes,Yes,Yes,No,Two year,Yes,Bank transfer (automatic),30.25,604.18,No
CUST-04382,Female,0,Yes,Yes,9,Yes,No,Fiber optic,No,No,No,Yes,No,Yes,One year,No,Electronic check,125.0,1131.81,Yes
CUST-04383,Female,1,No,Yes,31,Yes,No,Fiber optic,No,No,Yes,No,No,No,Month-to-month,Yes,Credit card (automatic),50.36,1581.64,No
CUST-04384,Male,0,No,Yes,7,Yes,No,Fiber optic,No,No,No,No,No,Yes,Month-to-month,Yes,Mailed check,125.0,987.05,Yes
CUST-04385,Female,0,Yes,No,58,Yes,No,DSL,No,Yes,No,Yes,No,Yes,Month-to-month,No,Bank transfer (automatic),72.56,4191.77,No
CUST-04386,Male,0,No,Yes,65,Yes,Yes,Fiber optic,No,No,No,No,No,No,Month-to-month,No,Mailed check,124.16,8091.46,No
CUST-04387,Female,0,No,No,60,Yes,No,No,No internet service,No internet service,No internet service,No internet service,No internet service,No internet service,Month-to-month,Yes,Mailed check,119.34,7101.62,No
CUST-04388,Female,0,Yes,No,58,Yes,No,Fiber optic,No,No,No,No,No,Yes,Month-to-month,Yes,Electronic check,112.81,6455.1,No
CUST-04389,Female,1,Yes,No,31,Yes,Yes,Fiber optic,No,Yes,No,No,No,No,Two year,Yes,Credit card (automatic),91.81,2895.47,Yes
CUST-04390,Male,0,No,No,51,Yes,Yes,Fiber optic,No,Yes,Yes,No,No,No,One year,Yes,Bank transfer (automatic),87.34,4431.06,No
CUST-04391,Female,0,Yes,No,29,Yes,No,DSL,Yes,Yes,No,No,No,No,Month-to-month,No,Electronic check,79.8,2343.06,No
CUST-04392,Male,1,Yes,No,62,Yes,Yes,DSL,No,No,Yes,No,Yes,Yes,Month-to-month,Yes,Electronic check,33.95,2127.71,No
CUST-04393,Female,1,Yes,No,15,No,No phone service,Fiber optic,Yes,Yes,No,No,Yes,No,Two year,Yes,Electronic check,61.97,963.26,No
CUST-04394,Female,1,No,No,11,Yes,Yes,DSL,No,No,Yes,Yes,No,Yes,Month-to-month,No,Electronic check,21.25,211.24,No
CUST-04395,Male,1,Yes,No,71,Yes,Yes,DSL,No,No,No,Yes,No,No,One year,Yes,Electronic check,58.03,4146.95,No
CUST-04396,Male,0,Yes,Yes,26,Yes,No,Fiber optic,No,No,Yes,Yes,No,No,One year,Yes,Credit card (automatic),38.47,1075.94,No
CUST-04397,Female,1,Yes,No,23,Yes,Yes,No,No internet service,No internet service,No internet service,No internet service,No internet service,No internet service,Two year,No,Bank transfer (automatic),88.56,2044.05,No
CUST-04398,Female,0,Yes,No,49,Yes,No,DSL,No,Yes,No,No,No,No,Two year,No,Mailed check,18.25,942.46,No
CUST-04399,Female,0,No,No,25,Yes,Yes,Fiber optic,Yes,No,No,Yes,No,Yes,One year,No,Bank transfer (automatic),74.0,1832.98,No
CUST-04400,Male,0,No,No,54,Yes,No,Fiber optic,Yes,Yes,No,No,No,No,One year,Yes,Bank transfer (automatic),88.87,4788.85,No
CUST-04401,Female,0,No,No,31,Yes,Yes,No,No internet service,No internet service,No internet service,No internet service,No internet service,No internet service,Month-to-month,No,Mailed check,81.07,2572.17,No
CUST-04402,Female,0,No,No,57,No,No phone service,DSL,Yes,No,No,No,No,Yes,Month-to-month,No,Credit card (automatic),25.79,1447.13,No
CUST-04403,Female,1,Yes,No,6,Yes,No,No,No internet service,No internet service,No internet service,No internet service,No internet service,No internet service,One year,Yes,Bank transfer (automatic),111.22,647.97,No
CUST-04404,Male,0,No,No,53,Yes,Yes,No,No internet service,No internet service,No internet service,No internet service,No internet service,No internet service,Month-to-month,No,Electronic check,72.8,3835.55,No
CUST-04405,Female,0,No,No,24,Yes,Yes,DSL,Yes,No,No,Yes,No,No,Month-to-month,Yes,Electronic check,59.03,1376.58,Yes
CUST-04406,Male,0,No,Yes,31,Yes,No,DSL,No,No,No,No,Yes,No,One year,Yes,Electronic check,36.77,1165.52,No
CUST-04407,Female,0,No,Yes,68,Yes,No,Fiber optic,Yes,No,Yes,No,No,No,One year,Yes,Electronic check,77.91,5292.85,No
CUST-04408,Female,0,Yes,No,35,Yes,Yes,DSL,No,Yes,No,Yes,Yes,Yes,Two year,No,Electronic check,23.0,820.85,No
CUST-04409,Female,0,No,Yes,6,Yes,No,DSL,No,No,Yes,No,Yes,No,One year,Yes,Mailed check,72.95,396.96,No
CUST-04410,Female,0,Yes,Yes,34,Yes,No,No,No internet service,No internet service,No internet service,No internet service,No internet service,No internet service,Two year,No,Electronic check,18.25,594.81,No
CUST-04411,Female,0,No,No,18,No,No phone service,Fiber optic,Yes,No,No,No,Yes,Yes,Two year,No,Bank transfer (automatic),65.37,1206.23,Yes
CUST-04412,Male,0,Yes,No,35,Yes,Yes,Fiber optic,Yes,No,No,No,No,No,Month-to-month,No,Credit card (automatic),73.76,2557.54,No
CUST-04413,Female,0,No,Yes,16,Yes,No,Fiber optic,Yes,No,Yes,No,No,No,Month-to-month,Yes,Electronic check,61.95,1021.86,No
CUST-04414,Male,0,No,Yes,47,Yes,No,Fiber optic,No,Yes,Yes,Yes,No,No,Month-to-month,No,Electronic check,67.15,3151.32,No
CUST-04415,Female,0,No,No,17,Yes,No,Fiber optic,Yes,Yes,No,Yes,No,No,Month-to-month,No,Bank transfer (automatic),67.35,1159.24,No
CUST-04416,Female,0,Yes,No,34,Yes,Yes,No,No internet service,No internet service,No internet service,No internet service,No internet service,No internet service,Month-to-month,Yes,Electronic check,72.89,2579.01,No
CUST-04417,Female,0,No,No,69,Yes,No,No,No internet service,No internet service,No internet service,No internet service,No internet service,No internet service,Month-to-month,Yes,Mailed check,103.01,7145.46,No
CUST-04418,Female,0,No,Yes,46,Yes,No,Fiber optic,No,No,Yes,Yes,No,Yes,Month-to-month,Yes,Credit card (automatic),125.0,5812.25,No
CUST-04419,Male,0,No,No,52,Yes,No,Fiber optic,No,No,Yes,Yes,No,Yes,Month-to-month,No,Mailed check,115.02,5936.57,No
CUST-04420,Female,0,No,No,56,Yes,No,Fiber optic,Yes,No,Yes,No,No,No,Two year,No,Electronic check,123.49,6935.07,No
CUST-04421,Male,0,No,No,67,Yes,Yes,Fiber optic,No,No,No,No,No,Yes,Month-to-month,Yes,Electronic check,117.29,7926.58,Yes
CUST-04422,Male,0,No,No,64,Yes,Yes,DSL,Yes,No,No,No,No,Yes,One year,No,Bank transfer (automatic),68.09,4383.78,No
CUST-04423,Male,0,Yes,No,62,No,No phone service,Fiber optic,Yes,No,Yes,Yes,No,No,One year,Yes,Bank transfer (automatic),72.61,4495.46,No
CUST-04424,Female,0,Yes,No,25,Yes,Yes,Fiber optic,No,No,No,No,Yes,No,Month-to-month,Yes,Electronic check,125.0,3116.92,Yes
CUST-04425,Female,1,No,No,45,Yes,No,DSL,No,No,No,Yes,Yes,No,One year,No,Credit card (automatic),70.96,3155.42,No
CUST-04426,Male,0,No,No,59,Yes,No,DSL,Yes,No,Yes,No,Yes,Yes,Two year,No,Credit card (automatic),36.59,2144.1,No
CUST-04427,Female,0,Yes,No,41,Yes,Yes,DSL,Yes,No,Yes,No,No,Yes,One year,Yes,Mailed check,86.12,3502.38,No
CUST-04428,Female,1,Yes,No,10,No,No phone service,DSL,Yes,Yes,No,No,Yes,No,One year,Yes,Electronic check,118.75,1156.26,No
CUST-04429,Male,0,Yes,No,37,Yes,No,Fiber optic,No,No,Yes,No,No,No,Month-to-month,No,Bank transfer (automatic),110.98,4132.4,Yes
CUST-04430,Male,0,No,No,16,Yes,Yes,Fiber optic,Yes,Yes,No,Yes,No,Yes,Two year,Yes,Bank transfer (automatic),76.29,1202.27,No
CUST-04431,Male,1,No,No,50,Yes,No,Fiber optic,No,Yes,Yes,No,No,No,Month-to-month,No,Credit card (automatic),120.33,6042.57,No
CUST-04432,Female,0,No,No,62,Yes,No,Fiber optic,Yes,No,Yes,No,No,No,Two year,Yes,Mailed check,50.6,3140.9,No
CUST-04433,Male,0,Yes,No,51,No,No phone service,Fiber optic,Yes,No,No,Yes,Yes,No,Two year,Yes,Mailed check,94.82,4930.78,No
CUST-04434,Female,0,Yes,No,40,Yes,No,No,No internet service,No internet service,No internet service,No internet service,No internet service,No internet service,One year,Yes,Mailed check,61.68,2458.33,No
CUST-04435,Male,0,No,Yes,44,Yes,No,Fiber optic,No,No,No,No,Yes,Yes,Month-to-month,Yes,Bank transfer (automatic),64.85,2881.24,Yes
CUST-04436,Male,0,Yes,Yes,39,No,No phone service,Fiber optic,No,No,No,Yes,No,No,Month-to-month,No,Mailed check,61.66,2375.24,No
CUST-04437,Male,0,Yes,No,33,Yes,Yes,Fiber optic,No,Yes,No,No,No,No,Two year,No,Bank transfer (automatic),88.07,2890.91,No
CUST-04438,Male,1,Yes,Yes,17,Yes,No,DSL,No,No,Yes,Yes,No,Yes,Month-to-month,No,Bank transfer (automatic),72.94,1236.95,No
CUST-04439,Female,0,No,No,49,Yes,Yes,Fiber optic,No,No,Yes,No,No,Yes,Month-to-month,Yes,Credit card (automatic),115.57,5673.43,Yes
CUST-04440,Female,0,No,Yes,26,Yes,No,Fiber optic,No,Yes,Yes,No,No,No,Month-to-month,Yes,Electronic check,55.01,1426.23,Yes
CUST-04441,Female,0,Yes,No,12,Yes,Yes,DSL,No,Yes,No,No,No,No,One year,Yes,Mailed check,118.75,1390.32,Yes
CUST-04442,Female,0,Yes,No,58,Yes,No,DSL,No,Yes,Yes,Yes,No,Yes,Month-to-month,No,Electronic check,80.77,4722.21,No
CUST-04443,Male,0,No,No,40,Yes,No,Fiber optic,No,Yes,No,No,No,Yes,Month-to-month,No,Credit card (automatic),96.4,3878.21,No
CUST-04444,Female,0,Yes,No,38,Yes,No,Fiber optic,No,No,Yes,No,No,No,Two year,No,Bank transfer (automatic),106.37,4088.08,No
CUST-04445,Male,0,Yes,No,38,Yes,Yes,No,No internet service,No internet service,No internet service,No internet service,No internet service,No internet service,One year,No,Credit card (automatic),24.28,923.74,No
CUST-04446,Female,1,Yes,Yes,6,Yes,No,Fiber optic,No,No,Yes,Yes,Yes,No,Month-to-month,No,Bank transfer (automatic),125.0,811.46,Yes
CUST-04447,Female,0,Yes,No,39,Yes,No,DSL,No,No,No,No,No,Yes,Month-to-month,No,Mailed check,53.33,2073.24,No
CUST-04448,Female,0,No,Yes,40,Yes,Yes,Fiber optic,No,No,No,No,Yes,No,Month-to-month,Yes,Bank transfer (automatic),114.31,4506.4,Yes
CUST-04449,Male,0,No,No,37,Yes,Yes,Fiber optic,Yes,No,Yes,No,Yes,Yes,Month-to-month,No,Mailed check,100.38,3719.93,No
CUST-04450,Male,0,Yes,No,1,Yes,Yes,Fiber optic,No,No,No,No,Yes,No,Month-to-month,Yes,Electronic check,74.98,0.0,No
CUST-04451,Male,0,No,No,55,Yes,Yes,Fiber optic,Yes,No,No,No,No,No,Month-to-month,Yes,Credit card (automatic),108.17,5959.79,No
CUST-04452,Female,0,Yes,No,45,Yes,No,DSL,Yes,Yes,No,Yes,No,Yes,Month-to-month,Yes,Electronic check,68.64,3101.12,No
CUST-04453,Female,0,No,No,55,No,No phone service,No,No internet service,No internet service,No internet service,No internet service,No internet service,No internet service,Month-to-month,Yes,Electronic check,85.05,4584.89,No
CUST-04454,Male,1,Yes,Yes,37,Yes,No,Fiber optic,No,No,Yes,No,Yes,No,Month-to-month,Yes,Mailed check,105.72,3824.08,No
CUST-04455,Male,0,Yes,No,24,Yes,No,DSL,Yes,No,Yes,No,Yes,No,Two year,Yes,Electronic check,71.09,1660.15,Yes
CUST-04456,Female,1,No,Yes,60,Yes,No,DSL,No,No,No,No,Yes,No,Two year,Yes,Mailed check,79.34,4757.21,No
CUST-04457,Male,1,No,No,26,Yes,No,No,No internet service,No internet service,No internet service,No internet service,No internet service,No internet service,Month-to-month,Yes,Bank transfer (automatic),55.98,1396.92,No
CUST-04458,Female,0,No,No,33,Yes,Yes,Fiber optic,No,No,Yes,Yes,No,Yes,Two year,Yes,Mailed check,55.22,1879.32,Yes
CUST-04459,Female,0,No,No,2,Yes,No,DSL,Yes,Yes,No,Yes,Yes,Yes,Two year,Yes,Electronic check,97.5,144.09,No
CUST-04460,Male,1,No,No,12,Yes,No,Fiber optic,No,No,No,No,No,No,Month-to-month,Yes,Mailed check,61.26,773.58,Yes
CUST-04461,Female,1,No,Yes,9,Yes,Yes,No,No internet service,No internet service,No internet service,No internet service,No internet service,No internet service,One year,Yes,Mailed check,115.64,948.42,Yes
CUST-04462,Female,1,Yes,Yes,31,Yes,No,Fiber optic,Yes,Yes,Yes,Yes,No,No,Two year,Yes,Credit card (automatic),54.92,1764.06,Yes
CUST-04463,Male,0,Yes,No,19,Yes,No,Fiber optic,No,No,Yes,No,No,No,Two year,No,Electronic check,82.9,1610.56,Yes
CUST-04464,Male,0,No,Yes,24,Yes,No,DSL,No,No,No,No,Yes,No,Month-to-month,Yes,Bank transfer (automatic),92.27,2139.35,Yes
CUST-04465,Female,1,No,No,56,Yes,No,DSL,No,Yes,No,No,Yes,No,One year,Yes,Bank transfer (automatic),104.73,5869.06,No
CUST-04466,Female,1,No,No,50,Yes,No,No,No internet service,No internet service,No internet service,No internet service,No internet service,No internet service,Month-to-month,No,Bank transfer (automatic),78.63,3956.14,Yes
CUST-04467,Male,0,Yes,No,58,Yes,Yes,DSL,No,Yes,Yes,Yes,No,Yes,Month-to-month,Yes,Credit card (automatic),121.75,7127.81,No
CUST-04468,Male,1,Yes,No,59,Yes,No,DSL,Yes,Yes,No,No,No,Yes,One year,No,Electronic check,21.53,1202.36,No
CUST-04469,Male,0,Yes,No,18,Yes,No,DSL,No,Yes,No,Yes,No,No,Month-to-month,Yes,Electronic check,21.25,458.68,Yes
CUST-04470,Male,1,No,No,45,Yes,No,DSL,No,No,Yes,No,Yes,Yes,Month-to-month,Yes,Mailed check,27.45,1224.24,No
CUST-04471,Female,0,Yes,No,63,Yes,No,Fiber optic,No,Yes,Yes,No,No,No,Month-to-month,No,Credit card (automatic),38.47,2525.24,No
CUST-04472,Male,1,No,No,22,Yes,No,No,No internet service,No internet service,No internet service,No internet service,No internet service,No internet service,Two year,Yes,Mailed check,31.91,775.7,No
CUST-04473,Female,0,Yes,No,28,Yes,Yes,DSL,Yes,No,Yes,No,Yes,Yes,Month-to-month,Yes,Mailed check,56.01,1416.3,No
CUST-04474,Female,0,Yes,Yes,39,No,No phone service,DSL,No,No,No,No,Yes,No,Two year,Yes,Electronic check,54.03,2137.12,No
CUST-04475,Male,0,No,No,58,Yes,No,Fiber optic,Yes,No,No,No,No,No,Two year,No,Credit card (automatic),69.01,3994.15,No
CUST-04476,Female,0,Yes,No,11,No,No phone service,No,No internet service,No internet service,No internet service,No internet service,No internet service,No internet service,Month-to-month,No,Mailed check,36.52,442.58,No
CUST-04477,Male,0,No,No,34,Yes,Yes,No,No internet service,No internet service,No internet service,No internet service,No internet service,No internet service,Month-to-month,Yes,Credit card (automatic),72.93,2505.42,Yes
CUST-04478,Female,1,Yes,No,18,Yes,Yes,No,No internet service,No internet service,No internet service,No internet service,No internet service,No internet service,Two year,Yes,Mailed check,93.36,1694.44,No
CUST-04479,Male,0,No,No,52,Yes,No,DSL,No,No,No,Yes,No,No,One year,No,Credit card (automatic),55.27,2906.35,No
CUST-04480,Male,1,No,Yes,18,Yes,No,Fiber optic,No,Yes,Yes,Yes,No,No,One year,Yes,Mailed check,73.33,1274.87,No
CUST-04481,Female,0,No,Yes,26,Yes,Yes,Fiber optic,No,Yes,No,No,No,No,One year,Yes,Electronic check,111.03,2803.76,Yes
CUST-04482,Female,0,Yes,No,25,Yes,No,DSL,No,Yes,No,No,Yes,No,Month-to-month,Yes,Mailed check,97.42,2463.98,No
CUST-04483,Male,0,Yes,No,6,Yes,No,Fiber optic,Yes,Yes,No,No,No,No,Two year,Yes,Mailed check,67.46,418.17,Yes
CUST-04484,Female,0,No,No,49,Yes,No,Fiber optic,Yes,No,No,No,No,Yes,One year,Yes,Credit card (automatic),117.95,5833.47,No
CUST-04485,Female,0,No,No,19,Yes,Yes,Fiber optic,Yes,No,No,No,No,Yes,One year,No,Credit card (automatic),72.39,1401.67,Yes
CUST-04486,Female,0,No,No,36,Yes,No,DSL,Yes,No,Yes,No,No,Yes,One year,No,Credit card (automatic),88.39,3161.39,No
CUST-04487,Male,1,No,No,51,Yes,No,DSL,Yes,Yes,Yes,Yes,No,No,Month-to-month,Yes,Electronic check,37.27,1915.13,No
CUST-04488,Female,0,No,No,57,Yes,Yes,Fiber optic,No,No,Yes,No,Yes,No,One year,No,Bank transfer (automatic),58.25,3381.8,No
CUST-04489,Male,1,No,Yes,67,Yes,No,DSL,Yes,Yes,Yes,No,Yes,Yes,Month-to-month,Yes,Mailed check,36.0,2420.79,No
CUST-04490,Female,0,No,No,10,Yes,Yes,DSL,No,No,No,No,No,No,Month-to-month,Yes,Electronic check,71.32,619.38,No
CUST-04491,Female,0,No,No,46,No,No phone service,Fiber optic,Yes,Yes,No,No,No,Yes,Month-to-month,Yes,Mailed check,69.52,3262.65,No
CUST-04492,Female,0,No,Yes,24,Yes,Yes,DSL,No,No,No,No,Yes,Yes,Two year,Yes,Electronic check,46.29,,No
CUST-04493,Male,0,No,No,56,No,No phone service,DSL,Yes,No,No,No,No,Yes,Two year,Yes,Bank transfer (automatic),77.34,4304.25,No
CUST-04494,Female,0,No,Yes,28,Yes,Yes,DSL,Yes,No,No,No,Yes,No,Two year,No,Bank transfer (automatic),97.88,2693.64,No
CUST-04495,Female,0,Yes,No,2,Yes,No,DSL,No,Yes,Yes,No,No,Yes,One year,No,Bank transfer (automatic),64.98,138.69,Yes
CUST-04496,Male,0,Yes,No,62,Yes,Yes,DSL,No,No,Yes,No,Yes,No,One year,No,Mailed check,76.34,4715.57,No
CUST-04497,Female,0,No,Yes,55,Yes,No,Fiber optic,Yes,Yes,No,Yes,No,No,Month-to-month,Yes,Mailed check,82.36,4559.26,No
CUST-04498,Female,0,No,No,24,Yes,Yes,No,No internet service,No internet service,No internet service,No internet service,No internet service,No internet service,Month-to-month,Yes,Bank transfer (automatic),43.78,1090.71,No
CUST-04499,Female,0,Yes,No,61,Yes,No,DSL,No,No,No,Yes,No,No,One year,No,Electronic check,55.98,3342.96,No
CUST-04500,Female,0,No,Yes,30,Yes,No,Fiber optic,No,Yes,No,Yes,Yes,Yes,Two year,Yes,Electronic check,123.44,3604.19,No
CUST-04501,Male,1,No,No,30,Yes,No,DSL,No,No,No,No,Yes,No,One year,Yes,Bank transfer (automatic),58.29,1721.21,No
CUST-04502,Male,0,No,No,22,Yes,Yes,DSL,No,No,Yes,No,No,No,Two year,No,Electronic check,118.75,2653.92,No
CUST-04503,Male,0,No,No,36,Yes,No,No,No internet service,No internet service,No internet service,No internet service,No internet service,No internet service,Month-to-month,No,Bank transfer (automatic),58.04,2105.63,No
CUST-04504,Male,0,Yes,No,72,Yes,Yes,No,No internet service,No internet service,No internet service,No internet service,No internet service,No internet service,Month-to-month,Yes,Electronic check,51.37,3732.12,No
CUST-04505,Female,0,Yes,Yes,4,Yes,Yes,DSL,Yes,No,No,Yes,No,No,Two year,Yes,Mailed check,118.75,419.19,Yes
CUST-04506,Female,0,Yes,No,43,Yes,No,Fiber optic,No,No,No,Yes,Yes,Yes,One year,No,Mailed check,123.3,5246.33,No
CUST-04507,Female,1,No,No,13,Yes,No,Fiber optic,Yes,No,No,No,Yes,No,Month-to-month,Yes,Credit card (automatic),67.48,910.16,Yes
CUST-04508,Male,0,Yes,Yes,9,Yes,Yes,No,No internet service,No internet service,No internet service,No internet service,No internet service,No internet service,Month-to-month,No,Mailed check,68.15,561.54,No
CUST-04509,Female,0,No,No,5,Yes,No,Fiber optic,Yes,Yes,No,Yes,No,No,Month-to-month,No,Bank transfer (automatic),33.25,180.46,Yes
CUST-04510,Male,0,No,No,20,No,No phone service,Fiber optic,No,No,Yes,No,Yes,Yes,Month-to-month,Yes,Electronic check,105.16,2031.22,Yes
CUST-04511,Female,0,No,No,53,Yes,No,No,No internet service,No internet service,No internet service,No internet service,No internet service,No internet service,Two year,No,Mailed check,52.84,2790.32,No
CUST-04512,Male,0,No,No,54,Yes,No,Fiber optic,No,Yes,Yes,Yes,No,No,Month-to-month,No,Mailed check,81.59,4372.5,No
CUST-04513,Female,0,No,No,58,Yes,No,No,No internet service,No internet service,No internet service,No internet service,No internet service,No internet service,Month-to-month,Yes,Mailed check,36.97,2170.85,No
CUST-04514,Male,1,No,No,11,Yes,No,Fiber optic,No,No,No,Yes,No,No,One year,No,Credit card (automatic),117.41,1216.67,No
CUST-04515,Male,0,Yes,No,8,Yes,No,No,No internet service,No internet service,No internet service,No internet service,No internet service,No internet service,Two year,No,Credit card (automatic),48.18,426.15,No
CUST-04516,Male,0,Yes,Yes,71,Yes,No,No,No internet service,No internet service,No internet service,No internet service,No internet service,No internet service,Month-to-month,Yes,Bank transfer (automatic),84.22,5984.3,Yes
CUST-04517,Female,0,No,No,67,Yes,Yes,Fiber optic,No,No,Yes,No,No,No,Month-to-month,Yes,Credit card (automatic),80.91,5459.55,No
CUST-04518,Female,0,Yes,Yes,51,Yes,No,Fiber optic,Yes,No,Yes,Yes,No,No,Month-to-month,Yes,Bank transfer (automatic),125.0,6339.85,No
CUST-04519,Male,0,No,Yes,61,Yes,No,No,No internet service,No internet service,No internet service,No internet service,No internet service,No internet service,Month-to-month,No,Credit card (automatic),97.55,5986.8,No
CUST-04520,Female,0,Yes,Yes,58,Yes,Yes,Fiber optic,No,Yes,Yes,No,No,Yes,Month-to-month,No,Credit card (automatic),87.88,5070.99,No
CUST-04521,Male,1,No,No,42,Yes,No,DSL,No,No,No,No,No,No,Month-to-month,No,Credit card (automatic),66.46,2855.36,Yes
CUST-04522,Male,0,Yes,No,35,Yes,No,DSL,No,No,No,Yes,Yes,Yes,Month-to-month,Yes,Electronic check,39.93,1323.92,No
CUST-04523,Male,1,No,No,71,Yes,Yes,DSL,No,No,Yes,No,No,Yes,Two year,No,Electronic check,19.34,1300.34,No
CUST-04524,Male,0,Yes,No,49,Yes,No,DSL,No,Yes,Yes,Yes,Yes,No,One year,No,Credit card (automatic),29.64,1448.77,No
CUST-04525,Male,0,No,No,64,Yes,No,DSL,No,Yes,Yes,No,No,No,Two year,Yes,Mailed check,78.84,5052.46,No
CUST-04526,Female,1,Yes,Yes,15,Yes,No,Fiber optic,No,No,Yes,No,No,No,Two year,Yes,Electronic check,105.96,1597.64,Yes
CUST-04527,Female,0,No,Yes,17,Yes,Yes,Fiber optic,Yes,Yes,Yes,No,No,Yes,Two year,Yes,Bank transfer (automatic),116.11,2000.43,No
CUST-04528,Female,0,Yes,Yes,46,Yes,Yes,DSL,No,Yes,Yes,Yes,Yes,Yes,Month-to-month,No,Electronic check,71.76,3237.6,Yes
CUST-04529,Female,0,No,No,69,Yes,Yes,DSL,Yes,No,Yes,Yes,No,Yes,Two year,Yes,Bank transfer (automatic),71.36,5001.56,No
CUST-04530,Male,0,No,Yes,45,Yes,Yes,DSL,No,Yes,No,Yes,No,No,Two year,Yes,Electronic check,55.56,2495.63,No
CUST-04531,Female,1,No,No,32,Yes,Yes,Fiber optic,Yes,No,Yes,Yes,Yes,Yes,Month-to-month,No,Electronic check,73.32,2380.12,No
CUST-04532,Female,0,No,No,2,Yes,No,Fiber optic,No,No,No,No,Yes,Yes,Two year,Yes,Electronic check,101.8,206.7,Yes
CUST-04533,Male,1,No,No,12,Yes,No,No,No internet service,No internet service,No internet service,No internet service,No internet service,No internet service,Two year,Yes,Credit card (automatic),48.24,622.32,No
CUST-04534,Male,0,No,No,17,Yes,No,Fiber optic,No,No,Yes,No,Yes,No,One year,No,Electronic check,88.17,1662.67,No
CUST-04535,Female,0,Yes,No,15,Yes,No,Fiber optic,Yes,No,Yes,No,Yes,No,Month-to-month,Yes,Electronic check,88.84,1286.94,Yes
CUST-04536,Male,0,No,Yes,51,Yes,No,DSL,Yes,No,No,Yes,No,No,Two year,No,Electronic check,68.91,3518.36,Yes
CUST-04537,Female,0,Yes,No,50,No,No phone service,Fiber optic,No,Yes,Yes,Yes,No,No,Month-to-month,Yes,Credit card (automatic),82.57,4120.01,No
CUST-04538,Male,1,No,Yes,28,Yes,Yes,Fiber optic,No,No,No,No,Yes,Yes,Two year,Yes,Mailed check,115.27,3285.79,Yes
CUST-04539,Male,0,Yes,No,72,Yes,Yes,No,No internet service,No internet service,No internet service,No internet service,No internet service,No internet service,Two year,Yes,Credit card (automatic),85.89,6214.98,No
CUST-04540,Male,0,Yes,Yes,29,Yes,No,Fiber optic,Yes,No,No,Yes,Yes,Yes,Month-to-month,Yes,Electronic check,95.19,2806.48,No
CUST-04541,Male,0,No,No,33,Yes,No,No,No internet service,No internet service,No internet service,No internet service,No internet service,No internet service,One year,No,Electronic check,90.86,2979.18,No
CUST-04542,Male,0,Yes,No,38,Yes,Yes,No,No internet service,No internet service,No internet service,No internet service,No internet service,No internet service,Two year,Yes,Electronic check,56.8,2192.59,No
CUST-04543,Male,1,Yes,No,42,Yes,No,No,No internet service,No internet service,No internet service,No internet service,No internet service,No internet service,Month-to-month,Yes,Electronic check,105.47,4389.66,Yes
CUST-04544,Male,0,Yes,No,14,Yes,No,Fiber optic,No,No,Yes,No,No,No,One year,No,Credit card (automatic),114.44,1577.21,No
CUST-04545,Female,0,No,Yes,22,No,No phone service,DSL,No,Yes,No,No,Yes,No,Month-to-month,Yes,Mailed check,58.75,1342.7,No
CUST-04546,Male,0,Yes,No,50,Yes,No,Fiber optic,Yes,No,No,Yes,Yes,No,Month-to-month,Yes,Bank transfer (automatic),87.74,4428.88,No
CUST-04547,Male,0,Yes,No,61,Yes,Yes,No,No internet service,No internet service,No internet service,No internet service,No internet service,No internet service,Two year,Yes,Electronic check,63.23,3903.66,No
CUST-04548,Male,1,No,Yes,31,No,No phone service,No,No internet service,No internet service,No internet service,No internet service,No internet service,No internet service,Month-to-month,No,Electronic check,93.46,2858.36,No
CUST-04549,Male,0,No,Yes,9,Yes,No,No,No internet service,No internet service,No internet service,No internet service,No internet service,No internet service,Month-to-month,No,Mailed check,84.65,794.95,No
CUST-04550,Male,0,Yes,Yes,62,Yes,Yes,Fiber optic,No,No,Yes,Yes,Yes,No,Month-to-month,Yes,Electronic check,54.54,3336.93,No
CUST-04551,Female,0,No,Yes,42,Yes,Yes,No,No internet service,No internet service,No internet service,No internet service,No internet service,No internet service,Month-to-month,Yes,Credit card (automatic),69.22,2909.82,No
CUST-04552,Female,0,Yes,No,32,Yes,No,Fiber optic,No,No,No,Yes,Yes,No,Two year,Yes,Mailed check,123.3,3982.26,No
CUST-04553,Female,1,No,Yes,43,Yes,No,Fiber optic,No,Yes,Yes,Yes,Yes,No,Two year,No,Electronic check,72.99,3154.53,Yes
CUST-04554,Male,0,Yes,No,60,Yes,No,Fiber optic,No,No,Yes,Yes,No,No,Two year,No,Electronic check,111.12,6721.54,No
CUST-04555,Male,0,Yes,Yes,1,Yes,No,DSL,Yes,No,Yes,No,No,No,One year,No,Electronic check,118.28,48.49,Yes
CUST-04556,Female,0,Yes,No,26,Yes,Yes,Fiber optic,Yes,No,Yes,No,No,No,Two year,Yes,Electronic check,81.73,2105.42,No
CUST-04557,Female,1,No,Yes,68,Yes,Yes,DSL,No,No,Yes,No,No,Yes,Month-to-month,Yes,Electronic check,112.66,7601.91,No
CUST-04558,Male,1,Yes,No,22,No,No phone service,Fiber optic,No,No,No,No,No,No,Month-to-month,Yes,Mailed check,52.55,1138.33,Yes
CUST-04559,Male,0,No,No,71,Yes,Yes,Fiber optic,Yes,No,No,Yes,No,Yes,One year,Yes,Mailed check,88.29,6267.8,No
CUST-04560,Male,0,No,No,21,Yes,No,DSL,No,No,No,No,No,No,One year,Yes,Electronic check,82.97,1743.82,Yes
CUST-04561,Female,0,No,No,34,Yes,Yes,Fiber optic,Yes,Yes,Yes,Yes,No,No,Month-to-month,Yes,Bank transfer (automatic),69.57,2404.62,Yes
CUST-04562,Female,0,No,No,6,Yes,No,DSL,No,No,No,No,Yes,No,Month-to-month,Yes,Credit card (automatic),60.54,405.41,Yes
CUST-04563,Female,0,Yes,No,53,Yes,No,DSL,No,No,No,No,No,No,Month-to-month,No,Bank transfer (automatic),89.27,4708.72,Yes
CUST-04564,Female,0,Yes,No,18,Yes,Yes,DSL,Yes,No,No,Yes,No,No,Month-to-month,Yes,Mailed check,78.22,1428.39,No
CUST-04565,Male,1,Yes,No,62,Yes,No,DSL,Yes,Yes,No,No,Yes,No,Month-to-month,No,Electronic check,87.48,5498.78,No
CUST-04566,Female,0,No,Yes,10,Yes,No,No,No internet service,No internet service,No internet service,No internet service,No internet service,No internet service,Two year,Yes,Mailed check,118.75,1260.02,Yes
CUST-04567,Male,0,Yes,Yes,9,No,No phone service,Fiber optic,No,No,No,No,No,Yes,Month-to-month,Yes,Credit card (automatic),79.71,718.85,No
CUST-04568,Male,0,No,Yes,34,Yes,No,Fiber optic,No,Yes,Yes,Yes,No,No,Month-to-month,Yes,Bank transfer (automatic),46.37,1602.01,No
CUST-04569,Female,0,No,No,7,Yes,Yes,Fiber optic,No,No,Yes,Yes,No,Yes,Month-to-month,No,Mailed check,62.11,433.45,Yes
CUST-04570,Female,0,No,Yes,24,No,No phone service,Fiber optic,No,No,Yes,Yes,No,Yes,Two year,Yes,Mailed check,79.94,1814.58,No
CUST-04571,Male,0,No,Yes,50,Yes,No,No,No internet service,No internet service,No internet service,No internet service,No internet service,No internet service,Month-to-month,No,Credit card (automatic),30.27,1456.69,No
CUST-04572,Female,1,Yes,No,37,No,No phone service,Fiber optic,No,Yes,No,Yes,No,No,One year,Yes,Electronic check,89.13,3275.12,No
CUST-04573,Female,0,Yes,No,41,Yes,No,DSL,No,Yes,No,No,Yes,No,Month-to-month,No,Electronic check,116.78,4768.31,Yes
CUST-04574,Male,1,No,No,7,Yes,Yes,No,No internet service,No internet service,No internet service,No internet service,No internet service,No internet service,Month-to-month,Yes,Electronic check,121.75,834.78,Yes
CUST-04575,Male,0,Yes,No,49,Yes,No,Fiber optic,No,No,No,No,Yes,No,Month-to-month,No,Bank transfer (automatic),85.98,4179.75,No
CUST-04576,Male,0,No,Yes,7,Yes,Yes,No,No internet service,No internet service,No internet service,No internet service,No internet service,No internet service,Month-to-month,Yes,Bank transfer (automatic),90.19,629.41,No
CUST-04577,Female,0,No,No,42,Yes,No,No,No internet service,No internet service,No internet service,No internet service,No internet service,No internet service,Two year,No,Bank transfer (automatic),98.87,4141.89,No
CUST-04578,Female,1,Yes,Yes,57,Yes,Yes,Fiber optic,No,Yes,No,No,No,No,Month-to-month,Yes,Bank transfer (automatic),125.0,7092.6,No
CUST-04579,Female,0,Yes,Yes,53,Yes,No,No,No internet service,No internet service,No internet service,No internet service,No internet service,No internet service,Month-to-month,Yes,Bank transfer (automatic),75.38,3966.54,No
CUST-04580,Female,0,Yes,No,26,Yes,No,DSL,Yes,No,No,Yes,No,No,Month-to-month,No,Bank transfer (automatic),46.73,1184.36,No
CUST-04581,Female,0,Yes,Yes,12,Yes,No,Fiber optic,Yes,No,No,No,No,Yes,Month-to-month,No,Credit card (automatic),75.34,954.75,No
CUST-04582,Male,0,No,No,60,Yes,No,Fiber optic,Yes,No,Yes,Yes,No,No,Month-to-month,Yes,Electronic check,61.52,3715.07,No
CUST-04583,Female,0,No,No,16,Yes,Yes,No,No internet service,No internet service,No internet service,No internet service,No internet service,No internet service,Two year,Yes,Electronic check,81.51,1284.98,No
CUST-04584,Male,0,Yes,Yes,36,Yes,No,Fiber optic,No,Yes,Yes,Yes,No,No,Month-to-month,Yes,Mailed check,108.09,3924.66,Yes
CUST-04585,Male,0,No,Yes,18,Yes,Yes,DSL,No,Yes,No,No,No,No,One year,Yes,Electronic check,71.42,1264.64,No
CUST-04586,Male,0,Yes,Yes,3,Yes,No,DSL,No,No,No,No,Yes,No,Two year,Yes,Electronic check,47.16,131.01,Yes
CUST-04587,Female,0,No,Yes,30,Yes,No,Fiber optic,No,Yes,Yes,Yes,Yes,Yes,Month-to-month,Yes,Mailed check,66.49,1982.21,No
CUST-04588,Female,0,No,No,40,Yes,Yes,Fiber optic,Yes,No,No,No,Yes,No,Month-to-month,No,Credit card (automatic),113.02,4572.32,No
CUST-04589,Male,0,Yes,No,55,Yes,Yes,Fiber optic,No,Yes,Yes,Yes,No,Yes,Month-to-month,Yes,Electronic check,69.52,3835.74,No
CUST-04590,Female,0,No,Yes,53,Yes,No,Fiber optic,No,Yes,Yes,Yes,No,No,Month-to-month,Yes,Credit card (automatic),125.0,6606.59,Yes
CUST-04591,Male,1,No,Yes,60,Yes,No,Fiber optic,No,Yes,Yes,No,No,Yes,Month-to-month,Yes,Credit card (automatic),56.03,3422.32,No
CUST-04592,Female,0,Yes,No,59,Yes,Yes,DSL,No,No,Yes,No,Yes,Yes,One year,No,Mailed check,39.35,2313.44,No
CUST-04593,Female,0,Yes,No,29,Yes,No,DSL,No,Yes,No,No,No,No,Month-to-month,Yes,Mailed check,44.97,1256.45,No
CUST-04594,Male,1,No,No,25,Yes,No,No,No internet service,No internet service,No internet service,No internet service,No internet service,No internet service,Month-to-month,No,Credit card (automatic),110.07,2721.22,Yes
CUST-04595,Male,0,Yes,Yes,44,Yes,No,Fiber optic,No,No,No,No,Yes,No,Month-to-month,Yes,Electronic check,76.7,3303.65,Yes
CUST-04596,Female,0,Yes,No,35,Yes,Yes,Fiber optic,No,No,No,No,Yes,Yes,Month-to-month,No,Electronic check,73.79,2550.74,No
CUST-04597,Male,0,Yes,Yes,22,No,No phone service,Fiber optic,No,No,Yes,No,No,No,Month-to-month,Yes,Electronic check,125.0,2730.08,Yes
CUST-04598,Female,0,No,No,3,Yes,No,DSL,No,No,Yes,No,No,No,Month-to-month,Yes,Electronic check,21.25,13.18,Yes
CUST-04599,Male,0,Yes,No,35,Yes,Yes,DSL,Yes,Yes,No,No,Yes,No,Month-to-month,No,Electronic check,82.27,2846.49,No
CUST-04600,Male,0,No,No,34,Yes,No,No,No internet service,No internet service,No internet service,No internet service,No internet service,No internet service,One year,Yes,Bank transfer (automatic),62.08,2063.5,No
CUST-04601,Male,0,Yes,Yes,68,Yes,Yes,DSL,No,No,No,No,No,Yes,Month-to-month,Yes,Electronic check,121.75,8321.04,No
CUST-04602,Male,0,Yes,No,59,Yes,Yes,DSL,Yes,No,No,No,Yes,No,Month-to-month,Yes,Mailed check,58.28,3365.3,No
CUST-04603,Female,1,No,Yes,20,Yes,Yes,Fiber optic,No,No,Yes,No,Yes,No,Month-to-month,No,Bank transfer (automatic),61.77,1178.6,No
CUST-04604,Male,0,Yes,No,8,Yes,No,No,No internet service,No internet service,No internet service,No internet service,No internet service,No internet service,Two year,Yes,Mailed check,90.5,726.29,No
CUST-04605,Female,0,No,Yes,57,Yes,No,Fiber optic,No,No,No,Yes,No,No,One year,No,Bank transfer (automatic),92.04,5173.41,No
CUST-04606,Female,0,Yes,No,36,Yes,Yes,Fiber optic,No,Yes,Yes,Yes,No,No,Month-to-month,No,Electronic check,102.55,3697.8,Yes
CUST-04607,Female,0,No,Yes,4,Yes,No,No,No internet service,No internet service,No internet service,No internet service,No internet service,No internet service,Two year,No,Credit card (automatic),58.19,180.22,No
CUST-04608,Female,0,Yes,No,55,No,No phone service,No,No internet service,No internet service,No internet service,No internet service,No internet service,No internet service,Two year,No,Electronic check,51.88,2872.95,No
CUST-04609,Male,0,No,No,25,Yes,Yes,Fiber optic,Yes,No,Yes,Yes,No,No,One year,No,Credit card (automatic),54.15,1325.71,Yes
CUST-04610,Female,1,Yes,No,13,Yes,No,DSL,No,No,Yes,No,No,No,Month-to-month,No,Mailed check,81.15,1033.71,Yes
CUST-04611,Female,0,No,Yes,48,Yes,No,Fiber optic,No,No,Yes,No,No,No,Month-to-month,No,Electronic check,90.43,4371.37,No
CUST-04612,Female,0,Yes,No,57,Yes,No,No,No internet service,No internet service,No internet service,No internet service,No internet service,No internet service,Two year,Yes,Bank transfer (automatic),80.83,4608.82,No
CUST-04613,Male,0,Yes,Yes,56,Yes,Yes,Fiber optic,No,Yes,No,No,No,Yes,Month-to-month,No,Mailed check,125.0,6924.24,Yes
CUST-04614,Male,0,No,No,20,Yes,Yes,No,No internet service,No internet service,No internet service,No internet service,No internet service,No internet service,One year,Yes,Electronic check,116.58,2334.64,Yes
CUST-04615,Male,0,Yes,Yes,43,Yes,No,Fiber optic,No,Yes,Yes,Yes,Yes,No,Two year,Yes,Credit card (automatic),80.84,3464.45,No
CUST-04616,Female,0,Yes,Yes,34,Yes,Yes,DSL,No,No,No,No,Yes,No,Two year,Yes,Electronic check,56.41,1902.29,No
CUST-04617,Female,0,No,Yes,63,Yes,Yes,Fiber optic,Yes,No,No,No,Yes,No,Month-to-month,No,Credit card (automatic),122.33,7685.13,No
CUST-04618,Male,0,No,Yes,14,Yes,No,No,No internet service,No internet service,No internet service,No internet service,No internet service,No internet service,Two year,Yes,Credit card (automatic),92.91,1260.11,No
CUST-04619,Male,0,No,Yes,60,Yes,No,DSL,No,Yes,No,Yes,No,No,Month-to-month,Yes,Electronic check,82.82,4978.9,No
CUST-04620,Male,0,No,No,25,Yes,No,Fiber optic,Yes,No,No,Yes,No,No,Two year,Yes,Mailed check,102.76,2539.35,No
CUST-04621,Male,0,Yes,Yes,45,Yes,No,Fiber optic,No,No,Yes,Yes,Yes,No,Month-to-month,Yes,Bank transfer (automatic),55.47,2576.44,No
CUST-04622,Male,0,Yes,No,37,Yes,Yes,Fiber optic,No,Yes,No,No,No,No,Two year,No,Credit card (automatic),106.95,4034.02,No
CUST-04623,Male,0,No,No,26,Yes,Yes,Fiber optic,No,Yes,Yes,No,No,No,Month-to-month,No,Credit card (automatic),68.94,1789.46,Yes
CUST-04624,Female,0,Yes,No,17,Yes,No,Fiber optic,Yes,No,Yes,No,No,No,One year,Yes,Electronic check,78.29,1368.07,Yes
CUST-04625,Female,0,Yes,No,27,Yes,Yes,No,No internet service,No internet service,No internet service,No internet service,No internet service,No internet service,Month-to-month,Yes,Bank transfer (automatic),95.51,2567.09,No
CUST-04626,Female,0,Yes,No,44,Yes,No,DSL,Yes,No,Yes,No,Yes,Yes,Month-to-month,Yes,Electronic check,100.87,4418.1,No
CUST-04627,Female,0,Yes,No,45,Yes,Yes,Fiber optic,No,No,No,No,No,No,Month-to-month,Yes,Credit card (automatic),33.25,1496.64,No
CUST-04628,Female,0,Yes,No,45,Yes,No,DSL,Yes,No,No,Yes,Yes,No,Two year,Yes,Credit card (automatic),118.36,5284.01,No
CUST-04629,Male,0,Yes,No,48,Yes,No,DSL,No,No,No,No,No,No,Month-to-month,Yes,Mailed check,101.91,4852.31,No
CUST-04630,Female,0,No,Yes,4,Yes,Yes,DSL,Yes,No,No,Yes,No,No,Month-to-month,Yes,Credit card (automatic),48.83,285.16,No
CUST-04631,Female,0,No,No,29,Yes,Yes,DSL,Yes,Yes,No,Yes,No,Yes,Month-to-month,Yes,Mailed check,61.22,1772.38,No
CUST-04632,Female,1,No,Yes,23,Yes,No,Fiber optic,No,Yes,No,No,No,No,One year,No,Credit card (automatic),89.24,2075.65,Yes
CUST-04633,Female,0,Yes,No,29,Yes,Yes,Fiber optic,Yes,No,Yes,No,Yes,No,Month-to-month,Yes,Mailed check,74.37,2188.97,No
CUST-04634,Female,1,Yes,No,28,Yes,Yes,DSL,No,No,Yes,No,No,Yes,Two year,Yes,Electronic check,31.55,843.62,No
CUST-04635,Female,1,No,Yes,13,No,No phone service,No,No internet service,No internet service,No internet service,No internet service,No internet service,No internet service,Month-to-month,No,Mailed check,47.27,551.51,No
CUST-04636,Male,0,Yes,Yes,70,Yes,Yes,Fiber optic,No,Yes,No,No,No,No,Month-to-month,No,Electronic check,105.84,7480.05,No
CUST-04637,Male,0,Yes,No,1,Yes,Yes,No,No internet service,No internet service,No internet service,No internet service,No internet service,No internet service,Two year,Yes,Electronic check,38.98,48.34,No
CUST-04638,Female,0,No,Yes,43,Yes,Yes,No,No internet service,No internet service,No internet service,No internet service,No internet service,No internet service,Month-to-month,No,Credit card (automatic),71.88,3091.27,No
CUST-04639,Male,0,No,Yes,34,Yes,Yes,Fiber optic,No,Yes,Yes,No,No,No,Month-to-month,Yes,Credit card (automatic),99.19,3390.63,No
CUST-04640,Male,0,Yes,No,51,Yes,No,Fiber optic,No,No,No,No,No,No,One year,Yes,Mailed check,90.72,4645.06,No
CUST-04641,Male,0,No,No,60,Yes,Yes,No,No internet service,No internet service,No internet service,No internet service,No internet service,No internet service,Month-to-month,No,Mailed check,62.99,3824.61,No
CUST-04642,Female,0,No,No,47,Yes,No,Fiber optic,No,No,Yes,Yes,Yes,No,Month-to-month,Yes,Credit card (automatic),67.33,3203.31,No
CUST-04643,Male,0,No,No,56,Yes,No,Fiber optic,No,Yes,Yes,Yes,No,No,Month-to-month,Yes,Electronic check,52.41,2934.57,No
CUST-04644,Female,0,Yes,No,20,Yes,No,DSL,Yes,No,Yes,No,Yes,Yes,Month-to-month,No,Credit card (automatic),84.04,1681.1,No
CUST-04645,Female,0,No,No,72,Yes,No,DSL,No,No,Yes,Yes,Yes,No,Month-to-month,Yes,Mailed check,46.66,3420.47,No
CUST-04646,Female,1,No,No,7,Yes,Yes,No,No internet service,No internet service,No internet service,No internet service,No internet service,No internet service,Two year,Yes,Mailed check,118.75,761.72,Yes
CUST-04647,Male,0,Yes,No,49,Yes,Yes,DSL,Yes,Yes,Yes,Yes,Yes,No,Month-to-month,No,Bank transfer (automatic),66.16,3246.29,No
CUST-04648,Female,0,No,No,11,Yes,No,DSL,Yes,Yes,No,No,No,Yes,Two year,No,Credit card (automatic),78.03,805.8,Yes
CUST-04649,Female,1,No,No,17,Yes,Yes,Fiber optic,No,Yes,No,Yes,No,No,Two year,No,Credit card (automatic),62.52,988.05,No
CUST-04650,Female,0,Yes,Yes,60,Yes,Yes,No,No internet service,No internet service,No internet service,No internet service,No internet service,No internet service,Two year,Yes,Bank transfer (automatic),89.93,5362.41,No
CUST-04651,Female,0,Yes,Yes,49,Yes,No,No,No internet service,No internet service,No internet service,No internet service,No internet service,No internet service,One year,Yes,Electronic check,18.25,843.46,No
CUST-04652,Male,0,Yes,Yes,46,Yes,No,Fiber optic,No,No,No,Yes,No,No,Two year,No,Electronic check,94.83,4387.73,No
CUST-04653,Female,0,No,No,60,Yes,No,Fiber optic,Yes,Yes,No,No,No,No,Two year,Yes,Credit card (automatic),75.05,4416.52,No
CUST-04654,Female,1,Yes,No,21,Yes,No,Fiber optic,Yes,No,Yes,Yes,No,Yes,Month-to-month,No,Bank transfer (automatic),125.0,2678.55,Yes
CUST-04655,Female,0,No,No,47,Yes,No,DSL,No,Yes,No,No,No,No,Two year,Yes,Bank transfer (automatic),68.61,3207.46,No
CUST-04656,Female,0,Yes,No,15,Yes,Yes,DSL,No,No,No,Yes,No,Yes,Two year,Yes,Bank transfer (automatic),46.37,731.72,Yes
CUST-04657,Female,0,No,No,35,Yes,Yes,No,No internet service,No internet service,No internet service,No internet service,No internet service,No internet service,Two year,No,Electronic check,98.74,3426.41,No
CUST-04658,Male,0,No,No,30,Yes,No,No,No internet service,No internet service,No internet service,No internet service,No internet service,No internet service,One year,Yes,Electronic check,75.73,2238.22,No
CUST-04659,Female,0,No,No,45,Yes,Yes,DSL,No,No,No,No,No,No,Two year,Yes,Bank transfer (automatic),27.65,1227.1,No
CUST-04660,Female,0,No,Yes,5,No,No phone service,Fiber optic,Yes,Yes,Yes,No,No,Yes,One year,No,Credit card (automatic),125.0,605.96,No
CUST-04661,Male,0,Yes,No,2,Yes,No,No,No internet service,No internet service,No internet service,No internet service,No internet service,No internet service,Month-to-month,Yes,Credit card (automatic),35.69,55.27,No
CUST-04662,Male,0,Yes,No,3,Yes,No,Fiber optic,No,Yes,No,No,No,No,Month-to-month,No,Electronic check,73.11,182.5,Yes
CUST-04663,Female,0,No,Yes,20,Yes,Yes,DSL,No,No,No,No,No,Yes,One year,No,Mailed check,79.83,1591.88,No
CUST-04664,Female,1,Yes,Yes,42,No,No phone service,DSL,Yes,No,No,Yes,Yes,No,Month-to-month,Yes,Electronic check,76.52,3224.3,No
CUST-04665,Female,0,No,Yes,12,Yes,No,Fiber optic,Yes,No,Yes,No,No,No,Month-to-month,No,Bank transfer (automatic),111.32,1355.75,Yes
CUST-04666,Male,0,No,Yes,72,Yes,No,Fiber optic,No,Yes,No,No,Yes,Yes,Month-to-month,Yes,Bank transfer (automatic),45.53,3332.49,No
CUST-04667,Female,0,No,Yes,30,Yes,Yes,Fiber optic,No,Yes,No,Yes,No,No,Month-to-month,No,Electronic check,79.58,2392.22,No
CUST-04668,Female,0,Yes,No,22,Yes,No,Fiber optic,Yes,No,Yes,No,No,No,Two year,Yes,Credit card (automatic),57.29,1288.37,No
CUST-04669,Male,0,No,No,65,Yes,No,Fiber optic,No,Yes,Yes,No,No,No,Month-to-month,Yes,Electronic check,104.29,6842.61,No
CUST-04670,Female,1,Yes,No,13,Yes,No,DSL,No,No,Yes,No,Yes,No,Two year,Yes,Credit card (automatic),98.7,1248.44,Yes
CUST-04671,Female,0,No,Yes,14,Yes,No,DSL,Yes,No,No,Yes,No,No,Month-to-month,Yes,Credit card (automatic),63.58,918.14,No
CUST-04672,Male,1,No,No,28,Yes,Yes,DSL,Yes,Yes,Yes,No,No,Yes,Month-to-month,No,Credit card (automatic),69.45,1912.73,No
CUST-04673,Female,1,No,No,6,Yes,Yes,Fiber optic,No,Yes,Yes,No,No,No,Two year,No,Bank transfer (automatic),66.82,370.08,Yes
CUST-04674,Male,0,No,No,50,Yes,No,Fiber optic,No,Yes,No,Yes,No,Yes,Two year,Yes,Bank transfer (automatic),50.09,2507.57,No
CUST-04675,Male,0,Yes,No,56,Yes,Yes,DSL,Yes,No,No,No,Yes,No,One year,No,Electronic check,88.85,4846.09,No
CUST-04676,Female,0,No,No,26,Yes,No,No,No internet service,No internet service,No internet service,No internet service,No internet service,No internet service,Month-to-month,No,Mailed check,44.27,1138.4,No
CUST-04677,Male,0,No,No,63,Yes,No,Fiber optic,No,No,No,Yes,Yes,Yes,Month-to-month,No,Credit card (automatic),84.62,5296.36,No
CUST-04678,Male,0,Yes,No,1,Yes,Yes,Fiber optic,No,No,No,No,Yes,No,Month-to-month,No,Electronic check,103.62,37.23,Yes
CUST-04679,Male,0,No,No,39,Yes,No,No,No internet service,No internet service,No internet service,No internet service,No internet service,No internet service,Two year,Yes,Mailed check,25.25,1014.78,No
CUST-04680,Female,1,No,Yes,53,Yes,No,DSL,No,No,No,No,No,No,Month-to-month,No,Electronic check,77.97,4099.31,No
CUST-04681,Female,0,No,Yes,28,Yes,No,DSL,No,No,No,Yes,Yes,Yes,Two year,No,Electronic check,38.21,1092.48,No
CUST-04682,Female,0,No,No,69,Yes,No,DSL,No,Yes,Yes,No,Yes,No,One year,Yes,Electronic check,81.38,5649.09,No
CUST-04683,Male,0,Yes,Yes,31,Yes,No,No,No internet service,No internet service,No internet service,No internet service,No internet service,No internet service,Two year,No,Bank transfer (automatic),72.09,2272.67,No
CUST-04684,Female,0,No,No,67,Yes,Yes,Fiber optic,No,No,No,Yes,No,Yes,Two year,No,Bank transfer (automatic),60.76,4176.34,No
CUST-04685,Male,0,Yes,Yes,48,Yes,No,DSL,Yes,No,No,No,Yes,No,Month-to-month,Yes,Mailed check,81.85,3900.45,No
CUST-04686,Male,0,No,No,17,Yes,Yes,DSL,No,No,No,Yes,No,No,Month-to-month,Yes,Mailed check,88.61,1452.88,Yes
CUST-04687,Male,0,Yes,Yes,60,Yes,No,DSL,Yes,Yes,Yes,Yes,No,Yes,Month-to-month,Yes,Electronic check,36.61,2292.6,No
CUST-04688,Female,1,No,No,3,No,No phone service,Fiber optic,No,No,No,No,No,Yes,Month-to-month,Yes,Bank transfer (automatic),88.45,252.17,Yes
CUST-04689,Female,0,Yes,No,14,Yes,No,Fiber optic,No,Yes,No,No,No,No,Month-to-month,Yes,Electronic check,64.25,890.26,No
CUST-04690,Male,1,Yes,No,57,Yes,Yes,Fiber optic,No,Yes,No,Yes,Yes,No,Two year,Yes,Electronic check,104.02,5968.19,No
CUST-04691,Female,0,Yes,Yes,65,Yes,Yes,DSL,No,No,No,Yes,No,Yes,Month-to-month,No,Mailed check,21.25,1379.35,No
CUST-04692,Female,0,No,No,28,Yes,No,No,No internet service,No internet service,No internet service,No internet service,No internet service,No internet service,Month-to-month,Yes,Electronic check,86.04,2399.3,No
CUST-04693,Male,0,Yes,No,48,Yes,Yes,No,No internet service,No internet service,No internet service,No internet service,No internet service,No internet service,Two year,Yes,Mailed check,30.92,1524.49,No
CUST-04694,Male,0,Yes,Yes,51,Yes,No,Fiber optic,No,No,No,Yes,No,Yes,Month-to-month,No,Electronic check,71.21,3574.38,No
CUST-04695,Male,1,Yes,Yes,54,Yes,No,Fiber optic,No,No,No,Yes,No,No,One year,No,Bank transfer (automatic),123.1,6594.69,No
CUST-04696,Male,0,Yes,No,66,Yes,Yes,No,No internet service,No internet service,No internet service,No internet service,No internet service,No internet service,Month-to-month,Yes,Electronic check,28.12,1855.1,No
CUST-04697,Female,0,No,No,7,Yes,Yes,Fiber optic,No,Yes,No,No,Yes,Yes,Two year,Yes,Mailed check,88.75,535.33,Yes
CUST-04698,Female,0,No,No,14,Yes,Yes,DSL,No,Yes,No,No,Yes,No,Two year,No,Credit card (automatic),38.84,467.09,No
CUST-04699,Female,0,Yes,Yes,67,Yes,No,Fiber optic,Yes,No,No,No,No,No,Two year,No,Credit card (automatic),122.35,8272.09,No
CUST-04700,Female,0,Yes,No,40,Yes,Yes,DSL,Yes,No,No,No,No,No,Month-to-month,Yes,Electronic check,84.2,3296.31,Yes
CUST-04701,Male,0,Yes,No,39,No,No phone service,DSL,No,No,No,No,No,Yes,Two year,No,Electronic check,118.75,4607.31,No
CUST-04702,Female,1,Yes,No,30,Yes,No,No,No internet service,No internet service,No internet service,No internet service,No internet service,No internet service,Two year,Yes,Credit card (automatic),74.45,2268.73,No
CUST-04703,Male,0,Yes,No,27,Yes,No,No,No internet service,No internet service,No internet service,No internet service,No internet service,No internet service,Month-to-month,Yes,Electronic check,99.68,2734.54,Yes
CUST-04704,Male,0,Yes,No,18,Yes,No,Fiber optic,No,Yes,No,No,No,Yes,One year,Yes,Bank transfer (automatic),78.01,1422.19,No
CUST-04705,Male,0,Yes,No,29,Yes,No,No,No internet service,No internet service,No internet service,No internet service,No internet service,No internet service,Month-to-month,No,Electronic check,121.75,3507.08,Yes
CUST-04706,Female,0,Yes,No,6,Yes,No,No,No internet service,No internet service,No internet service,No internet service,No internet service,No internet service,Two year,No,Electronic check,72.95,398.41,No
CUST-04707,Female,1,No,No,22,Yes,No,Fiber optic,No,Yes,No,Yes,No,No,Month-to-month,No,Credit card (automatic),124.88,2733.7,No
CUST-04708,Male,0,Yes,Yes,72,Yes,No,No,No internet service,No internet service,No internet service,No internet service,No internet service,No internet service,Month-to-month,No,Credit card (automatic),21.25,1542.2,No
CUST-04709,Male,0,No,No,12,Yes,No,No,No internet service,No internet service,No internet service,No internet service,No internet service,No internet service,One year,No,Mailed check,72.57,808.82,No
CUST-04710,Female,0,No,No,53,Yes,No,DSL,Yes,No,No,No,Yes,No,Two year,Yes,Bank transfer (automatic),56.37,3013.4,No
CUST-04711,Female,1,No,Yes,3,Yes,No,No,No internet service,No internet service,No internet service,No internet service,No internet service,No internet service,Two year,No,Mailed check,92.28,277.03,No
CUST-04712,Male,0,Yes,No,53,Yes,No,No,No internet service,No internet service,No internet service,No internet service,No internet service,No internet service,One year,Yes,Electronic check,107.01,5641.47,No
CUST-04713,Male,1,No,No,20,Yes,No,DSL,No,No,Yes,No,No,Yes,Month-to-month,No,Credit card (automatic),121.75,2461.45,Yes
CUST-04714,Female,0,No,Yes,51,Yes,Yes,Fiber optic,No,No,Yes,No,No,Yes,Two year,Yes,Bank transfer (automatic),46.77,2445.06,No
CUST-04715,Female,1,No,No,36,Yes,No,DSL,No,Yes,Yes,No,Yes,Yes,Month-to-month,Yes,Credit card (automatic),108.64,3917.63,Yes
CUST-04716,Male,0,No,Yes,56,Yes,Yes,Fiber optic,Yes,No,No,No,Yes,No,Two year,Yes,Electronic check,72.96,4089.95,Yes
CUST-04717,Male,0,Yes,No,49,Yes,Yes,Fiber optic,No,No,No,Yes,Yes,No,Month-to-month,No,Electronic check,124.38,6076.44,No
CUST-04718,Male,0,No,No,41,No,No phone service,DSL,No,No,No,No,No,No,Month-to-month,No,Electronic check,74.71,2987.69,No
CUST-04719,Female,0,No,No,53,Yes,Yes,Fiber optic,No,No,No,No,No,No,Month-to-month,Yes,Bank transfer (automatic),125.0,6584.53,Yes
CUST-04720,Female,1,Yes,No,70,No,No phone service,Fiber optic,No,No,No,No,No,Yes,One year,No,Credit card (automatic),62.62,4381.22,No
CUST-04721,Male,1,Yes,No,43,Yes,Yes,DSL,No,No,No,Yes,No,No,One year,No,Credit card (automatic),99.12,4198.59,No
CUST-04722,Male,0,No,No,13,Yes,No,Fiber optic,Yes,No,No,No,No,Yes,Month-to-month,No,Credit card (automatic),48.34,598.41,Yes
CUST-04723,Male,1,Yes,No,9,Yes,No,No,No internet service,No internet service,No internet service,No internet service,No internet service,No internet service,Month-to-month,Yes,Credit card (automatic),35.2,265.1,No
CUST-04724,Female,0,No,No,40,Yes,Yes,DSL,Yes,Yes,Yes,Yes,No,No,One year,Yes,Bank transfer (automatic),34.6,1387.11,No
CUST-04725,Female,0,Yes,No,32,Yes,Yes,Fiber optic,Yes,No,No,No,No,Yes,Month-to-month,Yes,Mailed check,80.06,2590.2,No
CUST-04726,Female,0,No,No,44,Yes,Yes,DSL,No,No,No,No,No,No,Two year,No,Electronic check,63.72,2833.48,No
CUST-04727,Female,0,Yes,No,49,Yes,No,DSL,Yes,No,Yes,No,No,No,Two year,Yes,Electronic check,84.46,4202.92,No
CUST-04728,Male,0,No,No,14,Yes,Yes,Fiber optic,No,No,Yes,No,Yes,No,Month-to-month,No,Bank transfer (automatic),93.85,1257.76,Yes
CUST-04729,Female,0,No,No,54,Yes,Yes,DSL,No,Yes,No,Yes,No,No,Two year,Yes,Credit card (automatic),64.99,3549.54,No
CUST-04730,Male,0,No,No,72,Yes,Yes,Fiber optic,No,Yes,No,Yes,No,Yes,Month-to-month,Yes,Mailed check,95.67,6899.42,No
CUST-04731,Male,0,Yes,Yes,24,Yes,Yes,DSL,No,No,No,No,No,Yes,Month-to-month,Yes,Mailed check,65.4,1586.48,No
CUST-04732,Male,0,Yes,No,67,Yes,No,Fiber optic,No,Yes,No,Yes,No,No,Month-to-month,Yes,Mailed check,103.15,6978.21,No
CUST-04733,Male,0,Yes,Yes,67,Yes,No,DSL,No,Yes,Yes,No,No,No,Two year,Yes,Credit card (automatic),42.12,2742.92,No
CUST-04734,Female,0,Yes,No,31,Yes,Yes,No,No internet service,No internet service,No internet service,No internet service,No internet service,No internet service,Month-to-month,Yes,Bank transfer (automatic),88.35,2731.56,Yes
CUST-04735,Male,0,No,Yes,58,Yes,No,Fiber optic,Yes,No,No,Yes,No,No,Month-to-month,Yes,Mailed check,36.27,2082.12,No
CUST-04736,Female,0,Yes,No,68,Yes,No,DSL,Yes,No,Yes,No,No,No,One year,Yes,Bank transfer (automatic),117.57,7951.24,No
CUST-04737,Female,0,Yes,Yes,62,Yes,No,DSL,Yes,No,No,No,No,Yes,Month-to-month,Yes,Electronic check,41.38,2556.38,No
CUST-04738,Female,0,No,No,28,No,No phone service,Fiber optic,No,No,Yes,Yes,No,No,Month-to-month,No,Electronic check,50.88,1442.15,No
CUST-04739,Female,0,Yes,No,48,Yes,No,No,No internet service,No internet service,No internet service,No internet service,No internet service,No internet service,Two year,Yes,Electronic check,113.99,5470.26,No
CUST-04740,Male,0,Yes,No,43,Yes,No,Fiber optic,No,Yes,No,No,No,No,Two year,Yes,Credit card (automatic),66.11,2765.28,No
CUST-04741,Female,0,No,No,30,Yes,Yes,Fiber optic,No,No,No,Yes,No,No,One year,Yes,Bank transfer (automatic),122.72,3670.33,Yes
CUST-04742,Female,1,Yes,No,47,No,No phone service,Fiber optic,Yes,No,Yes,Yes,No,No,Month-to-month,Yes,Electronic check,86.85,4029.26,No
CUST-04743,Female,0,No,Yes,68,Yes,No,DSL,No,No,No,No,Yes,No,One year,Yes,Mailed check,21.3,1408.1,No
CUST-04744,Female,1,No,No,2,Yes,Yes,Fiber optic,No,No,Yes,Yes,Yes,No,Month-to-month,No,Electronic check,78.1,114.13,No
CUST-04745,Male,1,Yes,No,65,Yes,No,DSL,No,Yes,No,No,No,Yes,Month-to-month,Yes,Bank transfer (automatic),21.25,1459.2,No
CUST-04746,Female,0,No,No,27,Yes,No,No,No internet service,No internet service,No internet service,No internet service,No internet service,No internet service,Month-to-month,Yes,Bank transfer (automatic),86.73,2320.43,No
CUST-04747,Male,0,No,No,60,Yes,No,No,No internet service,No internet service,No internet service,No internet service,No internet service,No internet service,One year,Yes,Bank transfer (automatic),96.27,5753.91,No
CUST-04748,Female,0,Yes,No,8,Yes,Yes,DSL,Yes,No,No,No,No,Yes,One year,Yes,Bank transfer (automatic),87.45,698.49,Yes
CUST-04749,Male,0,No,No,65,Yes,No,DSL,No,No,Yes,No,No,No,Month-to-month,Yes,Mailed check,51.02,3287.56,No
CUST-04750,Female,0,Yes,No,33,Yes,Yes,Fiber optic,No,No,No,No,Yes,Yes,Two year,No,Electronic check,87.89,2944.55,No
CUST-04751,Female,1,No,No,66,Yes,Yes,Fiber optic,No,No,Yes,Yes,No,No,Month-to-month,Yes,Electronic check,44.55,2967.59,No
CUST-04752,Female,0,No,No,31,Yes,Yes,Fiber optic,No,No,Yes,Yes,No,No,Month-to-month,Yes,Credit card (automatic),100.81,3141.96,No
CUST-04753,Male,0,Yes,No,54,No,No phone service,Fiber optic,No,No,Yes,No,Yes,No,Month-to-month,Yes,Electronic check,103.18,5567.98,No
CUST-04754,Male,0,Yes,No,43,Yes,No,DSL,No,Yes,No,No,No,Yes,Month-to-month,No,Bank transfer (automatic),53.96,2348.06,No
CUST-04755,Female,0,Yes,Yes,15,Yes,No,Fiber optic,No,No,No,No,No,No,Month-to-month,No,Credit card (automatic),61.97,922.35,Yes
CUST-04756,Male,0,No,No,18,Yes,No,DSL,No,No,Yes,No,No,Yes,Month-to-month,Yes,Mailed check,42.45,800.83,No
CUST-04757,Male,1,No,No,39,Yes,No,Fiber optic,No,No,No,Yes,No,No,Month-to-month,Yes,Electronic check,125.0,4886.01,Yes
CUST-04758,Female,0,Yes,Yes,36,Yes,No,Fiber optic,No,Yes,No,Yes,Yes,No,Two year,Yes,Bank transfer (automatic),59.58,2117.19,No
CUST-04759,Female,0,Yes,No,45,Yes,No,DSL,Yes,Yes,Yes,Yes,No,No,Month-to-month,Yes,Electronic check,108.84,4894.67,No
CUST-04760,Male,0,No,Yes,59,Yes,No,No,No internet service,No internet service,No internet service,No internet service,No internet service,No internet service,Two year,Yes,Electronic check,65.09,3874.63,No
CUST-04761,Male,0,Yes,No,56,Yes,Yes,Fiber optic,Yes,Yes,No,Yes,Yes,No,Two year,Yes,Mailed check,39.14,2197.21,No
CUST-04762,Male,0,Yes,No,5,No,No phone service,Fiber optic,No,No,No,Yes,No,No,Two year,Yes,Electronic check,60.92,266.41,No
CUST-04763,Female,0,Yes,Yes,36,Yes,Yes,No,No internet service,No internet service,No internet service,No internet service,No internet service,No internet service,One year,Yes,Electronic check,64.05,2395.74,No
CUST-04764,Female,0,No,Yes,11,No,No phone service,Fiber optic,Yes,Yes,No,Yes,Yes,No,One year,Yes,Bank transfer (automatic),63.17,674.97,No
CUST-04765,Female,0,Yes,No,37,Yes,No,No,No internet service,No internet service,No internet service,No internet service,No internet service,No internet service,One year,Yes,Bank transfer (automatic),91.16,3374.94,No
CUST-04766,Female,1,No,Yes,39,Yes,No,No,No internet service,No internet service,No internet service,No internet service,No internet service,No internet service,Month-to-month,Yes,Credit card (automatic),58.22,2268.4,No
CUST-04767,Male,0,No,Yes,72,Yes,Yes,Fiber optic,Yes,No,No,No,Yes,Yes,Month-to-month,Yes,Bank transfer (automatic),87.37,6383.45,No
CUST-04768,Female,0,Yes,No,28,Yes,No,DSL,Yes,Yes,Yes,Yes,No,Yes,Month-to-month,Yes,Electronic check,63.67,1777.15,No
CUST-04769,Female,0,No,No,33,No,No phone service,DSL,No,Yes,No,No,No,No,Two year,Yes,Electronic check,60.08,,Yes
CUST-04770,Female,1,Yes,No,37,Yes,No,Fiber optic,No,No,No,No,Yes,No,Month-to-month,Yes,Credit card (automatic),67.67,2542.98,Yes
CUST-04771,Female,0,Yes,No,10,Yes,No,DSL,Yes,Yes,No,No,Yes,No,Two year,Yes,Mailed check,59.26,539.93,No
CUST-04772,Male,0,No,No,5,Yes,Yes,DSL,Yes,Yes,No,No,Yes,No,One year,No,Electronic check,108.66,615.83,Yes
CUST-04773,Female,0,Yes,No,52,Yes,Yes,DSL,Yes,No,No,Yes,Yes,Yes,Two year,No,Bank transfer (automatic),65.75,3426.73,No
CUST-04774,Male,0,No,Yes,22,Yes,Yes,DSL,No,Yes,Yes,Yes,Yes,Yes,One year,Yes,Electronic check,84.67,1863.63,Yes
CUST-04775,Female,0,No,No,27,No,No phone service,Fiber optic,No,No,No,No,Yes,No,Month-to-month,Yes,Electronic check,104.47,2835.91,No
CUST-04776,Female,0,Yes,No,72,Yes,No,DSL,No,No,No,No,Yes,Yes,Month-to-month,No,Electronic check,42.44,3152.95,No
CUST-04777,Female,0,No,No,18,Yes,Yes,DSL,Yes,Yes,No,Yes,Yes,No,Month-to-month,Yes,Electronic check,38.64,696.06,No
CUST-04778,Male,0,No,Yes,66,No,No phone service,Fiber optic,Yes,No,No,No,No,No,Month-to-month,Yes,Mailed check,40.16,2660.39,No
CUST-04779,Female,0,Yes,No,46,Yes,No,No,No internet service,No internet service,No internet service,No internet service,No internet service,No internet service,One year,No,Credit card (automatic),45.33,2122.04,No
CUST-04780,Female,0,No,No,20,Yes,Yes,Fiber optic,Yes,No,Yes,No,No,Yes,Month-to-month,No,Mailed check,103.91,2090.68,Yes
CUST-04781,Male,0,No,Yes,69,Yes,No,No,No internet service,No internet service,No internet service,No internet service,No internet service,No internet service,Month-to-month,Yes,Credit card (automatic),21.25,1518.31,No
CUST-04782,Male,0,Yes,No,45,Yes,No,DSL,Yes,No,No,No,No,No,Month-to-month,Yes,Mailed check,84.7,3831.24,No
CUST-04783,Female,0,Yes,Yes,23,Yes,No,Fiber optic,No,Yes,No,No,Yes,No,Month-to-month,No,Bank transfer (automatic),57.63,1377.54,Yes
CUST-04784,Male,0,Yes,No,33,Yes,Yes,Fiber optic,No,No,Yes,No,Yes,No,Month-to-month,Yes,Bank transfer (automatic),100.87,3358.24,No
CUST-04785,Male,0,Yes,No,27,Yes,No,Fiber optic,Yes,No,Yes,Yes,Yes,Yes,Two year,Yes,Electronic check,63.99,1735.63,No
CUST-04786,Female,0,Yes,Yes,61,Yes,Yes,Fiber optic,Yes,Yes,No,No,No,Yes,Month-to-month,Yes,Credit card (automatic),98.79,6075.02,No
CUST-04787,Male,0,No,No,34,Yes,Yes,No,No internet service,No internet service,No internet service,No internet service,No internet service,No internet service,Month-to-month,Yes,Electronic check,91.86,3159.74,No
CUST-04788,Female,1,No,Yes,3,No,No phone service,DSL,No,Yes,Yes,No,No,Yes,Month-to-month,No,Bank transfer (automatic),48.52,139.42,Yes
CUST-04789,Female,1,No,No,50,Yes,Yes,Fiber optic,No,Yes,No,Yes,No,No,One year,No,Bank transfer (automatic),69.67,3452.71,No
CUST-04790,Male,0,Yes,No,55,Yes,No,Fiber optic,Yes,No,No,No,No,No,One year,No,Bank transfer (automatic),63.47,3500.57,No
CUST-04791,Female,0,Yes,No,29,Yes,No,Fiber optic,No,Yes,No,Yes,No,Yes,Month-to-month,No,Credit card (automatic),78.97,2345.5,No
CUST-04792,Male,0,Yes,Yes,67,Yes,Yes,Fiber optic,Yes,Yes,Yes,No,No,Yes,Month-to-month,No,Bank transfer (automatic),79.77,5299.09,No
CUST-04793,Male,0,Yes,No,31,Yes,No,DSL,No,Yes,No,No,Yes,No,One year,Yes,Electronic check,84.32,2607.55,Yes
CUST-04794,Female,0,No,No,20,Yes,No,DSL,No,No,No,No,No,Yes,Month-to-month,Yes,Credit card (automatic),121.75,2432.72,Yes
CUST-04795,Female,1,Yes,No,51,Yes,Yes,Fiber optic,Yes,Yes,No,Yes,No,No,One year,Yes,Electronic check,119.86,6159.63,No
CUST-04796,Female,1,No,No,10,Yes,Yes,Fiber optic,No,No,No,No,No,Yes,Month-to-month,Yes,Mailed check,41.65,367.37,Yes
CUST-04797,Male,0,Yes,No,71,Yes,No,DSL,No,No,No,Yes,No,Yes,Month-to-month,Yes,Electronic check,39.63,2860.44,No
CUST-04798,Female,0,No,No,50,Yes,No,No,No internet service,No internet service,No internet service,No internet service,No internet service,No internet service,Two year,No,Mailed check,84.42,4191.62,No
CUST-04799,Female,0,No,No,23,Yes,Yes,Fiber optic,Yes,No,No,No,No,No,One year,Yes,Bank transfer (automatic),55.37,1275.82,Yes
CUST-04800,Male,0,No,No,6,Yes,No,DSL,No,No,No,Yes,No,Yes,Month-to-month,No,Bank transfer (automatic),51.98,350.72,Yes
CUST-04801,Male,0,No,Yes,43,Yes,No,DSL,Yes,Yes,Yes,No,No,No,Month-to-month,Yes,Electronic check,38.47,1723.35,Yes
CUST-04802,Male,1,No,No,43,Yes,No,No,No internet service,No internet service,No internet service,No internet service,No internet service,No internet service,One year,Yes,Credit card (automatic),64.17,2812.36,No
CUST-04803,Female,1,No,No,58,Yes,Yes,No,No internet service,No internet service,No internet service,No internet service,No internet service,No internet service,Month-to-month,Yes,Electronic check,32.48,1859.62,No
CUST-04804,Male,0,Yes,No,21,Yes,No,No,No internet service,No internet service,No internet service,No internet service,No internet service,No internet service,Month-to-month,Yes,Mailed check,105.82,2181.13,No
CUST-04805,Male,0,Yes,No,16,Yes,Yes,Fiber optic,Yes,No,No,No,Yes,No,One year,Yes,Credit card (automatic),104.83,1762.98,Yes
CUST-04806,Male,0,No,No,30,Yes,Yes,No,No internet service,No internet service,No internet service,No internet service,No internet service,No internet service,One year,Yes,Mailed check,20.97,572.79,No
CUST-04807,Female,0,Yes,Yes,59,Yes,No,DSL,Yes,No,No,Yes,No,No,Month-to-month,No,Electronic check,91.21,5459.41,No
CUST-04808,Male,0,No,No,66,Yes,No,DSL,No,No,No,No,Yes,Yes,Two year,No,Mailed check,85.88,5712.46,No
CUST-04809,Female,0,Yes,No,26,Yes,Yes,DSL,No,No,No,No,No,No,Two year,No,Electronic check,82.02,2173.01,Yes
CUST-04810,Male,0,No,Yes,4,Yes,Yes,Fiber optic,Yes,No,Yes,No,No,No,One year,Yes,Electronic check,85.93,378.18,Yes
CUST-04811,Female,0,Yes,Yes,8,Yes,Yes,DSL,No,No,Yes,No,Yes,No,One year,Yes,Electronic check,70.71,525.94,No
CUST-04812,Female,0,No,Yes,40,Yes,No,Fiber optic,No,No,No,No,No,No,Month-to-month,Yes,Bank transfer (automatic),96.5,3846.25,Yes
CUST-04813,Male,0,Yes,No,2,Yes,Yes,DSL,Yes,No,No,Yes,No,Yes,Month-to-month,No,Electronic check,40.07,165.57,No
CUST-04814,Male,0,Yes,No,53,Yes,No,Fiber optic,No,Yes,No,No,No,No,Two year,Yes,Bank transfer (automatic),66.07,3446.24,No
CUST-04815,Male,0,No,Yes,3,No,No phone service,No,No internet service,No internet service,No internet service,No internet service,No internet service,No internet service,Two year,No,Bank transfer (automatic),113.52,410.85,No
CUST-04816,Female,0,Yes,No,31,Yes,Yes,Fiber optic,No,No,No,No,Yes,No,Two year,No,Bank transfer (automatic),82.82,2649.07,Yes
CUST-04817,Male,0,Yes,No,58,Yes,No,Fiber optic,Yes,No,No,No,No,No,Two year,Yes,Mailed check,90.07,5185.12,No
CUST-04818,Female,0,No,No,34,Yes,No,DSL,No,No,No,No,Yes,No,Two year,Yes,Bank transfer (automatic),118.75,4081.12,No
CUST-04819,Male,0,No,No,49,Yes,No,DSL,No,No,Yes,No,No,No,Month-to-month,No,Credit card (automatic),96.21,4799.62,No
CUST-04820,Male,0,Yes,No,25,Yes,No,Fiber optic,No,No,No,No,No,No,Month-to-month,No,Mailed check,125.0,3213.86,Yes
CUST-04821,Male,0,No,No,58,Yes,Yes,DSL,No,No,No,Yes,No,No,Two year,No,Bank transfer (automatic),63.28,3578.5,No
CUST-04822,Male,0,Yes,No,31,Yes,Yes,Fiber optic,Yes,No,No,Yes,Yes,Yes,Two year,No,Credit card (automatic),72.13,2285.12,No
CUST-04823,Male,0,Yes,No,55,Yes,Yes,No,No internet service,No internet service,No internet service,No internet service,No internet service,No internet service,Month-to-month,No,Bank transfer (automatic),67.0,3700.0,No
CUST-04824,Male,0,No,No,69,Yes,Yes,DSL,No,No,Yes,No,No,No,Month-to-month,Yes,Bank transfer (automatic),86.4,6023.91,Yes
CUST-04825,Female,0,Yes,No,28,Yes,No,DSL,No,No,Yes,No,No,Yes,One year,No,Electronic check,98.58,2784.32,No
CUST-04826,Female,0,Yes,No,17,Yes,Yes,DSL,No,No,No,Yes,Yes,Yes,Two year,Yes,Bank transfer (automatic),84.5,1442.85,No
CUST-04827,Female,0,Yes,No,68,Yes,Yes,No,No internet service,No internet service,No internet service,No internet service,No internet service,No internet service,Month-to-month,Yes,Mailed check,96.33,6648.48,No
CUST-04828,Male,0,No,Yes,50,No,No phone service,DSL,Yes,Yes,No,No,Yes,No,One year,Yes,Electronic check,42.93,2159.13,No
CUST-04829,Male,1,No,No,64,Yes,Yes,Fiber optic,Yes,Yes,Yes,No,Yes,No,One year,Yes,Mailed check,77.19,5031.34,No
CUST-04830,Female,1,Yes,Yes,28,Yes,No,Fiber optic,Yes,No,Yes,Yes,Yes,No,Month-to-month,No,Bank transfer (automatic),114.56,3243.1,Yes
CUST-04831,Female,0,No,Yes,26,Yes,Yes,Fiber optic,Yes,No,No,No,No,Yes,Month-to-month,No,Mailed check,80.85,2057.78,No
CUST-04832,Female,0,No,No,9,Yes,No,Fiber optic,Yes,No,Yes,No,No,Yes,Month-to-month,No,Electronic check,45.8,436.27,Yes
CUST-04833,Female,0,Yes,Yes,56,No,No phone service,DSL,No,No,No,No,No,Yes,Month-to-month,No,Credit card (automatic),109.84,6226.45,Yes
CUST-04834,Female,0,No,No,61,Yes,No,No,No internet service,No internet service,No internet service,No internet service,No internet service,No internet service,Month-to-month,Yes,Electronic check,46.5,2797.22,No
CUST-04835,Male,0,Yes,No,60,Yes,No,DSL,No,No,No,No,No,No,One year,No,Bank transfer (automatic),65.94,3970.62,No
CUST-04836,Male,0,Yes,No,21,Yes,Yes,Fiber optic,No,Yes,No,Yes,No,No,One year,Yes,Bank transfer (automatic),83.48,1639.71,No
CUST-04837,Female,1,Yes,No,36,Yes,Yes,No,No internet service,No internet service,No internet service,No internet service,No internet service,No internet service,Month-to-month,No,Electronic check,21.25,726.24,No
CUST-04838,Female,0,Yes,Yes,36,Yes,No,DSL,No,No,No,Yes,No,No,Two year,Yes,Credit card (automatic),39.46,1363.56,No
CUST-04839,Male,0,No,Yes,9,Yes,No,Fiber optic,Yes,No,No,No,No,Yes,Month-to-month,Yes,Mailed check,70.74,584.73,Yes
CUST-04840,Male,1,No,No,1,Yes,No,Fiber optic,No,No,No,No,Yes,No,Month-to-month,Yes,Mailed check,112.94,171.38,No
CUST-04841,Male,0,No,Yes,25,Yes,No,DSL,No,No,Yes,No,No,No,Month-to-month,No,Electronic check,80.13,1984.72,Yes
CUST-04842,Female,0,Yes,No,37,Yes,No,Fiber optic,Yes,Yes,No,No,No,No,One year,Yes,Mailed check,125.0,4604.79,No
CUST-04843,Female,0,Yes,Yes,72,Yes,No,DSL,Yes,No,Yes,No,No,Yes,Two year,Yes,Credit card (automatic),118.75,8517.03,No
CUST-04844,Female,1,Yes,No,63,Yes,No,Fiber optic,Yes,No,No,No,No,No,Two year,No,Credit card (automatic),74.85,4746.76,No
CUST-04845,Male,0,Yes,Yes,52,No,No phone service,Fiber optic,No,No,No,No,Yes,No,One year,Yes,Mailed check,87.63,4633.95,No
CUST-04846,Male,0,No,No,70,Yes,No,Fiber optic,Yes,Yes,No,No,No,No,One year,Yes,Credit card (automatic),54.24,3825.96,No
CUST-04847,Male,0,No,Yes,56,Yes,No,Fiber optic,No,No,Yes,Yes,No,No,Month-to-month,No,Mailed check,61.97,3507.45,No
CUST-04848,Female,0,No,No,38,Yes,No,Fiber optic,Yes,No,Yes,No,No,Yes,Month-to-month,Yes,Mailed check,58.31,2265.92,Yes
CUST-04849,Female,0,No,Yes,66,Yes,No,DSL,No,No,No,No,No,No,Month-to-month,No,Mailed check,21.25,1412.36,No
CUST-04850,Male,0,Yes,Yes,67,Yes,No,DSL,Yes,No,No,Yes,No,Yes,Month-to-month,No,Bank transfer (automatic),40.81,2658.63,No
CUST-04851,Male,0,Yes,Yes,15,Yes,Yes,DSL,No,No,Yes,No,No,No,One year,Yes,Credit card (automatic),114.3,1768.17,No
CUST-04852,Male,0,Yes,No,21,Yes,No,No,No internet service,No internet service,No internet service,No internet service,No internet service,No internet service,Month-to-month,No,Electronic check,90.61,1891.65,No
CUST-04853,Female,0,No,No,70,Yes,Yes,Fiber optic,Yes,Yes,No,No,No,No,Month-to-month,Yes,Electronic check,33.25,2246.53,No
CUST-04854,Female,0,Yes,No,1,Yes,Yes,DSL,No,Yes,Yes,No,No,Yes,Two year,Yes,Electronic check,55.73,80.88,No
CUST-04855,Female,0,Yes,No,38,Yes,Yes,Fiber optic,Yes,No,Yes,Yes,No,No,Two year,Yes,Credit card (automatic),104.81,4076.26,No
CUST-04856,Male,0,No,No,28,Yes,No,Fiber optic,No,No,No,No,No,Yes,Month-to-month,No,Electronic check,64.4,1861.78,Yes
CUST-04857,Male,0,Yes,Yes,54,No,No phone service,Fiber optic,No,No,No,Yes,No,Yes,Month-to-month,Yes,Credit card (automatic),94.44,5032.47,No
CUST-04858,Male,0,No,No,69,No,No phone service,Fiber optic,Yes,No,No,No,Yes,Yes,One year,No,Credit card (automatic),30.25,2083.51,No
CUST-04859,Female,0,Yes,No,23,Yes,Yes,DSL,Yes,No,Yes,Yes,Yes,Yes,Month-to-month,Yes,Credit card (automatic),22.27,483.38,No
CUST-04860,Male,0,No,Yes,16,Yes,Yes,DSL,Yes,Yes,Yes,No,No,No,One year,Yes,Mailed check,50.71,754.24,No
CUST-04861,Female,0,Yes,Yes,24,Yes,No,No,No internet service,No internet service,No internet service,No internet service,No internet service,No internet service,Month-to-month,No,Bank transfer (automatic),75.32,1802.11,No
CUST-04862,Male,0,No,No,52,Yes,Yes,Fiber optic,No,No,Yes,No,No,Yes,Month-to-month,No,Electronic check,94.29,4895.89,No
CUST-04863,Male,0,No,Yes,26,Yes,No,Fiber optic,No,No,Yes,No,Yes,Yes,Month-to-month,No,Mailed check,33.25,812.78,No
CUST-04864,Male,0,Yes,Yes,47,Yes,Yes,DSL,Yes,Yes,Yes,No,Yes,No,Month-to-month,No,Mailed check,70.57,3298.53,No
CUST-04865,Male,1,No,No,26,Yes,Yes,No,No internet service,No internet service,No internet service,No internet service,No internet service,No internet service,Month-to-month,No,Electronic check,100.72,2606.89,No
CUST-04866,Male,0,No,Yes,54,Yes,No,DSL,No,Yes,No,Yes,No,Yes,Two year,Yes,Mailed check,31.1,1635.78,No
CUST-04867,Female,0,No,No,5,Yes,No,Fiber optic,No,No,Yes,No,Yes,No,One year,Yes,Mailed check,80.71,322.21,Yes
CUST-04868,Female,0,No,No,25,Yes,Yes,Fiber optic,No,No,No,No,No,No,One year,Yes,Bank transfer (automatic),85.49,2100.74,Yes
CUST-04869,Male,0,No,No,23,Yes,Yes,DSL,No,Yes,No,Yes,No,Yes,Month-to-month,Yes,Credit card (automatic),94.37,2096.83,No
CUST-04870,Male,0,Yes,No,44,Yes,Yes,DSL,Yes,No,Yes,No,Yes,Yes,Month-to-month,No,Mailed check,82.28,3634.78,No
CUST-04871,Female,0,Yes,No,47,Yes,Yes,Fiber optic,Yes,No,No,Yes,Yes,No,Two year,No,Electronic check,80.62,3788.63,No
CUST-04872,Male,0,Yes,No,53,Yes,No,Fiber optic,No,No,No,No,Yes,No,Two year,Yes,Electronic check,71.09,3824.41,No
CUST-04873,Female,0,No,No,65,Yes,No,No,No internet service,No internet service,No internet service,No internet service,No internet service,No internet service,Month-to-month,No,Credit card (automatic),71.65,4553.34,No
CUST-04874,Male,0,No,No,58,Yes,Yes,Fiber optic,Yes,No,Yes,Yes,No,Yes,Month-to-month,Yes,Electronic check,125.0,7309.4,No
CUST-04875,Female,0,No,No,3,Yes,Yes,No,No internet service,No internet service,No internet service,No internet service,No internet service,No internet service,Two year,No,Electronic check,34.44,47.13,No
CUST-04876,Male,0,Yes,No,49,Yes,Yes,Fiber optic,No,No,No,Yes,No,No,Two year,No,Bank transfer (automatic),49.74,2433.61,No
CUST-04877,Female,1,No,No,2,Yes,Yes,Fiber optic,No,Yes,No,No,No,Yes,Month-to-month,Yes,Credit card (automatic),91.34,167.44,Yes
CUST-04878,Female,0,No,Yes,30,Yes,No,No,No internet service,No internet service,No internet service,No internet service,No internet service,No internet service,Month-to-month,Yes,Bank transfer (automatic),32.62,917.66,No
CUST-04879,Male,0,Yes,Yes,43,Yes,Yes,No,No internet service,No internet service,No internet service,No internet service,No internet service,No internet service,Month-to-month,Yes,Electronic check,29.67,1287.58,No
CUST-04880,Male,0,No,No,23,Yes,No,DSL,Yes,Yes,Yes,Yes,Yes,No,Month-to-month,Yes,Credit card (automatic),121.75,2802.72,Yes
CUST-04881,Female,0,Yes,No,51,Yes,No,Fiber optic,No,No,No,Yes,No,No,One year,Yes,Mailed check,86.1,4479.23,No
CUST-04882,Male,0,No,No,58,Yes,No,DSL,Yes,No,No,No,Yes,No,Month-to-month,Yes,Bank transfer (automatic),87.91,5104.61,No
CUST-04883,Female,1,Yes,No,44,Yes,No,No,No internet service,No internet service,No internet service,No internet service,No internet service,No internet service,Month-to-month,No,Bank transfer (automatic),69.1,3025.75,No
CUST-04884,Female,0,No,Yes,38,Yes,Yes,Fiber optic,Yes,Yes,Yes,Yes,No,No,Month-to-month,Yes,Mailed check,111.4,4198.84,Yes
CUST-04885,Female,0,Yes,No,71,No,No phone service,Fiber optic,Yes,Yes,No,Yes,No,No,One year,Yes,Credit card (automatic),90.09,6365.75,No
CUST-04886,Female,0,Yes,No,47,Yes,No,No,No internet service,No internet service,No internet service,No internet service,No internet service,No internet service,One year,Yes,Electronic check,39.95,1778.51,No
CUST-04887,Male,1,No,No,17,Yes,No,DSL,Yes,No,No,No,No,No,Two year,Yes,Electronic check,81.93,1364.44,Yes
CUST-04888,Male,0,No,No,48,No,No phone service,Fiber optic,No,No,Yes,Yes,No,No,Month-to-month,No,Electronic check,65.2,3151.14,Yes
CUST-04889,Female,0,Yes,No,35,Yes,Yes,Fiber optic,Yes,Yes,Yes,Yes,Yes,No,Month-to-month,No,Mailed check,74.34,2564.95,No
CUST-04890,Female,0,Yes,No,2,Yes,Yes,DSL,No,Yes,No,Yes,No,No,Two year,Yes,Bank transfer (automatic),51.0,146.33,No
CUST-04891,Male,0,No,No,66,Yes,Yes,DSL,No,No,Yes,Yes,Yes,Yes,Month-to-month,No,Credit card (automatic),24.97,1646.83,No
CUST-04892,Male,0,No,No,58,Yes,No,Fiber optic,No,Yes,Yes,No,No,No,Month-to-month,No,Electronic check,105.4,6146.05,No
CUST-04893,Female,0,Yes,No,45,Yes,No,DSL,Yes,Yes,Yes,Yes,Yes,No,Two year,Yes,Mailed check,26.66,1185.86,Yes
CUST-04894,Female,0,Yes,Yes,49,Yes,No,No,No internet service,No internet service,No internet service,No internet service,No internet service,No internet service,Month-to-month,Yes,Credit card (automatic),74.02,3592.1,No
CUST-04895,Female,1,Yes,Yes,42,Yes,No,DSL,Yes,No,No,No,No,No,Month-to-month,Yes,Bank transfer (automatic),21.25,950.0,No
CUST-04896,Female,1,No,No,25,Yes,No,DSL,Yes,No,No,Yes,Yes,Yes,Two year,Yes,Bank transfer (automatic),99.98,2497.47,No
CUST-04897,Male,0,No,No,68,Yes,No,DSL,No,Yes,Yes,No,No,No,Month-to-month,No,Electronic check,75.73,5200.71,No
CUST-04898,Male,0,No,No,40,Yes,No,Fiber optic,No,Yes,No,No,No,No,Month-to-month,Yes,Mailed check,77.56,3083.12,No
CUST-04899,Male,0,Yes,No,25,Yes,No,Fiber optic,Yes,No,Yes,No,Yes,No,Two year,Yes,Electronic check,80.36,1843.77,No
CUST-04900,Male,1,No,No,50,Yes,Yes,No,No internet service,No internet service,No internet service,No internet service,No internet service,No internet service,Month-to-month,Yes,Mailed check,81.95,4175.22,No
CUST-04901,Female,0,Yes,No,12,Yes,No,DSL,No,No,No,No,No,Yes,Two year,Yes,Electronic check,86.05,991.77,No
CUST-04902,Male,1,No,No,24,No,No phone service,DSL,Yes,Yes,Yes,Yes,No,Yes,One year,Yes,Mailed check,94.05,2195.32,Yes
CUST-04903,Male,0,Yes,No,10,No,No phone service,DSL,No,No,No,No,Yes,No,One year,No,Mailed check,104.06,1075.55,Yes
CUST-04904,Male,0,Yes,No,7,Yes,No,Fiber optic,No,No,No,No,No,Yes,Month-to-month,Yes,Electronic check,125.0,792.12,Yes
CUST-04905,Female,0,Yes,No,60,Yes,No,DSL,No,No,No,No,Yes,No,One year,Yes,Electronic check,76.03,4605.51,No
CUST-04906,Male,0,Yes,No,32,Yes,No,DSL,Yes,No,No,Yes,No,Yes,One year,No,Mailed check,48.15,1543.65,No
CUST-04907,Female,1,Yes,No,62,Yes,Yes,Fiber optic,No,No,No,Yes,No,No,Two year,Yes,Electronic check,84.15,5229.04,No
CUST-04908,Male,0,No,Yes,46,Yes,No,No,No internet service,No internet service,No internet service,No internet service,No internet service,No internet service,Month-to-month,Yes,Electronic check,21.25,997.44,No
CUST-04909,Male,0,No,No,17,Yes,Yes,DSL,No,Yes,Yes,No,Yes,Yes,Month-to-month,No,Bank transfer (automatic),34.85,542.56,Yes
CUST-04910,Male,0,No,No,16,Yes,No,Fiber optic,No,No,Yes,No,No,No,Month-to-month,Yes,Electronic check,91.39,1412.84,No
CUST-04911,Male,1,No,Yes,33,Yes,No,Fiber optic,No,No,No,No,No,No,One year,No,Electronic check,65.67,2207.84,No
CUST-04912,Male,0,Yes,No,7,Yes,No,DSL,No,Yes,No,No,No,Yes,Month-to-month,No,Mailed check,89.74,599.63,No
CUST-04913,Female,0,No,Yes,43,Yes,No,Fiber optic,Yes,No,No,No,Yes,No,Month-to-month,Yes,Bank transfer (automatic),79.71,3414.8,No
CUST-04914,Male,0,Yes,No,34,Yes,Yes,DSL,No,No,No,Yes,Yes,No,Month-to-month,Yes,Bank transfer (automatic),76.39,2603.56,No
CUST-04915,Male,0,Yes,No,11,Yes,Yes,Fiber optic,No,No,Yes,No,Yes,No,Month-to-month,No,Credit card (automatic),73.73,842.3,No
CUST-04916,Female,0,Yes,Yes,38,No,No phone service,Fiber optic,No,Yes,No,Yes,No,No,Month-to-month,No,Bank transfer (automatic),97.57,3632.11,Yes
CUST-04917,Female,1,Yes,No,62,No,No phone service,Fiber optic,Yes,No,No,No,No,No,Month-to-month,No,Mailed check,67.73,4220.54,No
CUST-04918,Female,0,No,No,66,Yes,No,Fiber optic,No,No,No,No,No,No,Month-to-month,Yes,Mailed check,44.68,2996.28,No
CUST-04919,Male,0,Yes,No,31,Yes,No,Fiber optic,Yes,No,No,No,Yes,Yes,Two year,No,Credit card (automatic),112.7,3514.18,No
CUST-04920,Male,0,Yes,No,6,Yes,No,DSL,No,No,No,No,No,No,Month-to-month,Yes,Credit card (automatic),88.94,595.31,Yes
CUST-04921,Male,0,No,Yes,63,Yes,Yes,Fiber optic,No,No,No,No,No,No,Month-to-month,Yes,Bank transfer (automatic),101.25,6365.23,No
CUST-04922,Male,0,Yes,Yes,40,Yes,Yes,No,No internet service,No internet service,No internet service,No internet service,No internet service,No internet service,Month-to-month,No,Bank transfer (automatic),121.75,4800.89,No
CUST-04923,Male,1,No,No,55,Yes,No,Fiber optic,Yes,No,Yes,No,No,No,Month-to-month,No,Mailed check,50.55,2804.61,No
CUST-04924,Male,0,Yes,No,4,Yes,Yes,Fiber optic,No,No,Yes,No,No,Yes,One year,Yes,Bank transfer (automatic),109.57,439.09,Yes
CUST-04925,Female,0,No,No,22,Yes,No,Fiber optic,No,Yes,No,No,No,Yes,Two year,No,Bank transfer (automatic),87.93,2018.25,Yes
CUST-04926,Female,0,No,Yes,21,Yes,No,No,No internet service,No internet service,No internet service,No internet service,No internet service,No internet service,Month-to-month,No,Credit card (automatic),25.27,542.86,No
CUST-04927,Female,0,Yes,No,52,Yes,Yes,Fiber optic,No,No,No,No,No,No,Month-to-month,No,Mailed check,92.23,4835.42,No
CUST-04928,Male,0,No,No,50,Yes,No,Fiber optic,No,No,No,No,No,No,Two year,No,Bank transfer (automatic),101.2,5045.49,No
CUST-04929,Female,1,Yes,No,54,Yes,No,No,No internet service,No internet service,No internet service,No internet service,No internet service,No internet service,Month-to-month,No,Electronic check,41.21,2227.37,No
CUST-04930,Female,0,Yes,Yes,29,Yes,Yes,No,No internet service,No internet service,No internet service,No internet service,No internet service,No internet service,Month-to-month,No,Credit card (automatic),56.15,1683.87,No
CUST-04931,Female,0,No,No,23,Yes,Yes,No,No internet service,No internet service,No internet service,No internet service,No internet service,No internet service,Month-to-month,No,Credit card (automatic),60.78,1427.36,No
CUST-04932,Male,1,No,No,14,Yes,No,DSL,No,Yes,No,No,No,No,Month-to-month,Yes,Bank transfer (automatic),44.0,743.57,No
CUST-04933,Male,0,Yes,Yes,19,Yes,No,Fiber optic,No,No,Yes,No,Yes,Yes,Two year,Yes,Mailed check,106.83,2072.7,Yes
CUST-04934,Male,0,Yes,No,12,Yes,Yes,DSL,No,Yes,No,No,Yes,No,Month-to-month,No,Credit card (automatic),120.58,1450.67,No
CUST-04935,Female,1,Yes,No,60,Yes,Yes,Fiber optic,Yes,No,Yes,Yes,No,No,Two year,Yes,Electronic check,66.59,4008.09,No
CUST-04936,Male,1,No,Yes,49,Yes,Yes,Fiber optic,No,No,No,No,Yes,No,Month-to-month,No,Bank transfer (automatic),79.92,3947.44,No
CUST-04937,Male,0,No,Yes,49,Yes,No,DSL,No,Yes,No,No,No,No,One year,Yes,Mailed check,78.1,3889.72,No
CUST-04938,Male,0,Yes,No,64,Yes,Yes,Fiber optic,No,No,Yes,Yes,Yes,No,Month-to-month,No,Electronic check,118.04,7547.84,No
CUST-04939,Female,1,No,Yes,54,No,No phone service,DSL,Yes,No,No,No,No,No,Month-to-month,No,Electronic check,26.94,1378.32,No
CUST-04940,Female,0,Yes,Yes,24,Yes,Yes,No,No internet service,No internet service,No internet service,No internet service,No internet service,No internet service,Two year,Yes,Bank transfer (automatic),75.86,1858.58,No
CUST-04941,Male,0,No,No,23,Yes,No,Fiber optic,No,No,No,No,No,No,One year,No,Mailed check,61.27,1458.95,No
CUST-04942,Female,1,No,No,10,Yes,Yes,DSL,Yes,No,No,No,No,No,Two year,Yes,Credit card (automatic),69.56,677.94,No
CUST-04943,Male,0,No,No,52,Yes,Yes,Fiber optic,Yes,Yes,Yes,No,No,No,Month-to-month,Yes,Mailed check,80.03,4227.02,No
CUST-04944,Male,0,Yes,No,63,Yes,No,Fiber optic,No,No,No,No,No,No,Month-to-month,Yes,Electronic check,107.46,6810.19,No
CUST-04945,Female,0,Yes,No,52,Yes,No,Fiber optic,No,No,No,No,Yes,No,Month-to-month,Yes,Mailed check,94.06,4905.92,No
CUST-04946,Male,0,Yes,No,34,Yes,No,Fiber optic,Yes,No,Yes,Yes,Yes,No,Two year,No,Electronic check,68.06,2294.04,No
CUST-04947,Female,0,No,Yes,24,Yes,No,No,No internet service,No internet service,No internet service,No internet service,No internet service,No internet service,One year,Yes,Mailed check,62.02,1449.57,No
CUST-04948,Male,0,No,No,32,Yes,No,DSL,No,No,No,No,No,Yes,Month-to-month,Yes,Mailed check,85.74,2772.22,Yes
CUST-04949,Female,0,Yes,No,20,Yes,No,DSL,No,No,No,Yes,No,Yes,Month-to-month,No,Electronic check,43.97,896.61,No
CUST-04950,Female,0,Yes,No,12,Yes,No,DSL,Yes,No,No,No,No,No,Month-to-month,Yes,Mailed check,97.47,1157.51,No
CUST-04951,Female,0,Yes,No,32,Yes,No,DSL,No,Yes,No,Yes,No,No,Month-to-month,Yes,Bank transfer (automatic),23.45,676.57,No
CUST-04952,Female,0,No,No,18,Yes,Yes,Fiber optic,Yes,No,No,No,No,No,Month-to-month,No,Electronic check,125.0,2279.03,Yes
CUST-04953,Male,0,No,No,54,Yes,No,DSL,Yes,No,Yes,Yes,Yes,No,Month-to-month,Yes,Electronic check,116.89,6343.15,No
CUST-04954,Female,0,Yes,No,66,Yes,No,Fiber optic,No,No,Yes,No,Yes,No,One year,No,Bank transfer (automatic),84.89,5614.24,No
CUST-04955,Female,0,No,No,14,No,No phone service,Fiber optic,No,No,No,No,No,No,One year,No,Bank transfer (automatic),97.09,1355.79,Yes
CUST-04956,Female,0,Yes,Yes,1,Yes,Yes,Fiber optic,No,Yes,No,Yes,No,Yes,Month-to-month,Yes,Bank transfer (automatic),73.76,28.3,Yes
CUST-04957,Female,0,No,No,63,Yes,Yes,No,No internet service,No internet service,No internet service,No internet service,No internet service,No internet service,Two year,No,Bank transfer (automatic),64.87,4119.3,No
CUST-04958,Female,0,Yes,Yes,22,Yes,Yes,Fiber optic,No,Yes,Yes,No,No,No,Two year,Yes,Credit card (automatic),93.95,2150.95,No
CUST-04959,Male,0,Yes,No,19,Yes,No,DSL,Yes,No,No,Yes,No,No,Two year,Yes,Mailed check,65.1,1198.63,No
CUST-04960,Male,0,No,Yes,62,Yes,Yes,Fiber optic,Yes,No,No,No,No,No,Month-to-month,Yes,Bank transfer (automatic),71.18,4378.49,No
CUST-04961,Female,0,No,No,61,Yes,No,DSL,No,No,No,Yes,No,Yes,Two year,Yes,Electronic check,94.4,5742.11,No
CUST-04962,Male,0,Yes,No,42,Yes,No,Fiber optic,No,No,No,No,No,Yes,One year,No,Electronic check,73.7,3153.79,No
CUST-04963,Male,0,No,No,12,Yes,Yes,Fiber optic,No,No,No,Yes,No,No,One year,Yes,Electronic check,83.64,1070.69,Yes
CUST-04964,Female,0,No,No,51,Yes,No,No,No internet service,No internet service,No internet service,No internet service,No internet service,No internet service,Month-to-month,Yes,Bank transfer (automatic),67.07,3418.41,No
CUST-04965,Male,1,Yes,Yes,54,Yes,No,DSL,No,Yes,No,No,Yes,Yes,Month-to-month,Yes,Credit card (automatic),74.19,4006.49,No
CUST-04966,Female,0,No,No,32,Yes,No,DSL,No,No,No,No,No,No,Month-to-month,Yes,Electronic check,73.53,2355.59,No
CUST-04967,Female,0,No,No,41,Yes,Yes,DSL,Yes,No,Yes,Yes,No,No,Two year,No,Mailed check,35.19,1378.92,No
CUST-04968,Female,0,Yes,No,39,Yes,No,Fiber optic,No,Yes,No,No,No,No,Month-to-month,Yes,Bank transfer (automatic),33.25,1225.92,No
CUST-04969,Female,0,No,No,48,Yes,Yes,No,No internet service,No internet service,No internet service,No internet service,No internet service,No internet service,Two year,No,Credit card (automatic),57.31,2769.41,No
CUST-04970,Male,1,No,No,38,Yes,Yes,Fiber optic,No,No,No,No,No,No,Two year,No,Electronic check,103.51,4025.64,No
CUST-04971,Male,0,Yes,Yes,71,Yes,Yes,Fiber optic,Yes,No,No,No,Yes,No,Month-to-month,Yes,Bank transfer (automatic),107.81,7770.52,No
CUST-04972,Female,1,No,No,3,Yes,No,DSL,No,Yes,Yes,Yes,No,No,Month-to-month,Yes,Credit card (automatic),75.78,217.12,No
CUST-04973,Male,0,Yes,Yes,4,Yes,Yes,Fiber optic,No,No,Yes,No,Yes,No,One year,Yes,Electronic check,51.44,169.92,No
CUST-04974,Male,0,No,No,11,Yes,No,DSL,Yes,Yes,No,No,No,Yes,Month-to-month,Yes,Electronic check,23.21,210.04,No
CUST-04975,Male,0,No,No,11,Yes,No,DSL,No,No,No,Yes,Yes,No,One year,Yes,Electronic check,83.59,1019.11,No
CUST-04976,Male,1,Yes,No,36,Yes,No,Fiber optic,No,No,No,Yes,No,Yes,Month-to-month,No,Bank transfer (automatic),122.64,4364.22,Yes
CUST-04977,Male,0,No,Yes,6,Yes,No,DSL,No,No,No,No,No,No,Month-to-month,Yes,Electronic check,75.34,452.64,No
CUST-04978,Female,0,Yes,No,14,Yes,Yes,DSL,Yes,No,No,Yes,No,Yes,One year,Yes,Electronic check,118.75,1709.98,No
CUST-04979,Male,0,No,No,38,Yes,No,DSL,No,No,No,No,Yes,Yes,One year,No,Electronic check,91.7,3484.84,Yes
CUST-04980,Male,0,No,No,65,Yes,Yes,DSL,Yes,No,No,No,Yes,Yes,Two year,No,Bank transfer (automatic),62.81,4150.81,No
CUST-04981,Male,0,Yes,No,58,Yes,Yes,Fiber optic,Yes,No,Yes,No,No,Yes,Two year,No,Bank transfer (automatic),46.6,2641.06,No
CUST-04982,Male,0,No,No,16,Yes,Yes,DSL,Yes,No,Yes,No,No,Yes,Month-to-month,No,Electronic check,53.53,823.8,No
CUST-04983,Female,0,Yes,Yes,4,Yes,No,Fiber optic,No,Yes,No,Yes,Yes,No,One year,Yes,Credit card (automatic),30.25,98.68,Yes
CUST-04984,Female,0,No,No,54,Yes,Yes,Fiber optic,Yes,No,No,No,No,Yes,Month-to-month,No,Electronic check,96.19,5188.33,Yes
CUST-04985,Female,0,No,Yes,57,Yes,No,Fiber optic,Yes,No,Yes,Yes,No,No,One year,Yes,Electronic check,89.75,5162.99,No
CUST-04986,Female,0,No,No,67,Yes,Yes,DSL,No,No,Yes,No,No,No,Month-to-month,No,Mailed check,98.08,6475.07,No
CUST-04987,Male,1,Yes,No,32,Yes,Yes,Fiber optic,No,No,No,No,Yes,No,Month-to-month,Yes,Credit card (automatic),78.63,2508.18,No
CUST-04988,Male,1,No,Yes,5,Yes,Yes,Fiber optic,No,No,No,Yes,Yes,No,Two year,Yes,Credit card (automatic),63.77,337.1,No
CUST-04989,Male,0,No,Yes,68,Yes,No,Fiber optic,No,No,Yes,Yes,No,No,Month-to-month,No,Bank transfer (automatic),86.49,5921.62,No
CUST-04990,Male,0,No,No,21,Yes,No,Fiber optic,Yes,No,Yes,Yes,No,Yes,Month-to-month,Yes,Mailed check,74.21,1532.46,No
CUST-04991,Male,0,No,No,28,Yes,Yes,No,No internet service,No internet service,No internet service,No internet service,No internet service,No internet service,Two year,No,Mailed check,92.58,2588.02,No
CUST-04992,Male,1,No,No,30,Yes,No,Fiber optic,No,No,Yes,No,No,No,Month-to-month,No,Bank transfer (automatic),124.98,3757.84,Yes
CUST-04993,Male,0,Yes,No,71,Yes,No,No,No internet service,No internet service,No internet service,No internet service,No internet service,No internet service,Month-to-month,Yes,Bank transfer (automatic),54.86,3923.23,No
CUST-04994,Male,0,Yes,No,27,Yes,Yes,Fiber optic,No,Yes,No,No,Yes,No,Month-to-month,Yes,Mailed check,125.0,3450.33,Yes
CUST-04995,Male,1,No,No,41,Yes,Yes,No,No internet service,No internet service,No internet service,No internet service,No internet service,No internet service,Month-to-month,Yes,Credit card (automatic),109.64,4493.55,No
CUST-04996,Female,0,Yes,No,37,Yes,Yes,No,No internet service,No internet service,No internet service,No internet service,No internet service,No internet service,Month-to-month,No,Credit card (automatic),61.87,2316.85,No
CUST-04997,Male,0,No,Yes,72,Yes,No,DSL,No,Yes,No,No,No,No,Month-to-month,No,Credit card (automatic),79.32,5621.97,No
CUST-04998,Male,0,No,No,69,No,No phone service,Fiber optic,No,No,No,Yes,No,No,Month-to-month,Yes,Mailed check,72.74,5008.73,No
CUST-04999,Male,0,No,Yes,46,Yes,No,DSL,Yes,No,No,No,No,No,One year,No,Electronic check,61.26,2850.11,No
CUST-05000,Female,0,No,No,8,Yes,No,No,No internet service,No internet service,No internet service,No internet service,No internet service,No internet service,Month-to-month,Yes,Electronic check,44.87,410.15,Yes
CUST-05001,Female,1,No,No,25,Yes,Yes,Fiber optic,No,No,Yes,No,Yes,No,Month-to-month,Yes,Bank transfer (automatic),55.08,1300.46,Yes
CUST-05002,Female,0,No,Yes,48,Yes,No,Fiber optic,No,No,Yes,Yes,No,No,Month-to-month,No,Electronic check,90.73,4352.13,No
CUST-05003,Male,0,No,No,58,Yes,Yes,DSL,No,No,No,No,No,No,One year,Yes,Bank transfer (automatic),42.98,2470.87,No
CUST-05004,Male,0,Yes,Yes,55,Yes,No,No,No internet service,No internet service,No internet service,No internet service,No internet service,No internet service,Two year,Yes,Credit card (automatic),41.8,2353.75,No
CUST-05005,Male,0,Yes,No,36,Yes,Yes,No,No internet service,No internet service,No internet service,No internet service,No internet service,No internet service,Two year,Yes,Electronic check,100.07,3532.92,No
CUST-05006,Male,0,Yes,No,49,Yes,No,Fiber optic,No,Yes,Yes,No,Yes,No,Month-to-month,No,Credit card (automatic),113.64,5596.02,No
CUST-05007,Female,0,No,No,23,Yes,Yes,DSL,No,Yes,No,No,No,No,Month-to-month,Yes,Electronic check,77.01,1789.0,Yes
CUST-05008,Male,0,Yes,No,46,Yes,No,Fiber optic,No,Yes,Yes,Yes,Yes,No,Month-to-month,No,Mailed check,72.91,3388.61,Yes
CUST-05009,Male,0,No,No,35,Yes,Yes,DSL,Yes,Yes,No,No,No,Yes,One year,No,Electronic check,111.26,3900.71,No
CUST-05010,Female,0,No,No,50,Yes,No,No,No internet service,No internet service,No internet service,No internet service,No internet service,No internet service,One year,Yes,Electronic check,35.19,1784.95,No
CUST-05011,Male,0,Yes,Yes,63,Yes,No,DSL,Yes,Yes,No,No,Yes,No,Month-to-month,No,Credit card (automatic),79.0,5012.62,No
CUST-05012,Female,1,No,No,60,Yes,Yes,Fiber optic,No,No,Yes,No,No,No,Month-to-month,No,Electronic check,39.95,2369.17,No
CUST-05013,Male,0,Yes,No,53,Yes,No,DSL,No,No,No,No,Yes,Yes,Month-to-month,No,Credit card (automatic),50.91,2691.79,No
CUST-05014,Male,0,No,Yes,56,Yes,No,No,No internet service,No internet service,No internet service,No internet service,No internet service,No internet service,Month-to-month,No,Electronic check,53.13,3014.87,No
CUST-05015,Male,0,Yes,Yes,13,Yes,No,Fiber optic,Yes,No,No,Yes,No,No,Two year,Yes,Electronic check,100.03,1311.4,No
CUST-05016,Male,1,Yes,Yes,14,No,No phone service,No,No internet service,No internet service,No internet service,No internet service,No internet service,No internet service,Month-to-month,Yes,Bank transfer (automatic),53.26,655.08,Yes
CUST-05017,Female,0,Yes,Yes,61,Yes,No,DSL,Yes,No,No,Yes,Yes,No,Month-to-month,Yes,Electronic check,63.31,3793.56,No
CUST-05018,Male,0,No,Yes,39,Yes,No,Fiber optic,No,No,No,Yes,No,Yes,Two year,Yes,Electronic check,67.57,2700.88,No
CUST-05019,Male,0,Yes,No,32,Yes,Yes,DSL,No,Yes,No,No,No,Yes,Month-to-month,Yes,Electronic check,67.96,2154.81,Yes
CUST-05020,Male,0,No,No,48,Yes,No,Fiber optic,No,No,No,Yes,Yes,No,Month-to-month,Yes,Credit card (automatic),89.06,4176.32,No
CUST-05021,Male,0,No,No,6,Yes,No,DSL,No,Yes,Yes,Yes,Yes,No,Month-to-month,Yes,Bank transfer (automatic),65.49,369.18,Yes
CUST-05022,Female,1,Yes,Yes,12,Yes,No,Fiber optic,No,Yes,No,No,No,No,One year,Yes,Mailed check,100.14,1238.55,No
CUST-05023,Male,0,Yes,No,11,No,No phone service,Fiber optic,No,Yes,Yes,Yes,No,Yes,Month-to-month,Yes,Mailed check,125.0,1350.46,Yes
CUST-05024,Female,0,Yes,No,41,Yes,No,DSL,No,Yes,No,No,Yes,Yes,Two year,No,Electronic check,107.98,4490.36,No
CUST-05025,Male,0,No,Yes,5,Yes,Yes,No,No internet service,No internet service,No internet service,No internet service,No internet service,No internet service,One year,No,Electronic check,118.75,546.54,Yes
CUST-05026,Female,0,No,No,4,Yes,No,No,No internet service,No internet service,No internet service,No internet service,No internet service,No internet service,One year,No,Electronic check,55.92,245.91,Yes
CUST-05027,Female,0,Yes,No,49,Yes,No,Fiber optic,No,Yes,No,Yes,No,Yes,One year,Yes,Electronic check,98.82,4880.62,No
CUST-05028,Female,0,No,Yes,53,Yes,Yes,Fiber optic,No,No,No,Yes,No,No,Month-to-month,Yes,Electronic check,87.76,4664.8,No
CUST-05029,Male,0,No,No,19,Yes,Yes,DSL,No,No,No,Yes,No,Yes,Month-to-month,No,Mailed check,121.75,2343.71,No
CUST-05030,Female,0,No,No,50,Yes,Yes,Fiber optic,No,No,No,No,Yes,No,Month-to-month,Yes,Bank transfer (automatic),103.85,5272.7,No
CUST-05031,Female,0,Yes,No,7,Yes,No,No,No internet service,No internet service,No internet service,No internet service,No internet service,No internet service,Two year,No,Mailed check,88.15,643.58,Yes
CUST-05032,Male,0,Yes,No,30,Yes,No,DSL,No,Yes,No,No,No,No,Month-to-month,No,Bank transfer (automatic),82.5,2392.68,No
CUST-05033,Female,0,Yes,No,27,Yes,No,No,No internet service,No internet service,No internet service,No internet service,No internet service,No internet service,Month-to-month,Yes,Electronic check,65.99,1779.97,No
CUST-05034,Female,0,No,No,25,Yes,Yes,Fiber optic,No,No,No,No,Yes,No,One year,Yes,Electronic check,125.0,3148.2,Yes
CUST-05035,Female,0,No,No,63,Yes,Yes,DSL,Yes,No,No,No,Yes,Yes,One year,Yes,Bank transfer (automatic),34.61,2236.26,No
CUST-05036,Female,0,Yes,No,6,Yes,Yes,DSL,Yes,No,No,No,No,No,Two year,Yes,Electronic check,65.94,413.47,Yes
CUST-05037,Male,0,Yes,No,46,No,No phone service,Fiber optic,Yes,No,Yes,Yes,No,No,Month-to-month,Yes,Electronic check,112.28,5178.08,Yes
CUST-05038,Male,1,No,No,20,Yes,No,No,No internet service,No internet service,No internet service,No internet service,No internet service,No internet service,Month-to-month,No,Bank transfer (automatic),52.75,1087.53,Yes
CUST-05039,Male,0,Yes,No,36,Yes,No,Fiber optic,No,No,No,Yes,No,No,Month-to-month,Yes,Credit card (automatic),77.46,2804.25,No
CUST-05040,Female,0,No,Yes,15,Yes,Yes,Fiber optic,No,No,No,No,No,No,Month-to-month,No,Electronic check,114.81,1681.75,Yes
CUST-05041,Female,1,Yes,Yes,53,Yes,No,No,No internet service,No internet service,No internet service,No internet service,No internet service,No internet service,Month-to-month,No,Electronic check,67.08,3608.11,No
CUST-05042,Female,0,Yes,Yes,5,Yes,No,DSL,Yes,No,No,Yes,No,No,Month-to-month,No,Mailed check,38.98,162.13,No
CUST-05043,Female,0,No,No,6,Yes,No,Fiber optic,Yes,No,No,No,No,Yes,Month-to-month,No,Mailed check,125.0,677.71,No
CUST-05044,Male,0,Yes,No,24,Yes,No,Fiber optic,Yes,Yes,Yes,No,No,Yes,Month-to-month,Yes,Credit card (automatic),85.37,2063.26,Yes
CUST-05045,Male,1,No,No,64,Yes,No,Fiber optic,Yes,No,No,No,No,Yes,Month-to-month,No,Electronic check,74.44,4731.99,No
CUST-05046,Female,0,Yes,No,2,Yes,No,DSL,No,Yes,No,No,No,No,Month-to-month,Yes,Credit card (automatic),110.38,227.89,No
CUST-05047,Male,0,Yes,No,13,Yes,Yes,Fiber optic,No,No,Yes,No,No,No,Month-to-month,Yes,Electronic check,57.55,684.34,Yes
CUST-05048,Male,0,No,No,36,Yes,No,DSL,Yes,No,No,No,No,No,Two year,No,Electronic check,28.6,1035.54,No
CUST-05049,Female,0,Yes,Yes,2,Yes,No,Fiber optic,No,Yes,No,No,No,Yes,One year,No,Electronic check,76.48,136.63,Yes
CUST-05050,Male,1,No,No,39,No,No phone service,No,No internet service,No internet service,No internet service,No internet service,No internet service,No internet service,Two year,Yes,Mailed check,76.21,2965.72,No
CUST-05051,Female,0,No,No,27,Yes,Yes,DSL,Yes,Yes,No,No,Yes,Yes,Month-to-month,No,Bank transfer (automatic),26.64,725.47,No
CUST-05052,Female,0,No,No,47,Yes,No,Fiber optic,No,No,No,Yes,No,Yes,One year,No,Bank transfer (automatic),67.27,3151.76,No
CUST-05053,Male,1,Yes,No,5,Yes,Yes,No,No internet service,No internet service,No internet service,No internet service,No internet service,No internet service,Two year,No,Electronic check,73.46,335.02,Yes
CUST-05054,Male,0,Yes,No,13,Yes,No,DSL,Yes,No,No,No,No,Yes,Month-to-month,Yes,Credit card (automatic),59.73,720.57,No
CUST-05055,Female,0,Yes,No,13,No,No phone service,DSL,No,No,No,No,No,No,Two year,Yes,Electronic check,46.17,620.73,No
CUST-05056,Male,0,No,No,54,Yes,Yes,No,No internet service,No internet service,No internet service,No internet service,No internet service,No internet service,Month-to-month,Yes,Bank transfer (automatic),45.27,2412.96,No
CUST-05057,Male,0,Yes,Yes,54,Yes,No,Fiber optic,Yes,No,No,No,Yes,No,Month-to-month,Yes,Bank transfer (automatic),80.18,4260.47,No
CUST-05058,Male,0,Yes,No,9,Yes,No,DSL,Yes,Yes,Yes,No,No,No,One year,Yes,Electronic check,82.3,718.85,Yes
CUST-05059,Female,0,No,No,30,Yes,No,DSL,Yes,No,No,No,Yes,No,Two year,Yes,Bank transfer (automatic),63.94,1887.29,No
CUST-05060,Male,0,Yes,No,51,No,No phone service,DSL,No,No,No,No,No,Yes,Two year,No,Electronic check,30.43,1526.74,No
CUST-05061,Male,0,No,No,1,No,No phone service,Fiber optic,Yes,Yes,No,Yes,Yes,No,Month-to-month,Yes,Electronic check,67.19,109.75,No
CUST-05062,Male,0,Yes,No,8,Yes,No,No,No internet service,No internet service,No internet service,No internet service,No internet service,No internet service,Month-to-month,No,Bank transfer (automatic),90.8,684.13,Yes
CUST-05063,Male,1,No,No,47,Yes,No,Fiber optic,No,No,Yes,Yes,Yes,Yes,One year,No,Bank transfer (automatic),82.65,3962.69,No
CUST-05064,Male,0,No,No,41,Yes,No,DSL,No,Yes,No,No,No,No,Two year,Yes,Bank transfer (automatic),22.44,919.47,No
CUST-05065,Male,0,Yes,Yes,51,Yes,No,No,No internet service,No internet service,No internet service,No internet service,No internet service,No internet service,Month-to-month,No,Mailed check,121.75,6190.23,No
CUST-05066,Male,0,No,No,34,Yes,Yes,Fiber optic,No,No,Yes,No,Yes,No,One year,Yes,Electronic check,104.07,3594.59,No
CUST-05067,Male,0,No,Yes,65,No,No phone service,DSL,No,Yes,Yes,No,No,No,Month-to-month,No,Mailed check,96.14,6241.99,No
CUST-05068,Female,0,Yes,No,10,Yes,Yes,No,No internet service,No internet service,No internet service,No internet service,No internet service,No internet service,Month-to-month,No,Mailed check,58.37,562.01,Yes
CUST-05069,Female,0,No,No,12,Yes,Yes,Fiber optic,No,Yes,No,No,No,No,Two year,Yes,Credit card (automatic),86.42,1028.05,No
CUST-05070,Male,0,No,No,46,Yes,Yes,Fiber optic,No,No,No,Yes,No,No,Two year,No,Mailed check,67.61,3277.06,No
CUST-05071,Male,1,No,No,62,Yes,No,No,No internet service,No internet service,No internet service,No internet service,No internet service,No internet service,One year,No,Electronic check,86.74,5255.73,No
CUST-05072,Male,0,No,No,2,Yes,No,DSL,Yes,Yes,No,Yes,No,No,Month-to-month,No,Credit card (automatic),88.37,177.25,Yes
CUST-05073,Female,0,Yes,No,52,Yes,No,Fiber optic,No,No,No,No,No,No,Month-to-month,No,Credit card (automatic),33.25,1779.1,No
CUST-05074,Male,0,Yes,No,71,Yes,Yes,No,No internet service,No internet service,No internet service,No internet service,No internet service,No internet service,One year,Yes,Bank transfer (automatic),108.49,7722.16,No
CUST-05075,Female,0,Yes,No,41,Yes,Yes,DSL,Yes,No,No,No,No,No,Month-to-month,No,Bank transfer (automatic),95.31,3926.84,No
CUST-05076,Female,0,Yes,Yes,60,No,No phone service,No,No internet service,No internet service,No internet service,No internet service,No internet service,No internet service,One year,Yes,Credit card (automatic),90.52,5468.84,No
CUST-05077,Female,0,Yes,No,19,Yes,No,DSL,Yes,No,Yes,Yes,No,Yes,One year,No,Electronic check,49.02,965.96,No
CUST-05078,Female,0,Yes,No,58,No,No phone service,No,No internet service,No internet service,No internet service,No internet service,No internet service,No internet service,One year,No,Bank transfer (automatic),79.73,4613.87,No
CUST-05079,Male,0,Yes,No,33,Yes,No,Fiber optic,No,No,No,No,No,No,Month-to-month,No,Electronic check,33.25,1133.86,No
CUST-05080,Male,0,No,No,22,Yes,Yes,Fiber optic,No,No,No,No,No,Yes,Month-to-month,No,Electronic check,102.02,2249.17,Yes
CUST-05081,Female,0,Yes,Yes,15,Yes,No,Fiber optic,No,Yes,No,Yes,No,No,One year,Yes,Electronic check,78.76,1195.16,Yes
CUST-05082,Male,1,No,No,62,Yes,No,DSL,Yes,Yes,No,No,No,No,Month-to-month,Yes,Electronic check,92.47,5690.62,No
CUST-05083,Female,0,No,No,52,Yes,Yes,DSL,Yes,Yes,Yes,No,Yes,No,Two year,No,Electronic check,30.79,1570.51,No
CUST-05084,Female,0,No,No,57,No,No phone service,Fiber optic,Yes,No,No,No,No,No,Month-to-month,Yes,Bank transfer (automatic),62.91,3561.3,No
CUST-05085,Male,0,Yes,No,51,Yes,Yes,No,No internet service,No internet service,No internet service,No internet service,No internet service,No internet service,Two year,Yes,Bank transfer (automatic),60.13,3029.1,No
CUST-05086,Female,0,No,Yes,19,Yes,Yes,DSL,No,No,No,No,No,No,Two year,Yes,Credit card (automatic),73.29,1342.47,No
CUST-05087,Male,0,No,No,14,Yes,No,Fiber optic,Yes,Yes,No,No,No,No,One year,Yes,Electronic check,92.67,1337.4,No
CUST-05088,Female,0,No,No,47,Yes,No,DSL,No,No,No,No,No,No,Two year,No,Mailed check,115.26,5385.0,No
CUST-05089,Female,0,Yes,No,19,Yes,Yes,Fiber optic,No,Yes,Yes,Yes,No,No,Month-to-month,No,Electronic check,74.96,1374.05,Yes
CUST-05090,Male,0,Yes,Yes,47,Yes,No,Fiber optic,No,No,No,Yes,No,No,Month-to-month,Yes,Mailed check,67.08,3161.28,No
CUST-05091,Male,0,No,Yes,65,Yes,Yes,Fiber optic,Yes,Yes,No,No,No,No,Month-to-month,No,Credit card (automatic),125.0,8084.07,No
CUST-05092,Female,0,Yes,No,54,Yes,No,Fiber optic,Yes,No,Yes,No,Yes,Yes,Two year,No,Mailed check,64.29,3498.53,No
CUST-05093,Female,0,No,No,34,Yes,Yes,DSL,Yes,Yes,No,No,No,No,One year,No,Mailed check,90.26,3083.0,Yes
CUST-05094,Male,0,No,No,66,Yes,Yes,DSL,Yes,No,Yes,Yes,No,Yes,Two year,No,Credit card (automatic),40.98,2724.34,No
CUST-05095,Female,0,No,Yes,40,Yes,No,Fiber optic,No,Yes,Yes,Yes,Yes,Yes,Two year,Yes,Mailed check,59.52,2340.24,No
CUST-05096,Female,0,No,No,34,Yes,Yes,Fiber optic,No,No,Yes,Yes,No,No,Month-to-month,Yes,Mailed check,125.0,4226.52,No
CUST-05097,Male,0,No,No,70,Yes,Yes,DSL,No,No,Yes,No,No,No,Two year,Yes,Electronic check,95.95,6739.5,No
CUST-05098,Female,0,No,No,25,Yes,No,DSL,No,No,No,Yes,Yes,Yes,Month-to-month,No,Bank transfer (automatic),88.12,2130.99,No
CUST-05099,Male,1,No,No,15,No,No phone service,DSL,No,Yes,Yes,No,No,No,Two year,No,Bank transfer (automatic),104.35,1580.32,No
CUST-05100,Female,0,Yes,Yes,11,Yes,No,DSL,No,Yes,No,Yes,Yes,No,Month-to-month,Yes,Credit card (automatic),80.81,889.86,Yes
CUST-05101,Male,0,No,Yes,46,Yes,No,Fiber optic,Yes,No,No,Yes,No,No,Month-to-month,Yes,Mailed check,74.96,3505.7,No
CUST-05102,Male,0,No,Yes,37,Yes,Yes,No,No internet service,No internet service,No internet service,No internet service,No internet service,No internet service,Month-to-month,No,Electronic check,59.88,2143.62,No
CUST-05103,Female,0,No,No,56,Yes,No,DSL,No,No,Yes,No,No,Yes,Two year,Yes,Credit card (automatic),82.99,4624.89,No
CUST-05104,Female,0,Yes,No,11,Yes,No,DSL,Yes,Yes,No,No,Yes,No,One year,Yes,Electronic check,65.69,728.33,No
CUST-05105,Female,0,Yes,Yes,23,Yes,Yes,Fiber optic,No,No,No,No,No,No,Month-to-month,No,Electronic check,75.15,1786.07,No
CUST-05106,Male,1,No,No,9,No,No phone service,Fiber optic,No,No,No,Yes,No,No,Month-to-month,No,Bank transfer (automatic),125.0,1159.45,No
CUST-05107,Male,0,Yes,No,23,Yes,No,Fiber optic,No,No,No,Yes,Yes,Yes,Two year,Yes,Mailed check,101.58,2307.54,Yes
CUST-05108,Male,1,No,No,70,Yes,No,Fiber optic,Yes,No,No,No,No,No,Month-to-month,No,Bank transfer (automatic),58.42,4097.7,No
CUST-05109,Female,0,No,No,65,Yes,Yes,DSL,No,No,No,Yes,Yes,Yes,Two year,Yes,Bank transfer (automatic),116.66,7622.82,No
CUST-05110,Female,0,Yes,No,36,Yes,No,No,No internet service,No internet service,No internet service,No internet service,No internet service,No internet service,One year,Yes,Mailed check,48.11,1769.14,No
CUST-05111,Male,0,Yes,Yes,8,Yes,Yes,Fiber optic,Yes,Yes,No,No,No,No,Month-to-month,Yes,Bank transfer (automatic),81.52,706.59,No
CUST-05112,Male,0,No,No,72,Yes,No,Fiber optic,Yes,Yes,No,No,No,Yes,One year,Yes,Electronic check,82.84,5914.94,No
CUST-05113,Male,0,Yes,No,12,Yes,No,Fiber optic,Yes,No,Yes,Yes,Yes,Yes,Two year,No,Credit card (automatic),107.61,1376.37,No
CUST-05114,Female,0,No,No,8,Yes,Yes,No,No internet service,No internet service,No internet service,No internet service,No internet service,No internet service,Month-to-month,Yes,Electronic check,98.27,745.3,Yes
CUST-05115,Female,0,No,Yes,30,Yes,Yes,No,No internet service,No internet service,No internet service,No internet service,No internet service,No internet service,Two year,Yes,Mailed check,36.32,1099.97,No
CUST-05116,Female,0,No,No,68,Yes,No,DSL,No,No,Yes,No,Yes,No,Month-to-month,Yes,Credit card (automatic),91.92,6225.36,No
CUST-05117,Female,0,Yes,No,58,Yes,Yes,DSL,No,Yes,Yes,Yes,Yes,No,One year,Yes,Electronic check,49.37,2860.45,No
CUST-05118,Female,0,Yes,No,26,Yes,No,DSL,Yes,No,Yes,No,No,No,One year,Yes,Mailed check,78.85,2035.47,No
CUST-05119,Male,0,No,Yes,33,Yes,No,No,No internet service,No internet service,No internet service,No internet service,No internet service,No internet service,Month-to-month,Yes,Electronic check,36.43,1279.49,Yes
CUST-05120,Female,1,Yes,No,5,Yes,No,DSL,Yes,No,No,Yes,Yes,No,Month-to-month,No,Bank transfer (automatic),95.75,422.75,Yes
CUST-05121,Male,0,Yes,Yes,20,Yes,No,Fiber optic,Yes,No,No,Yes,Yes,No,Two year,Yes,Mailed check,57.64,1071.51,No
CUST-05122,Male,0,No,No,49,Yes,No,Fiber optic,No,No,No,No,No,No,Month-to-month,Yes,Credit card (automatic),102.9,4995.79,No
CUST-05123,Male,0,Yes,Yes,31,Yes,No,Fiber optic,No,No,Yes,No,No,No,One year,Yes,Mailed check,79.47,2417.04,No
CUST-05124,Male,0,Yes,No,71,Yes,No,Fiber optic,No,No,No,No,No,Yes,Month-to-month,Yes,Credit card (automatic),111.16,7915.8,No
CUST-05125,Female,0,No,Yes,33,Yes,Yes,Fiber optic,No,No,Yes,No,No,No,Two year,Yes,Mailed check,85.49,2812.53,No
CUST-05126,Male,0,Yes,No,61,Yes,No,DSL,No,No,Yes,No,Yes,No,Two year,No,Credit card (automatic),79.22,4848.05,No
CUST-05127,Female,0,Yes,No,53,Yes,Yes,DSL,No,Yes,No,Yes,No,No,Month-to-month,No,Electronic check,53.01,2822.09,No
CUST-05128,Male,0,Yes,No,37,Yes,Yes,DSL,No,Yes,No,No,No,No,Month-to-month,Yes,Mailed check,77.42,2827.14,No
CUST-05129,Male,0,No,Yes,63,No,No phone service,No,No internet service,No internet service,No internet service,No internet service,No internet service,No internet service,Month-to-month,Yes,Bank transfer (automatic),21.25,1308.02,No
CUST-05130,Male,1,No,Yes,63,Yes,Yes,No,No internet service,No internet service,No internet service,No internet service,No internet service,No internet service,Month-to-month,Yes,Bank transfer (automatic),97.1,6066.67,No
CUST-05131,Female,1,No,Yes,24,Yes,Yes,No,No internet service,No internet service,No internet service,No internet service,No internet service,No internet service,Month-to-month,No,Electronic check,121.75,2953.74,Yes
CUST-05132,Female,0,No,Yes,21,No,No phone service,DSL,Yes,No,No,No,No,No,Month-to-month,Yes,Bank transfer (automatic),77.84,1575.36,No
CUST-05133,Female,0,Yes,No,52,Yes,Yes,DSL,No,No,No,No,Yes,No,Month-to-month,Yes,Mailed check,102.26,5223.49,No
CUST-05134,Female,0,No,No,2,Yes,No,Fiber optic,Yes,Yes,No,No,No,Yes,Month-to-month,No,Mailed check,61.35,87.86,No
CUST-05135,Male,0,Yes,No,51,Yes,No,DSL,No,Yes,No,No,No,No,One year,No,Electronic check,90.97,4704.05,No
CUST-05136,Female,0,No,No,32,Yes,No,No,No internet service,No internet service,No internet service,No internet service,No internet service,No internet service,Month-to-month,Yes,Electronic check,85.16,2684.77,No
CUST-05137,Female,0,No,No,56,No,No phone service,Fiber optic,Yes,No,Yes,No,No,Yes,Two year,Yes,Bank transfer (automatic),100.18,5599.94,No
CUST-05138,Male,0,Yes,No,10,No,No phone service,No,No internet service,No internet service,No internet service,No internet service,No internet service,No internet service,Month-to-month,No,Electronic check,86.33,811.41,Yes
CUST-05139,Female,0,No,No,42,Yes,Yes,No,No internet service,No internet service,No internet service,No internet service,No internet service,No internet service,Month-to-month,Yes,Electronic check,73.88,3036.3,Yes
CUST-05140,Male,0,No,No,39,Yes,No,Fiber optic,Yes,Yes,Yes,Yes,Yes,No,Month-to-month,No,Credit card (automatic),78.38,3015.97,No
CUST-05141,Female,1,Yes,No,2,Yes,Yes,DSL,Yes,Yes,No,Yes,No,No,One year,No,Electronic check,55.24,131.22,No
CUST-05142,Female,1,No,Yes,38,Yes,No,No,No internet service,No internet service,No internet service,No internet service,No internet service,No internet service,Two year,Yes,Electronic check,117.09,4367.9,No
CUST-05143,Male,0,No,No,48,Yes,Yes,Fiber optic,Yes,Yes,Yes,No,No,Yes,One year,No,Mailed check,87.56,4272.7,No
CUST-05144,Male,0,Yes,No,30,Yes,No,No,No internet service,No internet service,No internet service,No internet service,No internet service,No internet service,One year,No,Electronic check,63.39,1824.15,Yes
CUST-05145,Male,0,Yes,No,45,No,No phone service,DSL,Yes,Yes,No,Yes,No,No,Month-to-month,Yes,Mailed check,112.28,5014.37,No
CUST-05146,Male,0,No,No,24,Yes,Yes,Fiber optic,Yes,No,Yes,No,No,Yes,Two year,No,Bank transfer (automatic),101.59,2385.45,No
CUST-05147,Female,0,Yes,Yes,45,Yes,Yes,Fiber optic,No,No,No,No,Yes,Yes,Month-to-month,Yes,Electronic check,105.62,4725.59,No
CUST-05148,Male,1,Yes,No,18,Yes,No,DSL,Yes,Yes,No,No,Yes,No,Month-to-month,No,Electronic check,81.85,1544.17,No
CUST-05149,Female,0,No,No,21,No,No phone service,Fiber optic,Yes,No,No,No,No,No,One year,No,Electronic check,125.0,2607.57,Yes
CUST-05150,Male,0,No,No,6,Yes,Yes,DSL,No,No,Yes,No,Yes,Yes,Two year,Yes,Electronic check,57.91,324.51,No
CUST-05151,Female,1,Yes,No,8,Yes,Yes,Fiber optic,No,No,Yes,Yes,No,Yes,Two year,No,Mailed check,64.72,544.15,Yes
CUST-05152,Male,0,Yes,No,10,Yes,Yes,Fiber optic,No,Yes,Yes,No,No,No,Month-to-month,Yes,Electronic check,58.8,543.96,Yes
CUST-05153,Female,0,No,No,14,Yes,No,DSL,No,Yes,No,No,Yes,No,Month-to-month,Yes,Mailed check,79.42,1113.39,Yes
CUST-05154,Male,0,No,No,52,Yes,No,Fiber optic,Yes,No,No,Yes,No,Yes,Two year,Yes,Electronic check,98.34,5177.01,No
CUST-05155,Male,0,No,No,16,Yes,No,DSL,No,No,Yes,No,No,Yes,Two year,No,Credit card (automatic),44.72,745.37,No
CUST-05156,Male,0,No,No,26,No,No phone service,Fiber optic,No,No,No,Yes,No,No,One year,No,Credit card (automatic),103.69,2709.32,No
CUST-05157,Male,0,Yes,No,13,Yes,Yes,DSL,Yes,No,No,No,No,No,Month-to-month,No,Credit card (automatic),83.3,1094.46,No
CUST-05158,Female,0,No,No,31,Yes,No,Fiber optic,No,Yes,No,No,No,No,Month-to-month,No,Bank transfer (automatic),125.0,3848.05,No
CUST-05159,Female,0,No,No,18,Yes,No,Fiber optic,No,No,Yes,No,No,No,Month-to-month,Yes,Credit card (automatic),125.0,2189.22,No
CUST-05160,Male,0,No,No,24,Yes,No,No,No internet service,No internet service,No internet service,No internet service,No internet service,No internet service,Month-to-month,Yes,Electronic check,54.65,1340.65,Yes
CUST-05161,Female,0,Yes,No,5,Yes,Yes,Fiber optic,Yes,No,No,No,Yes,No,Month-to-month,No,Credit card (automatic),69.61,343.7,No
CUST-05162,Female,1,Yes,No,37,Yes,No,Fiber optic,No,Yes,No,No,Yes,Yes,One year,Yes,Mailed check,48.28,1816.05,No
CUST-05163,Female,0,No,Yes,20,Yes,No,Fiber optic,No,No,No,No,No,Yes,Two year,Yes,Electronic check,76.31,1597.82,Yes
CUST-05164,Male,0,No,Yes,47,Yes,Yes,Fiber optic,No,No,Yes,No,No,Yes,One year,Yes,Mailed check,30.25,1484.82,No
CUST-05165,Female,0,No,Yes,72,No,No phone service,Fiber optic,No,No,No,No,No,Yes,Month-to-month,No,Bank transfer (automatic),53.35,3840.56,Yes
CUST-05166,Female,0,Yes,Yes,35,No,No phone service,Fiber optic,No,No,No,No,Yes,Yes,Month-to-month,No,Bank transfer (automatic),109.86,3853.93,Yes
CUST-05167,Male,0,No,No,37,Yes,No,Fiber optic,No,No,No,Yes,Yes,No,One year,Yes,Mailed check,103.77,3792.58,No
CUST-05168,Female,0,Yes,No,60,No,No phone service,Fiber optic,No,No,Yes,No,No,Yes,One year,No,Mailed check,107.76,6434.1,No
CUST-05169,Female,0,No,No,25,Yes,No,No,No internet service,No internet service,No internet service,No internet service,No internet service,No internet service,Two year,No,Bank transfer (automatic),78.23,1935.26,No
CUST-05170,Female,0,No,No,11,Yes,Yes,DSL,No,No,Yes,Yes,No,No,Month-to-month,No,Mailed check,87.93,983.74,Yes
CUST-05171,Male,0,No,Yes,52,Yes,Yes,DSL,No,No,No,No,Yes,No,Two year,No,Credit card (automatic),98.67,5116.45,No
CUST-05172,Female,0,Yes,No,47,Yes,Yes,Fiber optic,Yes,Yes,No,No,Yes,Yes,Two year,No,Mailed check,69.86,3291.25,No
CUST-05173,Male,0,No,Yes,34,Yes,No,Fiber optic,No,Yes,No,No,No,No,One year,No,Electronic check,99.61,3371.96,No
CUST-05174,Female,0,Yes,Yes,28,Yes,Yes,DSL,Yes,No,Yes,No,No,No,Two year,Yes,Electronic check,97.77,2702.83,Yes
CUST-05175,Female,0,No,No,3,Yes,No,DSL,Yes,No,No,Yes,No,Yes,One year,Yes,Electronic check,80.13,267.16,Yes
CUST-05176,Female,0,No,Yes,41,Yes,Yes,No,No internet service,No internet service,No internet service,No internet service,No internet service,No internet service,Month-to-month,Yes,Mailed check,71.68,2950.9,No
CUST-05177,Female,0,No,No,40,Yes,Yes,DSL,No,Yes,No,Yes,No,No,Month-to-month,Yes,Electronic check,105.81,4200.5,No
CUST-05178,Female,0,No,No,38,Yes,Yes,Fiber optic,Yes,No,Yes,No,No,No,Month-to-month,Yes,Mailed check,33.25,1279.32,No
CUST-05179,Female,0,No,No,22,Yes,Yes,DSL,No,No,Yes,No,Yes,Yes,Month-to-month,Yes,Mailed check,21.25,445.06,No
CUST-05180,Female,0,Yes,No,11,Yes,No,DSL,Yes,No,No,No,Yes,Yes,Month-to-month,Yes,Electronic check,63.44,736.99,Yes
CUST-05181,Male,0,Yes,No,42,Yes,Yes,DSL,No,No,Yes,Yes,No,No,Month-to-month,No,Mailed check,26.06,1164.29,No
CUST-05182,Male,0,No,No,45,Yes,No,DSL,No,No,No,No,No,No,One year,No,Bank transfer (automatic),118.75,5320.58,No
CUST-05183,Male,0,No,No,13,Yes,No,Fiber optic,Yes,No,Yes,No,No,No,Month-to-month,No,Bank transfer (automatic),125.0,1636.8,Yes
CUST-05184,Male,0,No,No,9,No,No phone service,DSL,No,No,No,No,No,Yes,Month-to-month,Yes,Electronic check,79.06,734.21,Yes
CUST-05185,Male,0,Yes,Yes,35,No,No phone service,Fiber optic,Yes,No,No,No,Yes,Yes,Two year,No,Mailed check,30.25,1052.2,No
CUST-05186,Male,0,Yes,No,4,No,No phone service,DSL,Yes,No,No,No,No,No,Month-to-month,Yes,Electronic check,38.67,116.37,Yes
CUST-05187,Male,0,No,Yes,14,Yes,No,No,No internet service,No internet service,No internet service,No internet service,No internet service,No internet service,Month-to-month,Yes,Electronic check,47.34,666.71,No
CUST-05188,Female,0,No,Yes,46,Yes,Yes,DSL,Yes,No,No,No,No,Yes,One year,Yes,Bank transfer (automatic),64.52,2996.7,No
CUST-05189,Male,0,No,No,22,Yes,No,DSL,No,No,No,Yes,No,Yes,Two year,No,Credit card (automatic),18.25,333.45,No
CUST-05190,Female,0,Yes,No,34,Yes,Yes,Fiber optic,No,No,No,No,Yes,No,Month-to-month,Yes,Electronic check,125.0,4237.17,No
CUST-05191,Male,0,Yes,Yes,50,Yes,No,No,No internet service,No internet service,No internet service,No internet service,No internet service,No internet service,Month-to-month,No,Electronic check,64.75,3282.88,No
CUST-05192,Male,0,Yes,No,13,Yes,No,Fiber optic,No,No,Yes,No,Yes,No,Month-to-month,Yes,Electronic check,71.71,974.37,Yes
CUST-05193,Female,0,Yes,Yes,17,Yes,No,Fiber optic,Yes,No,No,No,Yes,Yes,Month-to-month,Yes,Bank transfer (automatic),96.8,1585.93,No
CUST-05194,Female,0,No,No,22,Yes,No,No,No internet service,No internet service,No internet service,No internet service,No internet service,No internet service,Month-to-month,No,Credit card (automatic),67.52,1415.28,No
CUST-05195,Female,0,Yes,No,31,Yes,Yes,Fiber optic,Yes,No,Yes,No,Yes,No,Month-to-month,No,Bank transfer (automatic),38.97,1257.17,Yes
CUST-05196,Female,0,Yes,No,41,No,No phone service,Fiber optic,No,No,No,Yes,No,No,Two year,Yes,Credit card (automatic),122.25,4927.11,No
CUST-05197,Male,0,No,Yes,6,Yes,Yes,Fiber optic,Yes,No,Yes,Yes,No,Yes,Month-to-month,No,Mailed check,62.86,342.75,No
CUST-05198,Male,0,Yes,No,35,Yes,No,DSL,Yes,Yes,No,Yes,Yes,Yes,Month-to-month,Yes,Electronic check,60.53,2155.72,No
CUST-05199,Male,0,No,No,50,Yes,No,DSL,No,No,No,Yes,Yes,No,Month-to-month,Yes,Bank transfer (automatic),106.63,5389.27,No
CUST-05200,Male,0,Yes,No,62,Yes,Yes,DSL,No,No,No,No,Yes,Yes,One year,Yes,Electronic check,26.67,1606.09,No
CUST-05201,Female,0,Yes,Yes,39,No,No phone service,DSL,No,Yes,Yes,Yes,No,Yes,Month-to-month,No,Bank transfer (automatic),58.9,2309.05,No
CUST-05202,Female,0,Yes,No,46,Yes,Yes,No,No internet service,No internet service,No internet service,No internet service,No internet service,No internet service,Month-to-month,Yes,Electronic check,109.12,5070.95,No
CUST-05203,Male,0,No,No,59,Yes,No,No,No internet service,No internet service,No internet service,No internet service,No internet service,No internet service,One year,Yes,Mailed check,72.18,4241.43,No
CUST-05204,Male,1,Yes,No,53,Yes,No,DSL,No,No,No,No,No,No,Month-to-month,Yes,Mailed check,40.98,2149.68,No
CUST-05205,Male,1,No,No,39,Yes,Yes,DSL,No,Yes,No,Yes,No,Yes,Two year,No,Bank transfer (automatic),58.16,2343.66,No
CUST-05206,Female,0,No,No,41,Yes,Yes,Fiber optic,No,Yes,No,No,No,No,Two year,Yes,Credit card (automatic),60.34,2466.5,No
CUST-05207,Male,0,Yes,No,72,Yes,No,Fiber optic,No,No,No,Yes,Yes,Yes,Month-to-month,Yes,Electronic check,35.82,2474.49,No
CUST-05208,Male,0,No,No,55,Yes,Yes,No,No internet service,No internet service,No internet service,No internet service,No internet service,No internet service,Two year,Yes,Credit card (automatic),23.15,1279.38,No
CUST-05209,Female,0,Yes,Yes,18,Yes,Yes,No,No internet service,No internet service,No internet service,No internet service,No internet service,No internet service,Month-to-month,Yes,Bank transfer (automatic),66.35,1218.81,Yes
CUST-05210,Female,0,Yes,No,33,Yes,Yes,Fiber optic,No,Yes,Yes,No,No,Yes,Month-to-month,Yes,Bank transfer (automatic),33.25,1145.38,Yes
CUST-05211,Female,0,No,No,54,Yes,No,DSL,Yes,Yes,Yes,No,No,No,Month-to-month,Yes,Electronic check,44.07,2411.59,No
CUST-05212,Female,0,Yes,No,38,Yes,No,No,No internet service,No internet service,No internet service,No internet service,No internet service,No internet service,One year,Yes,Electronic check,27.44,1060.93,No
CUST-05213,Female,0,No,No,32,Yes,No,Fiber optic,No,Yes,No,No,Yes,Yes,Month-to-month,Yes,Credit card (automatic),74.68,2352.05,No
CUST-05214,Male,0,No,No,44,Yes,No,Fiber optic,No,Yes,No,No,No,No,Two year,Yes,Mailed check,95.61,4276.79,No
CUST-05215,Male,0,Yes,No,28,Yes,No,Fiber optic,No,No,No,No,No,No,Two year,Yes,Electronic check,64.12,1789.37,No
CUST-05216,Female,0,Yes,No,49,No,No phone service,Fiber optic,No,No,Yes,No,Yes,No,Month-to-month,Yes,Electronic check,79.85,3949.57,No
CUST-05217,Male,0,No,No,53,Yes,No,DSL,Yes,Yes,No,Yes,No,No,Month-to-month,No,Credit card (automatic),101.71,5429.67,No
CUST-05218,Male,0,No,No,65,No,No phone service,Fiber optic,No,No,Yes,Yes,No,Yes,Two year,No,Electronic check,50.47,3307.81,No
CUST-05219,Female,0,Yes,No,69,Yes,Yes,DSL,Yes,Yes,No,No,No,No,One year,Yes,Bank transfer (automatic),68.87,4734.94,No
CUST-05220,Female,0,No,Yes,52,Yes,No,DSL,No,Yes,Yes,Yes,No,No,Two year,No,Bank transfer (automatic),104.06,5475.04,No
CUST-05221,Female,0,Yes,No,55,Yes,No,Fiber optic,No,Yes,No,Yes,No,No,One year,Yes,Mailed check,125.0,6879.59,No
CUST-05222,Male,0,No,Yes,56,Yes,No,DSL,No,No,No,Yes,Yes,No,Two year,Yes,Bank transfer (automatic),104.77,5880.07,No
CUST-05223,Male,0,Yes,No,24,Yes,No,No,No internet service,No internet service,No internet service,No internet service,No internet service,No internet service,Month-to-month,No,Mailed check,47.82,1184.22,Yes
CUST-05224,Male,0,No,No,66,Yes,Yes,No,No internet service,No internet service,No internet service,No internet service,No internet service,No internet service,Month-to-month,No,Credit card (automatic),49.34,3252.68,No
CUST-05225,Male,0,No,Yes,37,Yes,Yes,No,No internet service,No internet service,No internet service,No internet service,No internet service,No internet service,Month-to-month,No,Bank transfer (automatic),93.3,3499.7,No
CUST-05226,Female,1,No,No,63,Yes,No,DSL,No,No,No,No,No,No,Month-to-month,Yes,Credit card (automatic),99.73,6298.45,No
CUST-05227,Female,0,No,No,16,Yes,Yes,No,No internet service,No internet service,No internet service,No internet service,No internet service,No internet service,Two year,Yes,Electronic check,94.84,1500.37,Yes
CUST-05228,Male,0,No,Yes,23,Yes,No,DSL,No,Yes,Yes,No,Yes,No,One year,Yes,Mailed check,18.25,444.71,No
CUST-05229,Female,0,Yes,No,45,Yes,Yes,Fiber optic,No,No,No,No,No,No,Month-to-month,No,Mailed check,34.88,1524.96,No
CUST-05230,Female,0,Yes,Yes,42,Yes,No,DSL,No,No,Yes,No,No,No,Two year,No,Mailed check,104.2,4384.08,No
CUST-05231,Female,0,No,Yes,29,Yes,Yes,No,No internet service,No internet service,No internet service,No internet service,No internet service,No internet service,Two year,No,Mailed check,77.59,2240.35,No
CUST-05232,Female,0,Yes,No,16,Yes,No,DSL,No,No,Yes,Yes,Yes,Yes,One year,No,Credit card (automatic),74.07,1218.0,No
CUST-05233,Female,0,No,Yes,17,Yes,Yes,Fiber optic,No,No,Yes,No,Yes,No,Two year,No,Bank transfer (automatic),68.55,1199.72,Yes
CUST-05234,Female,0,Yes,No,53,Yes,Yes,Fiber optic,No,Yes,Yes,Yes,Yes,No,Month-to-month,No,Bank transfer (automatic),58.08,3051.35,No
CUST-05235,Female,0,No,No,2,Yes,No,Fiber optic,Yes,No,No,No,No,No,Month-to-month,No,Mailed check,80.27,124.38,No
CUST-05236,Male,0,No,No,9,Yes,Yes,No,No internet service,No internet service,No internet service,No internet service,No internet service,No internet service,Month-to-month,Yes,Bank transfer (automatic),49.15,504.82,No
CUST-05237,Male,0,No,No,67,Yes,Yes,DSL,No,No,Yes,No,No,Yes,Month-to-month,No,Credit card (automatic),64.89,4421.84,No
CUST-05238,Male,0,Yes,No,71,No,No phone service,DSL,No,No,Yes,No,No,No,Two year,No,Credit card (automatic),118.75,8548.39,No
CUST-05239,Male,0,No,No,6,Yes,Yes,Fiber optic,No,No,Yes,Yes,No,No,One year,Yes,Electronic check,88.62,514.25,Yes
CUST-05240,Male,0,No,No,11,Yes,Yes,Fiber optic,No,No,Yes,Yes,Yes,No,Two year,Yes,Bank transfer (automatic),61.2,647.21,No
CUST-05241,Female,0,No,No,24,Yes,Yes,DSL,No,Yes,No,Yes,No,No,Month-to-month,No,Bank transfer (automatic),54.42,1260.02,No
CUST-05242,Male,0,No,No,43,Yes,No,No,No internet service,No internet service,No internet service,No internet service,No internet service,No internet service,Month-to-month,Yes,Electronic check,68.83,2951.58,No
CUST-05243,Male,0,Yes,No,14,No,No phone service,DSL,No,Yes,Yes,No,Yes,No,Month-to-month,Yes,Bank transfer (automatic),21.25,229.23,Yes
CUST-05244,Male,0,Yes,No,71,Yes,No,Fiber optic,No,Yes,Yes,Yes,Yes,No,Month-to-month,Yes,Credit card (automatic),101.26,7169.69,No
CUST-05245,Female,0,Yes,No,36,Yes,No,DSL,No,No,No,No,No,Yes,Two year,Yes,Electronic check,118.75,4279.95,No
CUST-05246,Female,1,No,No,39,Yes,Yes,Fiber optic,Yes,No,No,Yes,No,Yes,Month-to-month,No,Electronic check,99.15,3791.94,No
CUST-05247,Male,0,No,No,15,Yes,No,Fiber optic,No,No,No,No,No,No,One year,No,Credit card (automatic),62.74,946.78,No
CUST-05248,Male,0,Yes,No,23,Yes,No,Fiber optic,Yes,Yes,No,Yes,No,No,Two year,Yes,Bank transfer (automatic),63.67,1512.84,No
CUST-05249,Male,0,No,Yes,54,Yes,No,DSL,No,Yes,Yes,Yes,No,No,One year,Yes,Credit card (automatic),64.18,3481.97,No
CUST-05250,Male,1,Yes,No,46,Yes,Yes,Fiber optic,No,No,Yes,Yes,No,No,One year,Yes,Credit card (automatic),84.79,3936.34,No
CUST-05251,Female,0,No,No,17,Yes,No,DSL,No,Yes,Yes,No,Yes,Yes,Two year,Yes,Electronic check,67.64,1113.49,No
CUST-05252,Female,0,No,No,32,No,No phone service,DSL,Yes,No,No,No,No,No,Month-to-month,Yes,Electronic check,82.16,2558.32,No
CUST-05253,Male,0,Yes,No,14,Yes,No,DSL,No,Yes,No,Yes,No,Yes,Two year,Yes,Electronic check,62.38,922.21,Yes
CUST-05254,Male,0,Yes,No,30,Yes,Yes,No,No internet service,No internet service,No internet service,No internet service,No internet service,No internet service,Two year,No,Electronic check,100.41,3026.0,No
CUST-05255,Female,0,No,No,16,Yes,No,DSL,No,No,Yes,No,No,No,One year,Yes,Bank transfer (automatic),18.25,284.69,No
CUST-05256,Female,0,No,Yes,71,Yes,Yes,Fiber optic,No,Yes,No,No,No,No,Month-to-month,No,Bank transfer (automatic),47.52,3372.28,No
CUST-05257,Female,1,Yes,No,22,Yes,No,DSL,No,Yes,Yes,Yes,No,No,Month-to-month,Yes,Bank transfer (automatic),103.74,2234.52,No
CUST-05258,Female,0,No,No,35,Yes,No,Fiber optic,No,Yes,Yes,No,No,No,Month-to-month,Yes,Credit card (automatic),72.82,2562.88,Yes
CUST-05259,Male,0,No,No,47,Yes,Yes,Fiber optic,No,Yes,Yes,No,No,No,Month-to-month,Yes,Electronic check,85.37,4025.17,No
CUST-05260,Female,0,Yes,No,3,Yes,Yes,DSL,Yes,No,No,No,No,Yes,Month-to-month,Yes,Mailed check,59.07,189.14,Yes
CUST-05261,Male,1,No,No,16,Yes,Yes,No,No internet service,No internet service,No internet service,No internet service,No internet service,No internet service,Month-to-month,No,Mailed check,29.54,452.35,No
CUST-05262,Female,0,Yes,No,72,Yes,No,No,No internet service,No internet service,No internet service,No internet service,No internet service,No internet service,Two year,Yes,Electronic check,78.7,5684.87,No
CUST-05263,Male,0,No,No,51,Yes,No,DSL,Yes,No,No,Yes,No,No,Month-to-month,No,Credit card (automatic),76.0,3890.19,No
CUST-05264,Female,0,No,No,18,Yes,Yes,Fiber optic,No,Yes,No,No,Yes,Yes,Month-to-month,No,Credit card (automatic),125.0,2262.9,Yes
CUST-05265,Male,0,Yes,No,31,No,No phone service,No,No internet service,No internet service,No internet service,No internet service,No internet service,No internet service,Month-to-month,No,Bank transfer (automatic),75.98,2353.21,No
CUST-05266,Male,0,No,No,62,Yes,Yes,No,No internet service,No internet service,No internet service,No internet service,No internet service,No internet service,Month-to-month,No,Electronic check,112.4,6965.07,No
CUST-05267,Male,0,Yes,No,15,Yes,No,DSL,Yes,Yes,No,Yes,No,No,Month-to-month,Yes,Electronic check,70.63,1047.01,No
CUST-05268,Male,0,No,No,22,No,No phone service,No,No internet service,No internet service,No internet service,No internet service,No internet service,No internet service,Month-to-month,Yes,Electronic check,112.84,2486.6,Yes
CUST-05269,Male,1,No,Yes,18,Yes,No,DSL,No,Yes,No,No,No,No,Two year,No,Credit card (automatic),48.74,811.18,No
CUST-05270,Male,1,Yes,Yes,48,No,No phone service,Fiber optic,No,No,No,No,No,Yes,Two year,No,Mailed check,47.09,2261.66,No
CUST-05271,Female,0,No,No,38,Yes,No,Fiber optic,No,No,No,No,Yes,No,One year,No,Electronic check,44.46,1679.88,No
CUST-05272,Female,0,Yes,No,37,Yes,No,Fiber optic,Yes,No,Yes,No,No,No,Month-to-month,No,Electronic check,65.08,2480.66,Yes
CUST-05273,Female,0,No,No,28,Yes,No,No,No internet service,No internet service,No internet service,No internet service,No internet service,No internet service,Two year,Yes,Electronic check,56.08,1521.32,No
CUST-05274,Female,0,No,No,24,Yes,No,DSL,Yes,No,Yes,No,No,Yes,Two year,Yes,Bank transfer (automatic),36.77,823.51,No
CUST-05275,Male,0,No,No,37,Yes,Yes,DSL,No,No,Yes,No,No,No,One year,No,Mailed check,95.09,3487.93,No
CUST-05276,Female,0,No,Yes,58,Yes,Yes,Fiber optic,No,No,Yes,No,No,No,Two year,Yes,Credit card (automatic),30.25,1766.24,No
CUST-05277,Female,0,No,Yes,59,Yes,Yes,Fiber optic,No,No,No,No,Yes,No,Two year,No,Bank transfer (automatic),98.71,5812.63,No
CUST-05278,Male,0,Yes,No,57,Yes,No,Fiber optic,Yes,Yes,No,No,Yes,Yes,Month-to-month,Yes,Mailed check,75.46,4223.04,No
CUST-05279,Female,0,Yes,Yes,4,Yes,No,No,No internet service,No internet service,No internet service,No internet service,No internet service,No internet service,One year,Yes,Bank transfer (automatic),117.54,411.12,Yes
CUST-05280,Female,0,No,Yes,36,Yes,Yes,Fiber optic,No,No,No,Yes,Yes,Yes,Month-to-month,No,Credit card (automatic),80.16,2935.9,No
CUST-05281,Male,0,Yes,No,29,Yes,Yes,Fiber optic,No,No,No,No,Yes,No,Month-to-month,Yes,Bank transfer (automatic),79.98,2407.9,No
CUST-05282,Male,0,Yes,No,68,Yes,No,DSL,No,Yes,No,No,No,No,One year,No,Mailed check,102.0,6960.52,No
CUST-05283,Male,0,Yes,No,30,Yes,No,DSL,No,No,Yes,Yes,Yes,No,One year,Yes,Bank transfer (automatic),38.17,1137.51,No
CUST-05284,Male,0,No,Yes,18,Yes,No,No,No internet service,No internet service,No internet service,No internet service,No internet service,No internet service,One year,No,Electronic check,67.98,1233.13,No
CUST-05285,Male,0,No,No,19,Yes,No,Fiber optic,No,No,No,Yes,No,Yes,Two year,Yes,Electronic check,107.88,2014.77,No
CUST-05286,Male,0,Yes,No,15,Yes,Yes,Fiber optic,No,No,Yes,No,Yes,No,Month-to-month,Yes,Bank transfer (automatic),89.38,1398.94,Yes
CUST-05287,Female,1,Yes,No,32,Yes,No,DSL,Yes,No,Yes,No,Yes,No,Two year,Yes,Credit card (automatic),103.39,3379.11,No
CUST-05288,Male,1,No,No,20,No,No phone service,Fiber optic,No,Yes,No,Yes,No,No,One year,No,Electronic check,63.06,1227.98,No
CUST-05289,Female,0,Yes,No,41,Yes,No,DSL,No,Yes,No,Yes,No,No,Month-to-month,Yes,Electronic check,54.05,2237.76,No
CUST-05290,Female,1,No,Yes,17,Yes,Yes,No,No internet service,No internet service,No internet service,No internet service,No internet service,No internet service,Month-to-month,Yes,Credit card (automatic),94.96,1593.76,Yes
CUST-05291,Male,0,No,Yes,43,Yes,No,DSL,No,Yes,No,No,No,No,Month-to-month,Yes,Bank transfer (automatic),48.32,2103.19,No
CUST-05292,Male,1,No,No,45,Yes,Yes,DSL,No,Yes,No,Yes,No,Yes,Month-to-month,No,Bank transfer (automatic),51.15,2287.7,No
CUST-05293,Female,1,Yes,Yes,49,Yes,Yes,Fiber optic,Yes,No,No,No,No,No,One year,Yes,Mailed check,81.26,3947.85,No
CUST-05294,Male,0,No,Yes,64,Yes,Yes,DSL,Yes,No,No,No,No,No,Two year,Yes,Credit card (automatic),83.86,5377.54,No
CUST-05295,Male,1,No,Yes,6,Yes,No,No,No internet service,No internet service,No internet service,No internet service,No internet service,No internet service,One year,Yes,Bank transfer (automatic),97.9,525.16,No
CUST-05296,Male,0,Yes,No,4,Yes,No,Fiber optic,No,No,No,Yes,No,No,Month-to-month,Yes,Electronic check,83.55,332.9,Yes
CUST-05297,Female,0,No,No,34,Yes,Yes,Fiber optic,No,Yes,No,No,Yes,Yes,Month-to-month,Yes,Electronic check,101.57,3442.47,Yes
CUST-05298,Male,1,Yes,No,38,Yes,Yes,DSL,No,No,Yes,No,No,No,Month-to-month,No,Bank transfer (automatic),118.45,4528.96,Yes
CUST-05299,Female,0,No,No,55,Yes,Yes,Fiber optic,No,No,Yes,No,No,No,Month-to-month,Yes,Mailed check,113.53,6253.49,No
CUST-05300,Male,0,No,No,17,Yes,No,DSL,Yes,Yes,No,No,No,Yes,Two year,Yes,Electronic check,63.45,1079.89,No
CUST-05301,Female,0,Yes,Yes,33,Yes,No,Fiber optic,No,Yes,Yes,Yes,No,No,Month-to-month,No,Electronic check,98.7,3297.28,No
CUST-05302,Male,0,Yes,No,45,Yes,No,No,No internet service,No internet service,No internet service,No internet service,No internet service,No internet service,Two year,Yes,Credit card (automatic),118.75,5379.17,No
CUST-05303,Female,1,Yes,No,48,Yes,No,DSL,No,No,No,No,Yes,No,Month-to-month,Yes,Electronic check,93.83,4542.05,No
CUST-05304,Female,1,Yes,No,40,Yes,No,No,No internet service,No internet service,No internet service,No internet service,No internet service,No internet service,Month-to-month,Yes,Credit card (automatic),67.67,2659.9,Yes
CUST-05305,Female,0,No,Yes,43,Yes,Yes,No,No internet service,No internet service,No internet service,No internet service,No internet service,No internet service,Month-to-month,No,Mailed check,121.75,5265.34,No
CUST-05306,Male,1,Yes,No,12,Yes,No,No,No internet service,No internet service,No internet service,No internet service,No internet service,No internet service,Two year,Yes,Electronic check,111.01,1401.25,Yes
CUST-05307,Female,0,No,No,34,Yes,No,Fiber optic,No,No,Yes,Yes,No,No,Month-to-month,Yes,Electronic check,121.76,4065.44,Yes
CUST-05308,Male,1,Yes,Yes,39,Yes,No,No,No internet service,No internet service,No internet service,No internet service,No internet service,No internet service,One year,Yes,Electronic check,59.19,2252.28,No
CUST-05309,Female,0,No,No,6,Yes,No,Fiber optic,No,No,Yes,Yes,No,Yes,Month-to-month,Yes,Credit card (automatic),61.01,448.32,No
CUST-05310,Female,0,No,Yes,70,No,No phone service,Fiber optic,Yes,Yes,No,Yes,Yes,No,Month-to-month,Yes,Electronic check,122.12,8567.23,No
CUST-05311,Male,0,No,Yes,46,Yes,Yes,Fiber optic,No,Yes,No,No,No,Yes,Month-to-month,No,Electronic check,61.53,2802.72,No
CUST-05312,Male,0,No,Yes,52,No,No phone service,DSL,No,No,No,Yes,No,Yes,Month-to-month,No,Mailed check,26.56,1325.26,Yes
CUST-05313,Female,0,No,No,39,Yes,No,DSL,Yes,Yes,No,Yes,Yes,No,Month-to-month,Yes,Electronic check,92.15,3564.38,No
CUST-05314,Female,0,No,Yes,68,Yes,No,Fiber optic,No,Yes,Yes,Yes,No,No,Month-to-month,Yes,Mailed check,125.0,8406.94,No
CUST-05315,Female,0,No,No,1,Yes,Yes,DSL,Yes,No,Yes,No,No,Yes,Month-to-month,Yes,Electronic check,31.09,45.83,No
CUST-05316,Male,0,Yes,No,69,Yes,No,Fiber optic,No,No,No,No,No,No,Month-to-month,Yes,Bank transfer (automatic),125.0,8665.36,No
CUST-05317,Male,0,Yes,No,15,Yes,Yes,No,No internet service,No internet service,No internet service,No internet service,No internet service,No internet service,Month-to-month,Yes,Electronic check,50.61,820.88,No
CUST-05318,Female,0,Yes,No,64,Yes,No,Fiber optic,Yes,Yes,Yes,No,No,No,One year,Yes,Bank transfer (automatic),95.46,6026.7,No
CUST-05319,Male,0,No,Yes,5,Yes,No,Fiber optic,Yes,Yes,No,No,No,No,Month-to-month,No,Electronic check,120.38,627.07,Yes
CUST-05320,Female,0,No,No,23,Yes,No,Fiber optic,No,No,No,No,No,No,Month-to-month,Yes,Credit card (automatic),83.79,1930.57,No
CUST-05321,Female,0,No,No,42,Yes,No,DSL,No,No,Yes,No,No,Yes,Two year,Yes,Bank transfer (automatic),90.96,3853.95,No
CUST-05322,Male,0,No,No,48,Yes,No,DSL,No,No,No,No,No,No,One year,Yes,Electronic check,60.79,2809.04,No
CUST-05323,Male,0,Yes,Yes,2,Yes,No,DSL,No,No,No,No,Yes,No,Two year,No,Mailed check,100.46,199.52,No
CUST-05324,Female,0,No,No,26,Yes,Yes,No,No internet service,No internet service,No internet service,No internet service,No internet service,No internet service,Two year,No,Credit card (automatic),114.64,2931.58,No
CUST-05325,Male,0,Yes,No,61,Yes,No,No,No internet service,No internet service,No internet service,No internet service,No internet service,No internet service,Month-to-month,No,Mailed check,66.35,3998.53,No
CUST-05326,Female,0,Yes,No,14,Yes,No,Fiber optic,Yes,No,No,No,No,No,Month-to-month,Yes,Credit card (automatic),67.2,1022.26,Yes
CUST-05327,Male,0,No,No,69,Yes,Yes,Fiber optic,No,Yes,Yes,No,No,Yes,Month-to-month,Yes,Electronic check,71.05,4977.35,No
CUST-05328,Female,1,Yes,No,52,Yes,No,No,No internet service,No internet service,No internet service,No internet service,No internet service,No internet service,Month-to-month,Yes,Electronic check,87.59,4563.38,No
CUST-05329,Female,0,No,No,71,Yes,Yes,DSL,No,No,Yes,Yes,No,Yes,Two year,No,Credit card (automatic),36.36,2490.69,No
CUST-05330,Female,0,No,Yes,66,Yes,No,DSL,Yes,No,No,Yes,No,No,Two year,Yes,Electronic check,87.51,5745.22,No
CUST-05331,Male,0,No,No,17,Yes,No,Fiber optic,No,No,No,Yes,Yes,No,Month-to-month,No,Credit card (automatic),89.91,1610.27,No
CUST-05332,Male,0,Yes,Yes,68,Yes,No,Fiber optic,No,No,No,No,No,Yes,Month-to-month,Yes,Credit card (automatic),97.23,6602.71,No
CUST-05333,Female,0,Yes,Yes,36,Yes,Yes,No,No internet service,No internet service,No internet service,No internet service,No internet service,No internet service,Two year,Yes,Credit card (automatic),70.57,2488.26,No
CUST-05334,Male,0,Yes,Yes,19,Yes,No,No,No internet service,No internet service,No internet service,No internet service,No internet service,No internet service,One year,No,Electronic check,91.4,1742.83,No
CUST-05335,Male,1,No,Yes,65,Yes,No,No,No internet service,No internet service,No internet service,No internet service,No internet service,No internet service,Month-to-month,No,Credit card (automatic),46.79,3037.24,No
CUST-05336,Female,1,Yes,No,34,Yes,No,Fiber optic,No,Yes,No,Yes,No,Yes,Month-to-month,Yes,Credit card (automatic),33.25,1081.28,No
CUST-05337,Male,0,Yes,No,50,Yes,No,No,No internet service,No internet service,No internet service,No internet service,No internet service,No internet service,Month-to-month,Yes,Electronic check,93.47,4644.08,No
CUST-05338,Male,0,No,No,44,Yes,No,Fiber optic,No,Yes,Yes,No,Yes,Yes,Month-to-month,Yes,Credit card (automatic),46.06,1964.53,Yes
CUST-05339,Female,0,No,No,22,Yes,No,Fiber optic,No,No,Yes,No,Yes,No,Month-to-month,No,Credit card (automatic),91.58,2124.6,No
CUST-05340,Female,0,No,No,71,Yes,Yes,Fiber optic,No,No,No,No,No,Yes,Month-to-month,No,Electronic check,52.15,3665.2,No
CUST-05341,Female,1,Yes,No,61,Yes,Yes,No,No internet service,No internet service,No internet service,No internet service,No internet service,No internet service,One year,Yes,Bank transfer (automatic),97.27,5910.56,No
CUST-05342,Male,0,No,No,39,Yes,Yes,DSL,Yes,No,No,No,No,Yes,Month-to-month,Yes,Credit card (automatic),51.62,1997.65,No
CUST-05343,Male,0,Yes,No,42,Yes,No,Fiber optic,Yes,No,Yes,No,No,No,Two year,No,Electronic check,60.27,2562.97,No
CUST-05344,Female,0,Yes,No,6,Yes,Yes,Fiber optic,Yes,No,No,No,Yes,Yes,One year,Yes,Electronic check,106.35,550.29,Yes
CUST-05345,Female,0,Yes,No,53,Yes,No,Fiber optic,No,Yes,No,Yes,Yes,No,Month-to-month,No,Credit card (automatic),102.7,5439.59,No
CUST-05346,Female,0,No,No,66,Yes,No,Fiber optic,Yes,No,No,Yes,No,No,Month-to-month,Yes,Electronic check,106.25,7018.64,No
CUST-05347,Female,0,No,No,70,Yes,Yes,Fiber optic,No,No,Yes,No,Yes,No,One year,Yes,Electronic check,51.57,3629.66,No
CUST-05348,Female,0,Yes,No,41,Yes,Yes,Fiber optic,Yes,No,No,Yes,Yes,Yes,Two year,No,Credit card (automatic),50.15,2063.1,No
CUST-05349,Female,0,No,No,72,Yes,No,Fiber optic,No,No,No,No,No,No,Two year,Yes,Electronic check,101.47,7258.52,No
CUST-05350,Male,1,No,Yes,58,Yes,Yes,DSL,No,No,No,No,No,No,Month-to-month,Yes,Bank transfer (automatic),64.13,3714.69,No
CUST-05351,Female,0,Yes,No,37,Yes,Yes,Fiber optic,Yes,No,Yes,No,No,No,Month-to-month,Yes,Bank transfer (automatic),48.76,1828.18,No
CUST-05352,Male,0,No,No,58,Yes,No,DSL,No,No,Yes,No,Yes,Yes,Month-to-month,No,Electronic check,77.26,4483.7,No
CUST-05353,Female,0,Yes,No,12,Yes,No,No,No internet service,No internet service,No internet service,No internet service,No internet service,No internet service,Month-to-month,Yes,Mailed check,121.75,1457.27,Yes
CUST-05354,Female,0,Yes,Yes,49,Yes,Yes,No,No internet service,No internet service,No internet service,No internet service,No internet service,No internet service,Month-to-month,No,Electronic check,60.75,3040.97,No
CUST-05355,Male,1,No,No,45,Yes,Yes,DSL,No,Yes,No,No,Yes,Yes,Month-to-month,No,Credit card (automatic),47.88,2191.3,Yes
CUST-05356,Male,0,Yes,Yes,36,Yes,No,DSL,No,Yes,No,Yes,No,No,One year,No,Electronic check,54.12,1918.48,No
CUST-05357,Male,0,No,No,47,No,No phone service,DSL,No,No,No,Yes,No,No,One year,Yes,Credit card (automatic),46.67,2179.89,No
CUST-05358,Male,0,Yes,No,62,Yes,No,Fiber optic,No,No,No,Yes,No,No,Month-to-month,Yes,Electronic check,116.28,7227.4,No
CUST-05359,Female,0,No,No,42,Yes,No,DSL,Yes,Yes,Yes,No,No,Yes,Month-to-month,No,Mailed check,121.75,5063.6,No
CUST-05360,Female,1,No,No,28,Yes,No,Fiber optic,No,Yes,No,No,No,No,One year,Yes,Credit card (automatic),97.02,2716.68,Yes
CUST-05361,Male,0,No,Yes,31,Yes,No,Fiber optic,No,No,Yes,No,No,No,Month-to-month,No,Credit card (automatic),95.1,2966.89,No
CUST-05362,Male,0,No,No,41,Yes,Yes,Fiber optic,No,No,No,No,Yes,No,Month-to-month,Yes,Credit card (automatic),84.61,3421.02,No
CUST-05363,Male,0,No,Yes,42,Yes,Yes,Fiber optic,Yes,No,No,Yes,No,Yes,Month-to-month,Yes,Credit card (automatic),125.0,5287.4,Yes
CUST-05364,Male,0,Yes,No,23,Yes,No,Fiber optic,Yes,Yes,Yes,No,No,No,Month-to-month,Yes,Mailed check,115.12,2685.03,Yes
CUST-05365,Female,0,Yes,No,39,Yes,No,Fiber optic,No,No,No,Yes,No,No,Month-to-month,Yes,Bank transfer (automatic),125.0,4783.55,No
CUST-05366,Female,0,No,Yes,21,Yes,No,Fiber optic,No,Yes,No,Yes,Yes,No,Two year,Yes,Electronic check,37.88,817.1,No
CUST-05367,Female,0,No,No,69,No,No phone service,Fiber optic,No,No,No,No,No,No,Two year,Yes,Credit card (automatic),125.0,8692.81,No
CUST-05368,Male,0,Yes,No,39,Yes,No,Fiber optic,No,No,No,Yes,No,No,Two year,Yes,Electronic check,102.8,4009.16,No
CUST-05369,Male,0,No,Yes,61,No,No phone service,DSL,Yes,Yes,Yes,No,Yes,No,One year,No,Bank transfer (automatic),108.19,6541.14,No
CUST-05370,Female,0,Yes,No,28,Yes,Yes,DSL,Yes,Yes,No,No,No,No,Month-to-month,No,Electronic check,121.75,3436.38,Yes
CUST-05371,Male,0,Yes,Yes,29,Yes,No,Fiber optic,No,Yes,No,Yes,No,No,Month-to-month,No,Mailed check,60.34,1725.8,No
CUST-05372,Male,0,No,Yes,21,Yes,No,Fiber optic,Yes,Yes,No,No,No,Yes,Month-to-month,Yes,Bank transfer (automatic),95.43,2028.88,Yes
CUST-05373,Female,0,No,No,42,Yes,Yes,Fiber optic,Yes,No,No,No,Yes,Yes,One year,Yes,Electronic check,50.4,2147.0,No
CUST-05374,Female,0,No,No,45,Yes,Yes,No,No internet service,No internet service,No internet service,No internet service,No internet service,No internet service,Month-to-month,Yes,Mailed check,119.33,5316.75,No
CUST-05375,Male,0,Yes,No,41,Yes,No,DSL,No,Yes,No,Yes,Yes,Yes,Month-to-month,Yes,Electronic check,46.16,1902.91,No
CUST-05376,Male,0,Yes,No,61,Yes,No,Fiber optic,No,No,Yes,No,Yes,Yes,Two year,Yes,Credit card (automatic),30.48,1814.63,No
CUST-05377,Female,0,No,No,37,Yes,No,Fiber optic,Yes,No,Yes,Yes,No,Yes,Two year,No,Bank transfer (automatic),51.16,1835.35,No
CUST-05378,Female,0,Yes,No,60,No,No phone service,DSL,No,Yes,No,No,No,Yes,Month-to-month,No,Electronic check,53.79,3261.27,No
CUST-05379,Female,0,No,Yes,5,Yes,No,Fiber optic,No,Yes,No,No,Yes,Yes,One year,No,Credit card (automatic),56.08,284.89,Yes
CUST-05380,Male,1,Yes,Yes,26,Yes,Yes,Fiber optic,No,Yes,Yes,No,No,No,Month-to-month,Yes,Mailed check,89.53,2213.04,No
CUST-05381,Female,0,Yes,No,52,Yes,No,Fiber optic,Yes,Yes,Yes,No,No,No,Month-to-month,Yes,Bank transfer (automatic),110.79,5790.32,Yes
CUST-05382,Male,0,Yes,No,28,Yes,No,DSL,No,Yes,Yes,No,No,Yes,Month-to-month,No,Electronic check,33.48,884.49,Yes
CUST-05383,Female,1,Yes,No,53,Yes,No,DSL,No,No,No,No,No,No,Two year,No,Bank transfer (automatic),107.41,5693.24,No
CUST-05384,Female,0,Yes,Yes,43,Yes,Yes,DSL,Yes,No,No,No,No,No,Month-to-month,Yes,Credit card (automatic),82.95,3548.11,No
CUST-05385,Female,0,No,No,35,Yes,No,No,No internet service,No internet service,No internet service,No internet service,No internet service,No internet service,One year,Yes,Electronic check,105.92,3750.38,No
CUST-05386,Male,0,No,Yes,41,Yes,No,DSL,No,Yes,No,Yes,Yes,Yes,Two year,Yes,Electronic check,76.81,3172.37,No
CUST-05387,Female,0,Yes,No,65,Yes,Yes,DSL,No,Yes,Yes,No,No,No,One year,No,Bank transfer (automatic),103.74,6754.69,No
CUST-05388,Male,0,No,No,49,Yes,No,Fiber optic,Yes,Yes,No,Yes,Yes,No,Month-to-month,No,Bank transfer (automatic),51.09,2528.96,No
CUST-05389,Female,0,Yes,Yes,71,Yes,Yes,No,No internet service,No internet service,No internet service,No internet service,No internet service,No internet service,One year,No,Bank transfer (automatic),72.4,5135.31,No
CUST-05390,Male,0,Yes,No,7,Yes,No,DSL,No,No,No,No,Yes,Yes,Month-to-month,Yes,Mailed check,51.45,398.79,Yes
CUST-05391,Female,0,No,No,59,Yes,No,Fiber optic,No,Yes,No,No,Yes,No,Month-to-month,No,Mailed check,104.3,6166.6,Yes
CUST-05392,Female,0,No,No,65,Yes,No,DSL,Yes,Yes,No,Yes,No,No,Two year,No,Bank transfer (automatic),86.89,5690.5,No
CUST-05393,Male,0,No,No,67,Yes,No,DSL,Yes,Yes,Yes,Yes,Yes,No,Two year,Yes,Mailed check,95.4,6456.54,No
CUST-05394,Male,0,Yes,Yes,39,Yes,No,No,No internet service,No internet service,No internet service,No internet service,No internet service,No internet service,Month-to-month,No,Mailed check,93.67,3702.22,No
CUST-05395,Male,0,Yes,Yes,36,Yes,Yes,Fiber optic,No,No,Yes,No,No,Yes,One year,No,Electronic check,107.14,3859.99,No
CUST-05396,Female,0,No,Yes,43,Yes,No,Fiber optic,No,No,Yes,No,Yes,No,Two year,Yes,Bank transfer (automatic),89.64,3926.08,No
CUST-05397,Male,1,No,Yes,66,Yes,No,DSL,Yes,Yes,No,Yes,Yes,Yes,Month-to-month,No,Mailed check,60.34,3950.85,No
CUST-05398,Female,0,No,No,63,Yes,No,Fiber optic,No,Yes,No,Yes,No,Yes,One year,Yes,Bank transfer (automatic),115.02,7243.45,No
CUST-05399,Male,0,No,No,68,Yes,Yes,DSL,Yes,No,Yes,Yes,Yes,No,Month-to-month,Yes,Electronic check,50.0,3423.89,No
CUST-05400,Male,0,Yes,No,70,Yes,No,Fiber optic,No,No,No,No,No,Yes,Month-to-month,No,Electronic check,72.2,5041.51,No
CUST-05401,Male,0,No,No,45,Yes,No,Fiber optic,No,Yes,Yes,Yes,Yes,Yes,Month-to-month,Yes,Bank transfer (automatic),106.67,4840.13,No
CUST-05402,Male,0,No,No,19,Yes,No,Fiber optic,No,No,No,Yes,No,Yes,Month-to-month,Yes,Electronic check,81.38,1547.51,No
CUST-05403,Male,0,Yes,Yes,11,Yes,Yes,Fiber optic,Yes,No,No,No,No,No,Month-to-month,Yes,Electronic check,74.54,745.44,No
CUST-05404,Male,0,Yes,Yes,65,No,No phone service,DSL,No,Yes,No,No,No,No,One year,No,Credit card (automatic),110.7,7137.92,No
CUST-05405,Female,0,No,No,11,Yes,Yes,Fiber optic,No,No,No,Yes,No,Yes,Month-to-month,Yes,Bank transfer (automatic),33.25,406.9,Yes
CUST-05406,Female,1,Yes,No,6,Yes,No,No,No internet service,No internet service,No internet service,No internet service,No internet service,No internet service,Two year,Yes,Mailed check,96.69,536.8,No
CUST-05407,Male,0,No,Yes,35,Yes,No,No,No internet service,No internet service,No internet service,No internet service,No internet service,No internet service,Month-to-month,No,Bank transfer (automatic),21.25,745.94,No
CUST-05408,Male,0,No,No,54,Yes,Yes,DSL,No,No,No,Yes,No,No,One year,No,Credit card (automatic),69.51,3732.79,No
CUST-05409,Male,0,Yes,Yes,53,Yes,Yes,DSL,Yes,No,Yes,Yes,Yes,No,Two year,No,Electronic check,98.49,5241.73,No
CUST-05410,Male,0,No,No,19,Yes,No,Fiber optic,No,Yes,No,No,No,Yes,Two year,Yes,Electronic check,98.69,1873.11,No
CUST-05411,Female,0,No,No,37,Yes,Yes,Fiber optic,Yes,No,Yes,Yes,Yes,No,Two year,Yes,Bank transfer (automatic),62.57,2275.49,Yes
CUST-05412,Female,1,Yes,Yes,65,Yes,No,No,No internet service,No internet service,No internet service,No internet service,No internet service,No internet service,Month-to-month,Yes,Electronic check,87.08,5593.29,No
CUST-05413,Male,0,No,No,58,Yes,Yes,Fiber optic,No,Yes,No,No,No,Yes,Month-to-month,Yes,Electronic check,61.66,3613.99,No
CUST-05414,Male,1,Yes,No,67,Yes,Yes,Fiber optic,No,No,No,Yes,No,No,Two year,No,Credit card (automatic),42.94,2867.61,No
CUST-05415,Female,0,No,No,56,Yes,No,DSL,No,No,No,No,No,No,Month-to-month,Yes,Electronic check,44.87,2448.24,No
CUST-05416,Female,0,Yes,No,7,Yes,No,No,No internet service,No internet service,No internet service,No internet service,No internet service,No internet service,Two year,Yes,Mailed check,41.8,302.64,No
CUST-05417,Female,0,Yes,No,15,Yes,No,DSL,No,No,No,No,No,No,One year,Yes,Mailed check,89.63,1359.17,No
CUST-05418,Female,1,No,Yes,13,Yes,No,No,No internet service,No internet service,No internet service,No internet service,No internet service,No internet service,Month-to-month,Yes,Bank transfer (automatic),121.75,1566.47,Yes
CUST-05419,Male,0,Yes,Yes,10,Yes,No,No,No internet service,No internet service,No internet service,No internet service,No internet service,No internet service,Month-to-month,Yes,Electronic check,83.8,833.58,Yes
CUST-05420,Male,0,Yes,No,62,Yes,No,DSL,Yes,No,Yes,No,Yes,No,Two year,Yes,Bank transfer (automatic),54.61,3432.65,No
CUST-05421,Male,0,Yes,No,51,Yes,No,Fiber optic,Yes,No,Yes,No,Yes,Yes,Month-to-month,No,Bank transfer (automatic),46.1,2353.74,No
CUST-05422,Male,0,No,Yes,66,Yes,No,DSL,No,No,Yes,Yes,No,No,One year,Yes,Mailed check,49.78,3218.34,No
CUST-05423,Female,0,No,No,24,Yes,Yes,DSL,No,No,No,Yes,No,No,Month-to-month,No,Electronic check,38.65,929.93,No
CUST-05424,Female,0,Yes,No,71,Yes,No,Fiber optic,No,No,No,No,Yes,No,One year,Yes,Bank transfer (automatic),50.05,3597.44,No
CUST-05425,Female,0,Yes,Yes,68,Yes,No,No,No internet service,No internet service,No internet service,No internet service,No internet service,No internet service,Two year,No,Credit card (automatic),50.11,3347.58,No
CUST-05426,Female,0,Yes,Yes,8,Yes,No,Fiber optic,No,No,No,No,No,No,Two year,Yes,Credit card (automatic),77.7,653.75,No
CUST-05427,Male,0,No,No,63,Yes,Yes,DSL,No,No,No,Yes,Yes,No,Two year,No,Electronic check,41.83,2631.44,No
CUST-05428,Female,0,Yes,Yes,8,Yes,Yes,Fiber optic,No,No,Yes,No,No,No,Two year,Yes,Electronic check,117.05,869.03,No
CUST-05429,Female,0,No,No,33,Yes,No,Fiber optic,No,No,Yes,No,Yes,Yes,Two year,No,Bank transfer (automatic),119.87,3996.11,No
CUST-05430,Male,0,No,No,14,No,No phone service,DSL,No,Yes,Yes,No,No,Yes,One year,Yes,Electronic check,66.97,901.52,No
CUST-05431,Male,0,No,Yes,42,Yes,No,DSL,No,No,No,Yes,Yes,Yes,Month-to-month,Yes,Bank transfer (automatic),21.25,891.99,No
CUST-05432,Female,1,No,No,2,Yes,Yes,DSL,No,No,No,No,Yes,No,Month-to-month,No,Credit card (automatic),82.4,178.37,No
CUST-05433,Female,0,Yes,Yes,61,Yes,No,Fiber optic,Yes,No,No,No,Yes,No,Month-to-month,No,Mailed check,107.41,6556.19,No
CUST-05434,Male,0,No,No,35,Yes,No,Fiber optic,No,Yes,No,No,No,Yes,One year,Yes,Credit card (automatic),51.96,1784.18,No
CUST-05435,Male,0,Yes,Yes,63,Yes,Yes,Fiber optic,No,No,Yes,Yes,Yes,No,Month-to-month,No,Electronic check,43.74,2808.86,No
CUST-05436,Male,0,No,No,32,Yes,Yes,DSL,Yes,No,Yes,Yes,Yes,No,Month-to-month,No,Electronic check,120.97,3831.35,No
CUST-05437,Female,0,Yes,No,41,No,No phone service,No,No internet service,No internet service,No internet service,No internet service,No internet service,No internet service,Month-to-month,Yes,Mailed check,50.13,2038.18,No
CUST-05438,Female,0,Yes,No,54,Yes,No,Fiber optic,No,No,No,No,No,Yes,Month-to-month,Yes,Credit card (automatic),66.63,3635.6,No
CUST-05439,Female,0,Yes,Yes,70,Yes,Yes,DSL,No,Yes,No,Yes,Yes,No,Two year,No,Credit card (automatic),43.59,3045.03,No
CUST-05440,Male,0,Yes,No,27,Yes,No,No,No internet service,No internet service,No internet service,No internet service,No internet service,No internet service,Two year,Yes,Credit card (automatic),47.77,1272.68,No
CUST-05441,Male,0,No,No,38,Yes,Yes,Fiber optic,No,No,Yes,Yes,No,No,Month-to-month,Yes,Credit card (automatic),69.14,2611.79,No
CUST-05442,Male,0,No,No,24,No,No phone service,Fiber optic,Yes,No,No,Yes,Yes,Yes,Two year,Yes,Electronic check,77.68,1779.19,No
CUST-05443,Male,0,Yes,No,3,Yes,No,DSL,Yes,No,No,No,No,Yes,One year,No,Credit card (automatic),34.21,144.85,No
CUST-05444,Male,0,No,No,63,Yes,No,DSL,Yes,Yes,No,Yes,No,Yes,Month-to-month,No,Credit card (automatic),21.25,1282.58,No
CUST-05445,Female,0,No,No,41,Yes,Yes,Fiber optic,Yes,No,No,No,Yes,No,Two year,Yes,Bank transfer (automatic),90.55,3710.14,No
CUST-05446,Female,0,Yes,No,27,Yes,No,No,No internet service,No internet service,No internet service,No internet service,No internet service,No internet service,Two year,Yes,Credit card (automatic),49.89,1241.98,No
CUST-05447,Male,1,Yes,No,56,Yes,Yes,Fiber optic,Yes,No,Yes,No,No,No,One year,Yes,Electronic check,41.03,2300.26,No
CUST-05448,Female,0,No,No,59,Yes,No,DSL,Yes,No,No,No,No,No,One year,Yes,Mailed check,70.11,4076.22,No
CUST-05449,Female,1,Yes,No,71,Yes,Yes,Fiber optic,Yes,No,Yes,Yes,No,No,Two year,No,Electronic check,79.52,5566.73,No
CUST-05450,Female,0,No,No,32,Yes,No,Fiber optic,Yes,Yes,No,No,No,No,Month-to-month,No,Mailed check,115.32,3643.69,No
CUST-05451,Female,0,Yes,Yes,8,Yes,Yes,DSL,No,Yes,No,No,No,Yes,One year,No,Electronic check,18.25,68.43,No
CUST-05452,Male,0,Yes,No,35,Yes,No,No,No internet service,No internet service,No internet service,No internet service,No internet service,No internet service,Month-to-month,Yes,Electronic check,69.55,2424.65,No
CUST-05453,Male,0,No,No,32,Yes,No,Fiber optic,No,Yes,No,No,No,Yes,Two year,No,Electronic check,66.73,2134.12,Yes
CUST-05454,Male,0,No,No,15,Yes,Yes,Fiber optic,Yes,No,No,Yes,No,Yes,Two year,No,Electronic check,50.38,746.9,No
CUST-05455,Female,0,No,No,43,Yes,No,DSL,Yes,No,No,No,No,No,Month-to-month,Yes,Electronic check,97.22,4146.41,No
CUST-05456,Female,1,Yes,No,30,Yes,Yes,DSL,No,No,No,No,No,Yes,Month-to-month,Yes,Credit card (automatic),80.36,2445.04,No
CUST-05457,Female,0,No,Yes,64,Yes,No,Fiber optic,Yes,No,No,No,No,No,One year,Yes,Credit card (automatic),79.24,5056.35,No
CUST-05458,Female,0,No,No,4,Yes,No,Fiber optic,No,No,Yes,No,Yes,No,Month-to-month,No,Mailed check,58.55,281.7,Yes
CUST-05459,Male,0,No,No,52,Yes,Yes,Fiber optic,No,Yes,No,No,Yes,Yes,Month-to-month,No,Electronic check,111.18,5679.0,No
CUST-05460,Male,0,No,Yes,44,Yes,Yes,Fiber optic,No,No,Yes,Yes,Yes,No,Month-to-month,Yes,Electronic check,33.25,1469.14,No
CUST-05461,Male,0,No,Yes,17,Yes,No,Fiber optic,No,Yes,No,No,No,No,One year,Yes,Mailed check,111.22,1895.97,No
CUST-05462,Female,0,No,No,26,Yes,Yes,Fiber optic,No,No,Yes,Yes,No,Yes,Month-to-month,No,Credit card (automatic),58.43,1479.08,No
CUST-05463,Male,0,No,No,62,No,No phone service,DSL,No,No,No,Yes,No,No,Two year,Yes,Bank transfer (automatic),59.13,3711.43,No
CUST-05464,Female,0,No,No,27,Yes,Yes,Fiber optic,Yes,Yes,No,No,No,No,Month-to-month,Yes,Credit card (automatic),124.15,3345.34,No
CUST-05465,Female,0,No,No,48,Yes,Yes,Fiber optic,Yes,No,No,No,No,No,Month-to-month,No,Bank transfer (automatic),122.64,5887.24,Yes
CUST-05466,Male,1,No,No,37,Yes,No,Fiber optic,No,No,Yes,No,Yes,No,Two year,Yes,Electronic check,91.25,3388.23,No
CUST-05467,Female,0,No,Yes,65,Yes,No,DSL,Yes,No,No,No,Yes,Yes,One year,Yes,Electronic check,79.6,5251.74,No
CUST-05468,Female,0,Yes,No,48,Yes,No,No,No internet service,No internet service,No internet service,No internet service,No internet service,No internet service,Month-to-month,Yes,Bank transfer (automatic),64.38,3066.65,No
CUST-05469,Male,1,Yes,No,61,Yes,Yes,DSL,No,No,Yes,No,No,No,Two year,No,Mailed check,98.03,5982.05,No
CUST-05470,Female,0,Yes,No,66,Yes,No,No,No internet service,No internet service,No internet service,No internet service,No internet service,No internet service,Two year,No,Mailed check,85.73,5706.21,No
CUST-05471,Male,0,No,No,10,Yes,Yes,No,No internet service,No internet service,No internet service,No internet service,No internet service,No internet service,Two year,No,Electronic check,90.05,889.08,Yes
CUST-05472,Female,0,Yes,Yes,61,Yes,Yes,Fiber optic,No,No,No,No,No,No,One year,Yes,Credit card (automatic),51.39,3177.43,No
CUST-05473,Male,0,Yes,No,70,Yes,Yes,DSL,Yes,No,Yes,No,No,No,One year,Yes,Bank transfer (automatic),74.98,5242.94,No
CUST-05474,Female,1,No,No,3,Yes,No,Fiber optic,No,Yes,Yes,No,No,No,Two year,No,Credit card (automatic),77.85,244.2,Yes
CUST-05475,Female,0,Yes,No,33,Yes,No,DSL,No,No,No,No,No,Yes,One year,Yes,Mailed check,46.0,1505.53,No
CUST-05476,Male,0,No,Yes,19,Yes,Yes,No,No internet service,No internet service,No internet service,No internet service,No internet service,No internet service,Month-to-month,Yes,Mailed check,72.52,1358.6,Yes
CUST-05477,Female,1,No,Yes,71,Yes,No,DSL,Yes,Yes,No,No,No,No,One year,Yes,Bank transfer (automatic),113.75,8071.36,No
CUST-05478,Male,0,Yes,No,26,Yes,Yes,Fiber optic,Yes,Yes,Yes,No,Yes,No,Two year,Yes,Bank transfer (automatic),97.33,2488.75,Yes
CUST-05479,Female,1,Yes,No,14,Yes,No,Fiber optic,No,No,No,No,No,Yes,Month-to-month,No,Credit card (automatic),81.25,1096.99,Yes
CUST-05480,Male,0,No,No,7,No,No phone service,DSL,No,No,No,No,No,No,Month-to-month,Yes,Electronic check,61.21,416.74,No
CUST-05481,Male,0,No,No,58,Yes,No,Fiber optic,No,Yes,No,Yes,No,No,Two year,Yes,Electronic check,69.48,4026.39,No
CUST-05482,Female,0,Yes,Yes,5,Yes,Yes,Fiber optic,No,No,No,Yes,No,No,Month-to-month,Yes,Mailed check,89.8,472.45,No
CUST-05483,Female,0,Yes,No,22,Yes,No,DSL,No,No,No,Yes,No,No,Month-to-month,Yes,Bank transfer (automatic),71.64,1553.89,No
CUST-05484,Male,0,No,No,40,Yes,No,DSL,No,Yes,No,No,No,Yes,Two year,Yes,Electronic check,103.04,4183.24,No
CUST-05485,Male,0,No,Yes,4,Yes,No,Fiber optic,No,No,Yes,No,No,No,One year,Yes,Credit card (automatic),68.93,216.97,No
CUST-05486,Female,0,No,No,13,Yes,Yes,Fiber optic,No,No,Yes,No,No,Yes,Month-to-month,Yes,Bank transfer (automatic),116.0,1464.48,Yes
CUST-05487,Female,0,Yes,Yes,72,Yes,No,Fiber optic,No,No,No,No,No,No,Month-to-month,Yes,Bank transfer (automatic),70.75,5106.14,No
CUST-05488,Male,0,No,No,33,Yes,Yes,DSL,No,Yes,No,No,No,Yes,Two year,Yes,Bank transfer (automatic),102.21,3425.99,Yes
CUST-05489,Male,0,No,No,22,Yes,Yes,Fiber optic,No,Yes,Yes,Yes,No,No,Month-to-month,No,Mailed check,125.0,2712.68,No
CUST-05490,Female,0,Yes,Yes,63,Yes,No,DSL,No,No,Yes,No,No,Yes,Month-to-month,No,Bank transfer (automatic),121.75,7733.26,No
CUST-05491,Female,1,No,No,6,Yes,No,DSL,No,Yes,No,No,No,No,Month-to-month,Yes,Electronic check,109.85,688.58,Yes
CUST-05492,Male,0,No,No,20,Yes,Yes,Fiber optic,Yes,No,Yes,No,No,No,Two year,No,Electronic check,125.0,,Yes
CUST-05493,Female,1,No,Yes,62,Yes,No,Fiber optic,Yes,No,Yes,No,No,No,Two year,No,Credit card (automatic),53.22,3316.42,No
CUST-05494,Female,1,No,No,55,Yes,No,Fiber optic,No,Yes,No,No,No,No,One year,No,Electronic check,54.78,3028.38,No
CUST-05495,Male,0,Yes,No,32,Yes,No,DSL,No,No,No,Yes,Yes,Yes,One year,No,Credit card (automatic),74.69,2364.01,No
CUST-05496,Female,0,No,No,71,Yes,No,Fiber optic,Yes,No,No,Yes,No,Yes,Month-to-month,Yes,Mailed check,103.81,7344.03,No
CUST-05497,Male,0,Yes,Yes,42,Yes,Yes,DSL,Yes,No,Yes,No,Yes,No,Month-to-month,Yes,Electronic check,71.4,2972.22,No
CUST-05498,Female,0,No,No,54,Yes,Yes,DSL,Yes,Yes,Yes,No,Yes,No,Two year,No,Electronic check,74.21,3982.09,No
CUST-05499,Male,0,Yes,Yes,71,Yes,Yes,No,No internet service,No internet service,No internet service,No internet service,No internet service,No internet service,Two year,Yes,Electronic check,98.89,7046.55,No
CUST-05500,Female,1,Yes,Yes,37,Yes,No,No,No internet service,No internet service,No internet service,No internet service,No internet service,No internet service,One year,No,Bank transfer (automatic),64.85,2450.35,No
CUST-05501,Male,1,No,Yes,35,Yes,Yes,No,No internet service,No internet service,No internet service,No internet service,No internet service,No internet service,Month-to-month,No,Mailed check,56.29,1919.98,No
CUST-05502,Female,0,Yes,Yes,48,No,No phone service,Fiber optic,No,No,No,No,Yes,No,Month-to-month,Yes,Credit card (automatic),100.61,4784.65,No
CUST-05503,Female,0,No,No,5,Yes,No,DSL,No,No,No,No,Yes,Yes,Two year,Yes,Credit card (automatic),80.26,457.72,Yes
CUST-05504,Male,0,Yes,No,31,Yes,Yes,No,No internet service,No internet service,No internet service,No internet service,No internet service,No internet service,Two year,Yes,Electronic check,57.16,1764.47,No
CUST-05505,Male,0,Yes,No,50,No,No phone service,Fiber optic,No,Yes,Yes,No,Yes,Yes,Month-to-month,No,Mailed check,72.02,3625.94,No
CUST-05506,Male,0,Yes,No,28,Yes,No,No,No internet service,No internet service,No internet service,No internet service,No internet service,No internet service,One year,Yes,Electronic check,88.55,2456.45,No
CUST-05507,Female,0,Yes,Yes,52,Yes,No,Fiber optic,Yes,Yes,No,No,No,No,Two year,Yes,Mailed check,61.81,3295.1,No
CUST-05508,Female,0,Yes,No,30,Yes,No,Fiber optic,No,Yes,Yes,No,No,No,One year,Yes,Electronic check,39.39,1182.0,No
CUST-05509,Male,0,Yes,No,14,Yes,Yes,DSL,Yes,No,No,No,Yes,No,Month-to-month,Yes,Mailed check,32.79,490.63,Yes
CUST-05510,Male,1,No,Yes,11,Yes,No,DSL,No,No,No,No,Yes,Yes,Month-to-month,Yes,Electronic check,36.52,438.63,Yes
CUST-05511,Female,0,No,No,40,Yes,No,Fiber optic,No,Yes,Yes,No,No,No,Two year,Yes,Bank transfer (automatic),46.12,1767.57,No
CUST-05512,Male,1,Yes,Yes,14,Yes,No,No,No internet service,No internet service,No internet service,No internet service,No internet service,No internet service,Month-to-month,Yes,Electronic check,85.47,1116.55,Yes
CUST-05513,Male,0,Yes,No,27,Yes,No,Fiber optic,No,No,No,Yes,No,No,Two year,Yes,Mailed check,72.2,1919.8,No
CUST-05514,Male,0,Yes,No,38,Yes,Yes,DSL,No,No,No,No,No,Yes,Month-to-month,No,Mailed check,91.45,3473.04,Yes
CUST-05515,Male,1,Yes,Yes,4,Yes,No,Fiber optic,No,Yes,Yes,No,Yes,No,Two year,Yes,Mailed check,86.49,342.15,No
CUST-05516,Male,0,Yes,No,31,Yes,Yes,DSL,Yes,No,No,Yes,No,Yes,Two year,Yes,Mailed check,68.79,2174.04,No
CUST-05517,Male,0,No,No,23,Yes,Yes,No,No internet service,No internet service,No internet service,No internet service,No internet service,No internet service,Month-to-month,No,Mailed check,78.68,1762.51,Yes
CUST-05518,Male,0,No,Yes,23,Yes,Yes,DSL,No,No,Yes,Yes,No,No,Two year,Yes,Electronic check,92.44,2075.57,No
CUST-05519,Male,0,No,No,66,Yes,No,DSL,No,No,No,No,No,Yes,Month-to-month,Yes,Electronic check,51.71,3367.38,No
CUST-05520,Male,0,No,No,67,Yes,No,Fiber optic,Yes,No,Yes,No,Yes,Yes,Month-to-month,Yes,Bank transfer (automatic),100.6,6786.71,No
CUST-05521,Female,0,No,Yes,22,Yes,No,Fiber optic,Yes,No,No,No,No,Yes,Month-to-month,No,Mailed check,95.86,2139.4,No
CUST-05522,Male,0,Yes,Yes,64,Yes,No,Fiber optic,No,No,Yes,Yes,Yes,No,Month-to-month,Yes,Mailed check,115.59,7335.99,No
CUST-05523,Male,0,Yes,No,17,Yes,No,Fiber optic,Yes,Yes,Yes,Yes,No,Yes,Month-to-month,Yes,Credit card (automatic),33.25,594.68,No
CUST-05524,Male,0,No,No,25,Yes,No,No,No internet service,No internet service,No internet service,No internet service,No internet service,No internet service,Month-to-month,No,Mailed check,91.25,2252.78,No
CUST-05525,Male,0,Yes,No,68,Yes,No,Fiber optic,Yes,No,No,No,No,No,Two year,No,Electronic check,96.95,6526.36,Yes
CUST-05526,Female,0,Yes,No,8,Yes,Yes,DSL,No,Yes,Yes,Yes,Yes,Yes,Two year,No,Bank transfer (automatic),48.66,383.77,No
CUST-05527,Male,1,No,No,28,Yes,No,DSL,No,No,No,Yes,No,No,Month-to-month,Yes,Mailed check,57.36,1597.59,No
CUST-05528,Female,0,Yes,No,58,Yes,No,Fiber optic,No,No,No,No,Yes,No,One year,Yes,Mailed check,59.87,3503.6,No
CUST-05529,Female,0,Yes,No,68,Yes,Yes,Fiber optic,Yes,Yes,No,No,Yes,Yes,Month-to-month,Yes,Electronic check,74.12,5031.86,No
CUST-05530,Female,0,No,Yes,69,No,No phone service,Fiber optic,No,No,Yes,No,Yes,No,Two year,Yes,Electronic check,103.71,7203.57,No
CUST-05531,Male,1,Yes,Yes,64,Yes,Yes,DSL,Yes,No,Yes,No,No,No,One year,Yes,Electronic check,54.36,3531.89,No
CUST-05532,Male,0,Yes,Yes,70,Yes,Yes,DSL,Yes,No,No,No,No,Yes,One year,No,Electronic check,117.36,8186.5,No
CUST-05533,Male,0,Yes,No,34,Yes,No,DSL,No,No,Yes,No,Yes,Yes,Month-to-month,Yes,Bank transfer (automatic),42.13,1420.66,Yes
CUST-05534,Female,1,Yes,No,24,Yes,No,Fiber optic,No,Yes,No,No,No,Yes,Month-to-month,Yes,Electronic check,33.25,838.64,No
CUST-05535,Female,0,No,No,28,Yes,No,Fiber optic,Yes,No,No,Yes,Yes,No,Month-to-month,Yes,Mailed check,53.25,1489.27,No
CUST-05536,Male,1,No,No,9,Yes,No,DSL,No,Yes,Yes,Yes,Yes,No,Two year,No,Bank transfer (automatic),64.25,620.29,Yes
CUST-05537,Female,0,Yes,No,10,Yes,No,Fiber optic,No,No,No,No,No,Yes,One year,Yes,Credit card (automatic),89.12,934.86,No
CUST-05538,Male,0,Yes,Yes,71,Yes,No,No,No internet service,No internet service,No internet service,No internet service,No internet service,No internet service,Month-to-month,No,Mailed check,83.55,5855.52,No
CUST-05539,Male,1,Yes,No,14,Yes,No,DSL,No,Yes,No,Yes,No,No,Month-to-month,Yes,Electronic check,38.14,555.47,No
CUST-05540,Male,1,No,No,45,Yes,Yes,DSL,No,Yes,No,No,Yes,No,Two year,Yes,Credit card (automatic),66.95,3028.42,No
CUST-05541,Female,0,Yes,No,17,Yes,Yes,Fiber optic,No,No,No,No,Yes,Yes,Month-to-month,No,Bank transfer (automatic),73.52,1267.0,Yes
CUST-05542,Female,0,Yes,No,48,Yes,Yes,DSL,No,Yes,No,No,Yes,No,Month-to-month,No,Mailed check,111.97,5387.82,Yes
CUST-05543,Female,0,No,Yes,34,Yes,No,DSL,No,Yes,Yes,No,Yes,No,One year,Yes,Mailed check,54.82,1876.31,No
CUST-05544,Male,0,No,No,8,Yes,Yes,No,No internet service,No internet service,No internet service,No internet service,No internet service,No internet service,One year,Yes,Credit card (automatic),82.83,741.66,No
CUST-05545,Female,0,No,No,27,No,No phone service,Fiber optic,Yes,No,Yes,No,Yes,Yes,Month-to-month,Yes,Electronic check,90.58,2461.88,Yes
CUST-05546,Male,0,No,No,53,Yes,No,Fiber optic,No,No,Yes,No,No,Yes,One year,Yes,Electronic check,123.23,6509.06,Yes
CUST-05547,Female,0,No,No,58,Yes,No,No,No internet service,No internet service,No internet service,No internet service,No internet service,No internet service,Month-to-month,Yes,Electronic check,87.92,5079.85,No
CUST-05548,Female,0,No,No,21,Yes,Yes,DSL,No,Yes,Yes,No,No,No,One year,Yes,Electronic check,38.08,786.77,Yes
CUST-05549,Female,0,No,Yes,22,Yes,No,No,No internet service,No internet service,No internet service,No internet service,No internet service,No internet service,Month-to-month,Yes,Credit card (automatic),121.75,2733.97,No
CUST-05550,Male,0,Yes,No,53,Yes,No,No,No internet service,No internet service,No internet service,No internet service,No internet service,No internet service,Month-to-month,No,Credit card (automatic),79.3,4154.15,No
CUST-05551,Male,0,Yes,Yes,31,No,No phone service,Fiber optic,No,Yes,No,No,Yes,Yes,One year,Yes,Electronic check,124.65,3931.0,No
CUST-05552,Female,0,Yes,Yes,6,Yes,No,No,No internet service,No internet service,No internet service,No internet service,No internet service,No internet service,Month-to-month,Yes,Credit card (automatic),84.03,512.01,No
CUST-05553,Male,0,No,Yes,9,Yes,Yes,No,No internet service,No internet service,No internet service,No internet service,No internet service,No internet service,Two year,No,Credit card (automatic),71.79,548.62,No
CUST-05554,Male,0,No,No,27,Yes,No,DSL,Yes,Yes,No,Yes,Yes,No,Month-to-month,No,Electronic check,79.17,2195.71,Yes
CUST-05555,Male,0,No,No,20,Yes,Yes,DSL,Yes,No,No,No,No,Yes,Two year,Yes,Electronic check,18.25,400.5,No
CUST-05556,Male,0,Yes,No,9,Yes,Yes,Fiber optic,No,No,No,No,No,No,One year,No,Bank transfer (automatic),50.04,433.55,Yes
CUST-05557,Female,0,No,No,57,Yes,Yes,Fiber optic,No,No,Yes,No,No,No,Month-to-month,Yes,Electronic check,95.93,5476.36,Yes
CUST-05558,Female,0,Yes,Yes,34,No,No phone service,Fiber optic,Yes,Yes,Yes,Yes,No,No,One year,Yes,Electronic check,125.0,4290.87,No
CUST-05559,Male,0,Yes,No,51,Yes,Yes,DSL,Yes,Yes,Yes,Yes,Yes,Yes,One year,Yes,Bank transfer (automatic),40.78,2132.06,No
CUST-05560,Female,0,No,No,1,Yes,Yes,DSL,No,No,No,No,No,Yes,Month-to-month,No,Credit card (automatic),92.47,85.67,Yes
CUST-05561,Female,0,No,Yes,29,Yes,Yes,DSL,Yes,No,No,Yes,Yes,No,Month-to-month,No,Electronic check,103.5,3061.99,No
CUST-05562,Female,0,No,No,35,Yes,Yes,Fiber optic,No,No,Yes,Yes,Yes,No,Two year,Yes,Bank transfer (automatic),99.89,3487.75,No
CUST-05563,Male,0,Yes,No,42,Yes,No,DSL,No,No,No,No,No,No,Month-to-month,Yes,Bank transfer (automatic),57.49,2468.25,No
CUST-05564,Female,0,Yes,No,70,Yes,No,DSL,No,No,No,No,No,Yes,One year,Yes,Electronic check,78.35,5412.88,No
CUST-05565,Female,0,Yes,No,34,Yes,No,No,No internet service,No internet service,No internet service,No internet service,No internet service,No internet service,Month-to-month,No,Electronic check,21.25,791.11,No
CUST-05566,Male,0,Yes,No,36,Yes,No,Fiber optic,No,No,No,No,No,No,Two year,Yes,Credit card (automatic),125.0,4421.2,No
CUST-05567,Female,0,No,No,65,Yes,No,No,No internet service,No internet service,No internet service,No internet service,No internet service,No internet service,Month-to-month,No,Electronic check,121.75,7878.05,No
CUST-05568,Female,0,Yes,No,29,Yes,Yes,DSL,No,Yes,Yes,No,Yes,Yes,Month-to-month,Yes,Electronic check,79.1,2339.9,No
CUST-05569,Female,0,Yes,Yes,29,Yes,No,Fiber optic,No,Yes,No,No,Yes,Yes,Month-to-month,Yes,Electronic check,81.0,2353.43,No
CUST-05570,Female,0,Yes,No,12,Yes,No,Fiber optic,No,Yes,Yes,Yes,No,Yes,Month-to-month,No,Electronic check,94.84,1169.95,Yes
CUST-05571,Male,0,No,No,52,Yes,No,No,No internet service,No internet service,No internet service,No internet service,No internet service,No internet service,One year,No,Mailed check,117.98,6081.42,No
CUST-05572,Male,0,No,No,2,No,No phone service,Fiber optic,No,No,No,Yes,No,Yes,Month-to-month,Yes,Electronic check,90.01,142.13,Yes
CUST-05573,Female,0,Yes,No,16,Yes,Yes,No,No internet service,No internet service,No internet service,No internet service,No internet service,No internet service,One year,Yes,Electronic check,48.5,762.87,No
CUST-05574,Male,0,Yes,Yes,31,Yes,Yes,DSL,Yes,Yes,No,No,No,No,One year,No,Credit card (automatic),87.51,2642.68,Yes
CUST-05575,Male,0,No,No,32,No,No phone service,DSL,No,No,Yes,No,Yes,No,Month-to-month,Yes,Mailed check,80.38,2623.11,Yes
CUST-05576,Male,0,No,No,3,Yes,No,No,No internet service,No internet service,No internet service,No internet service,No internet service,No internet service,Month-to-month,Yes,Mailed check,78.23,231.57,No
CUST-05577,Male,0,Yes,No,39,Yes,No,Fiber optic,Yes,Yes,Yes,No,No,Yes,One year,Yes,Electronic check,94.33,3627.64,No
CUST-05578,Male,1,Yes,Yes,70,Yes,No,DSL,No,No,Yes,No,No,No,Two year,Yes,Electronic check,49.08,3432.88,No
CUST-05579,Female,0,No,Yes,8,Yes,No,DSL,Yes,Yes,No,Yes,Yes,Yes,Month-to-month,Yes,Mailed check,50.6,404.39,No
CUST-05580,Female,0,No,No,36,Yes,No,Fiber optic,No,No,No,No,No,No,Month-to-month,Yes,Bank transfer (automatic),33.25,1219.0,No
CUST-05581,Male,0,Yes,No,43,Yes,Yes,DSL,No,No,No,No,No,No,Month-to-month,No,Electronic check,63.12,2708.64,No
CUST-05582,Male,0,Yes,No,24,No,No phone service,Fiber optic,No,No,No,Yes,Yes,No,Month-to-month,Yes,Credit card (automatic),71.76,1687.64,Yes
CUST-05583,Male,0,Yes,No,42,Yes,No,DSL,No,No,Yes,No,Yes,No,Month-to-month,Yes,Credit card (automatic),56.71,2372.05,No
CUST-05584,Female,0,Yes,No,25,Yes,No,DSL,Yes,No,No,Yes,No,No,Two year,Yes,Bank transfer (automatic),97.22,2524.99,No
CUST-05585,Female,0,Yes,Yes,12,Yes,Yes,Fiber optic,No,No,No,No,Yes,No,Month-to-month,Yes,Bank transfer (automatic),125.0,1515.33,Yes
CUST-05586,Male,0,Yes,No,61,Yes,No,DSL,Yes,No,No,Yes,No,Yes,Month-to-month,Yes,Electronic check,35.33,2111.45,Yes
CUST-05587,Female,0,Yes,No,72,Yes,Yes,Fiber optic,Yes,Yes,No,No,Yes,No,Month-to-month,Yes,Mailed check,119.61,8657.06,No
CUST-05588,Male,0,Yes,Yes,28,No,No phone service,DSL,No,Yes,Yes,No,Yes,No,One year,Yes,Mailed check,51.57,1548.98,No
CUST-05589,Male,1,No,No,7,Yes,No,Fiber optic,Yes,Yes,No,No,Yes,Yes,Month-to-month,No,Electronic check,78.18,571.05,Yes
CUST-05590,Male,0,Yes,Yes,12,Yes,No,Fiber optic,No,Yes,No,Yes,Yes,Yes,Month-to-month,Yes,Bank transfer (automatic),66.62,796.76,Yes
CUST-05591,Female,0,No,No,65,Yes,Yes,Fiber optic,No,No,No,Yes,No,No,Month-to-month,No,Electronic check,60.91,3892.53,No
CUST-05592,Male,0,Yes,Yes,64,Yes,No,Fiber optic,No,No,No,No,No,No,One year,Yes,Electronic check,119.77,7660.95,No
CUST-05593,Male,0,No,No,36,Yes,No,Fiber optic,No,No,No,Yes,Yes,No,Two year,Yes,Credit card (automatic),58.02,2033.22,No
CUST-05594,Male,1,No,No,63,Yes,No,DSL,Yes,Yes,No,Yes,Yes,No,Month-to-month,Yes,Credit card (automatic),114.41,7221.05,No
CUST-05595,Male,0,No,Yes,17,Yes,No,DSL,No,No,No,No,Yes,Yes,Month-to-month,Yes,Bank transfer (automatic),90.33,1441.64,Yes
CUST-05596,Female,0,Yes,No,29,Yes,Yes,Fiber optic,Yes,Yes,No,No,No,No,Two year,Yes,Electronic check,97.73,2860.05,Yes
CUST-05597,Male,0,Yes,No,9,Yes,No,DSL,No,No,Yes,No,Yes,No,One year,No,Electronic check,46.29,337.01,Yes
CUST-05598,Male,1,No,No,40,Yes,Yes,Fiber optic,No,No,No,No,No,Yes,Two year,No,Electronic check,125.0,5003.91,Yes
CUST-05599,Male,0,Yes,No,51,Yes,No,Fiber optic,Yes,No,No,No,No,No,Month-to-month,No,Bank transfer (automatic),85.65,4438.32,No
CUST-05600,Male,1,Yes,No,70,No,No phone service,DSL,No,Yes,Yes,No,No,Yes,One year,No,Electronic check,43.59,3009.23,No
CUST-05601,Female,1,Yes,No,55,No,No phone service,DSL,Yes,No,No,No,Yes,No,Month-to-month,Yes,Mailed check,64.75,3531.44,No
CUST-05602,Male,0,No,No,48,Yes,Yes,DSL,No,No,No,No,No,No,Month-to-month,No,Electronic check,64.31,3103.35,No
CUST-05603,Female,1,No,No,49,Yes,No,DSL,No,No,No,Yes,No,No,Month-to-month,Yes,Electronic check,69.54,3382.94,No
CUST-05604,Female,1,Yes,No,46,Yes,No,Fiber optic,Yes,Yes,No,Yes,Yes,Yes,Month-to-month,Yes,Bank transfer (automatic),91.78,4275.5,No
CUST-05605,Male,0,No,No,31,Yes,Yes,DSL,Yes,Yes,No,Yes,No,No,One year,Yes,Credit card (automatic),62.0,1909.49,No
CUST-05606,Female,0,No,No,37,Yes,No,Fiber optic,No,No,No,Yes,No,Yes,Month-to-month,Yes,Mailed check,53.37,2018.3,No
CUST-05607,Female,0,Yes,No,13,Yes,No,DSL,No,Yes,Yes,No,Yes,No,One year,No,Bank transfer (automatic),33.14,452.34,No
CUST-05608,Male,0,Yes,No,2,Yes,Yes,No,No internet service,No internet service,No internet service,No internet service,No internet service,No internet service,Month-to-month,Yes,Electronic check,75.27,152.81,Yes
CUST-05609,Male,0,Yes,No,57,Yes,Yes,Fiber optic,No,No,No,No,Yes,Yes,Month-to-month,Yes,Electronic check,33.25,1901.66,No
CUST-05610,Female,0,No,No,36,Yes,Yes,No,No internet service,No internet service,No internet service,No internet service,No internet service,No internet service,Two year,Yes,Electronic check,118.75,4291.01,No
CUST-05611,Female,0,No,No,63,Yes,No,Fiber optic,No,Yes,No,No,No,Yes,Two year,No,Credit card (automatic),73.88,4637.32,No
CUST-05612,Female,0,No,No,9,Yes,Yes,DSL,Yes,No,No,No,Yes,Yes,Two year,No,Electronic check,94.26,901.16,No
CUST-05613,Male,0,No,Yes,29,Yes,No,Fiber optic,Yes,Yes,No,No,Yes,No,Month-to-month,Yes,Bank transfer (automatic),77.8,2198.42,Yes
CUST-05614,Female,0,Yes,No,19,Yes,No,Fiber optic,Yes,No,No,No,Yes,Yes,Month-to-month,Yes,Electronic check,125.0,2447.4,No
CUST-05615,Male,0,No,Yes,61,Yes,No,Fiber optic,No,Yes,Yes,Yes,No,No,Month-to-month,Yes,Bank transfer (automatic),60.99,3662.67,No
CUST-05616,Male,0,No,No,28,Yes,No,No,No internet service,No internet service,No internet service,No internet service,No internet service,No internet service,Month-to-month,No,Credit card (automatic),121.75,3455.4,No
CUST-05617,Male,0,No,Yes,46,Yes,Yes,DSL,Yes,Yes,No,Yes,No,Yes,Month-to-month,Yes,Bank transfer (automatic),73.72,3478.56,No
CUST-05618,Female,0,Yes,Yes,7,Yes,No,DSL,No,Yes,No,Yes,No,No,One year,No,Electronic check,25.63,257.21,No
CUST-05619,Male,0,Yes,Yes,38,Yes,Yes,Fiber optic,No,No,No,No,No,No,One year,No,Mailed check,60.07,2190.47,No
CUST-05620,Female,1,Yes,Yes,32,Yes,Yes,DSL,Yes,Yes,No,No,No,Yes,Two year,Yes,Mailed check,76.01,2434.4,No
CUST-05621,Female,0,Yes,No,44,No,No phone service,No,No internet service,No internet service,No internet service,No internet service,No internet service,No internet service,One year,Yes,Mailed check,54.21,2386.46,No
CUST-05622,Female,0,No,Yes,43,Yes,Yes,Fiber optic,No,Yes,Yes,No,No,No,Month-to-month,Yes,Electronic check,118.81,5181.64,No
CUST-05623,Female,0,No,Yes,8,Yes,No,No,No internet service,No internet service,No internet service,No internet service,No internet service,No internet service,Two year,Yes,Credit card (automatic),35.81,224.98,No
CUST-05624,Male,0,No,No,4,Yes,No,DSL,No,No,Yes,No,No,No,Month-to-month,No,Electronic check,42.1,166.81,Yes
CUST-05625,Female,0,Yes,No,10,Yes,No,DSL,No,No,No,No,No,No,One year,Yes,Bank transfer (automatic),42.34,380.99,No
CUST-05626,Male,0,Yes,No,16,No,No phone service,Fiber optic,No,No,Yes,No,Yes,No,Month-to-month,No,Mailed check,90.14,1451.87,Yes
CUST-05627,Female,0,Yes,No,53,Yes,No,DSL,No,Yes,No,No,No,No,Month-to-month,Yes,Credit card (automatic),88.28,4654.32,No
CUST-05628,Female,0,No,Yes,20,Yes,Yes,No,No internet service,No internet service,No internet service,No internet service,No internet service,No internet service,One year,No,Bank transfer (automatic),33.82,684.1,No
CUST-05629,Female,0,No,No,70,Yes,No,Fiber optic,Yes,Yes,No,Yes,Yes,Yes,One year,Yes,Credit card (automatic),104.46,7295.64,No
CUST-05630,Female,0,No,No,7,Yes,Yes,Fiber optic,No,No,No,Yes,Yes,No,Month-to-month,Yes,Credit card (automatic),106.38,679.55,Yes
CUST-05631,Female,0,No,No,37,Yes,Yes,DSL,Yes,No,No,Yes,Yes,No,One year,No,Electronic check,70.04,2635.74,No
CUST-05632,Male,1,No,No,52,Yes,Yes,Fiber optic,No,Yes,No,No,Yes,No,Month-to-month,No,Electronic check,56.32,2838.23,No
CUST-05633,Male,0,Yes,No,4,Yes,Yes,Fiber optic,Yes,No,No,No,No,Yes,One year,Yes,Mailed check,90.81,369.99,Yes
CUST-05634,Female,1,Yes,No,38,Yes,Yes,Fiber optic,No,No,No,No,No,Yes,Two year,Yes,Electronic check,61.52,2323.58,Yes
CUST-05635,Male,0,Yes,No,5,Yes,No,DSL,No,No,Yes,No,No,Yes,Month-to-month,No,Electronic check,82.92,444.38,Yes
CUST-05636,Male,0,Yes,No,57,Yes,No,Fiber optic,No,Yes,No,Yes,No,No,Month-to-month,No,Bank transfer (automatic),64.52,3775.21,No
CUST-05637,Female,0,No,Yes,34,Yes,No,No,No internet service,No internet service,No internet service,No internet service,No internet service,No internet service,Month-to-month,Yes,Credit card (automatic),54.3,1763.33,No
CUST-05638,Female,0,Yes,No,63,Yes,No,DSL,Yes,No,No,No,No,Yes,Month-to-month,Yes,Mailed check,31.67,1967.04,No
CUST-05639,Female,0,No,No,48,Yes,No,DSL,No,Yes,No,Yes,No,No,Month-to-month,No,Electronic check,84.58,4049.87,No
CUST-05640,Male,1,No,No,23,Yes,No,Fiber optic,No,No,No,No,Yes,No,Two year,Yes,Mailed check,74.62,1682.28,Yes
CUST-05641,Male,0,No,No,12,No,No phone service,Fiber optic,No,No,No,No,No,No,Two year,Yes,Bank transfer (automatic),105.54,1298.1,Yes
CUST-05642,Female,0,No,No,12,Yes,Yes,DSL,No,Yes,No,No,Yes,No,Month-to-month,No,Credit card (automatic),120.36,1442.88,No
CUST-05643,Male,0,Yes,No,3,No,No phone service,DSL,No,No,No,No,No,No,One year,No,Electronic check,52.68,124.84,No
CUST-05644,Male,0,No,No,22,Yes,Yes,Fiber optic,No,Yes,No,No,Yes,Yes,Month-to-month,Yes,Electronic check,47.23,993.12,Yes
CUST-05645,Male,0,Yes,Yes,53,No,No phone service,Fiber optic,No,No,No,No,Yes,No,Two year,Yes,Credit card (automatic),95.38,4962.4,No
CUST-05646,Female,0,No,No,26,Yes,No,Fiber optic,No,No,Yes,No,Yes,No,Month-to-month,No,Credit card (automatic),125.0,3277.89,No
CUST-05647,Male,0,No,Yes,11,Yes,No,DSL,Yes,No,No,Yes,No,No,Month-to-month,No,Bank transfer (automatic),44.56,461.5,Yes
CUST-05648,Male,0,Yes,No,6,Yes,No,Fiber optic,No,Yes,Yes,No,No,No,Month-to-month,Yes,Credit card (automatic),59.02,438.44,No
CUST-05649,Male,0,Yes,No,32,Yes,Yes,DSL,No,No,No,Yes,No,No,One year,Yes,Electronic check,59.59,1962.8,No
CUST-05650,Male,0,No,No,16,Yes,No,Fiber optic,Yes,No,No,Yes,No,No,One year,Yes,Credit card (automatic),125.0,1986.84,Yes
CUST-05651,Male,0,No,No,53,Yes,Yes,Fiber optic,No,No,No,No,No,Yes,Two year,No,Bank transfer (automatic),60.62,3206.84,No
CUST-05652,Male,0,No,No,25,Yes,No,Fiber optic,Yes,No,Yes,Yes,No,No,Month-to-month,Yes,Credit card (automatic),101.93,2508.73,Yes
CUST-05653,Female,1,Yes,No,10,Yes,No,DSL,No,No,Yes,No,No,No,Two year,Yes,Mailed check,65.26,644.76,No
CUST-05654,Female,1,No,No,20,Yes,No,DSL,No,Yes,No,No,No,No,Month-to-month,Yes,Credit card (automatic),110.96,2198.27,Yes
CUST-05655,Female,0,No,No,32,Yes,No,Fiber optic,No,No,No,No,No,No,One year,No,Credit card (automatic),93.78,2997.15,No
CUST-05656,Female,0,Yes,No,3,Yes,Yes,No,No internet service,No internet service,No internet service,No internet service,No internet service,No internet service,One year,Yes,Electronic check,91.66,311.31,Yes
CUST-05657,Male,0,No,Yes,9,Yes,No,No,No internet service,No internet service,No internet service,No internet service,No internet service,No internet service,Month-to-month,Yes,Electronic check,67.53,695.34,Yes
CUST-05658,Male,0,No,Yes,70,Yes,No,No,No internet service,No internet service,No internet service,No internet service,No internet service,No internet service,One year,No,Electronic check,42.79,2964.49,No
CUST-05659,Male,0,No,No,26,No,No phone service,Fiber optic,Yes,Yes,No,No,No,No,Month-to-month,Yes,Electronic check,102.06,2581.2,No
CUST-05660,Male,0,Yes,No,54,Yes,No,No,No internet service,No internet service,No internet service,No internet service,No internet service,No internet service,Two year,Yes,Electronic check,89.58,4822.89,No
CUST-05661,Female,0,Yes,No,66,Yes,No,Fiber optic,No,Yes,No,No,No,No,Month-to-month,Yes,Credit card (automatic),66.47,4389.59,No
CUST-05662,Female,1,No,No,9,Yes,No,No,No internet service,No internet service,No internet service,No internet service,No internet service,No internet service,Month-to-month,Yes,Bank transfer (automatic),66.44,621.15,No
CUST-05663,Male,0,No,Yes,50,Yes,No,Fiber optic,No,Yes,No,Yes,No,No,One year,No,Electronic check,97.5,4923.66,No
CUST-05664,Female,1,Yes,No,60,Yes,No,Fiber optic,No,Yes,Yes,No,Yes,Yes,Two year,No,Credit card (automatic),30.25,1749.4,No
CUST-05665,Male,0,No,No,2,Yes,Yes,DSL,No,No,Yes,No,No,Yes,Two year,No,Electronic check,57.73,127.94,No
CUST-05666,Female,0,Yes,No,23,Yes,No,Fiber optic,No,Yes,No,Yes,No,No,One year,No,Credit card (automatic),84.1,2018.79,No
CUST-05667,Female,0,No,No,10,Yes,Yes,Fiber optic,No,No,No,No,Yes,Yes,Two year,No,Electronic check,78.12,796.52,Yes
CUST-05668,Male,0,Yes,Yes,3,Yes,Yes,Fiber optic,Yes,No,No,No,Yes,No,One year,No,Mailed check,95.99,237.11,No
CUST-05669,Male,0,Yes,No,22,No,No phone service,Fiber optic,No,No,No,No,No,No,Month-to-month,Yes,Mailed check,33.25,661.2,No
CUST-05670,Male,0,No,No,14,Yes,No,No,No internet service,No internet service,No internet service,No internet service,No internet service,No internet service,Month-to-month,No,Mailed check,73.79,1024.16,No
CUST-05671,Female,0,Yes,No,65,Yes,No,No,No internet service,No internet service,No internet service,No internet service,No internet service,No internet service,Month-to-month,Yes,Mailed check,28.89,1947.45,No
CUST-05672,Male,0,No,Yes,18,Yes,No,Fiber optic,No,No,No,Yes,Yes,Yes,Month-to-month,Yes,Electronic check,107.59,1931.07,No
CUST-05673,Male,0,No,No,54,Yes,No,Fiber optic,No,No,No,No,Yes,Yes,Month-to-month,Yes,Credit card (automatic),75.83,4059.86,No
CUST-05674,Male,0,Yes,No,4,Yes,No,Fiber optic,No,No,No,Yes,Yes,No,One year,No,Mailed check,52.91,158.08,No
CUST-05675,Female,0,No,No,45,Yes,No,Fiber optic,No,No,No,Yes,No,No,Month-to-month,Yes,Mailed check,46.62,2188.82,No
CUST-05676,Female,0,No,No,51,Yes,Yes,No,No internet service,No internet service,No internet service,No internet service,No internet service,No internet service,Month-to-month,Yes,Electronic check,90.94,4543.49,No
CUST-05677,Male,0,No,Yes,11,Yes,No,DSL,No,No,Yes,No,No,Yes,Two year,Yes,Electronic check,69.44,745.27,Yes
CUST-05678,Female,0,No,Yes,32,Yes,Yes,No,No internet service,No internet service,No internet service,No internet service,No internet service,No internet service,Two year,No,Credit card (automatic),86.75,2724.12,No
CUST-05679,Male,0,Yes,Yes,67,No,No phone service,DSL,No,No,No,No,No,Yes,Month-to-month,No,Electronic check,64.3,4300.35,No
CUST-05680,Female,1,Yes,Yes,45,Yes,No,No,No internet service,No internet service,No internet service,No internet service,No internet service,No internet service,Month-to-month,Yes,Bank transfer (automatic),21.25,951.0,No
CUST-05681,Female,0,Yes,Yes,59,Yes,Yes,Fiber optic,Yes,No,Yes,No,Yes,No,Month-to-month,No,Credit card (automatic),125.0,7413.22,No
CUST-05682,Male,0,No,Yes,31,Yes,No,Fiber optic,Yes,No,No,No,No,Yes,Month-to-month,Yes,Bank transfer (automatic),100.26,3040.67,No
CUST-05683,Female,0,Yes,No,18,Yes,Yes,DSL,No,No,Yes,Yes,No,No,One year,Yes,Bank transfer (automatic),97.06,1745.85,No
CUST-05684,Female,1,Yes,No,34,Yes,Yes,DSL,Yes,No,No,Yes,No,Yes,Month-to-month,Yes,Mailed check,25.53,791.14,No
CUST-05685,Male,0,No,No,30,Yes,Yes,DSL,No,Yes,Yes,No,No,No,One year,Yes,Mailed check,118.75,3483.92,No
CUST-05686,Female,0,Yes,No,71,Yes,No,Fiber optic,No,No,No,No,Yes,Yes,Two year,No,Mailed check,105.84,7499.65,No
CUST-05687,Male,0,No,Yes,31,Yes,Yes,Fiber optic,Yes,No,No,Yes,No,Yes,Month-to-month,Yes,Mailed check,125.0,3894.8,Yes
CUST-05688,Female,0,Yes,No,46,Yes,No,DSL,No,No,No,No,No,Yes,Month-to-month,No,Electronic check,74.56,3462.03,No
CUST-05689,Male,1,Yes,No,43,Yes,No,Fiber optic,No,No,Yes,Yes,No,No,Two year,No,Electronic check,92.57,4003.28,No
CUST-05690,Female,0,Yes,Yes,27,Yes,No,DSL,Yes,No,No,No,Yes,No,Month-to-month,Yes,Bank transfer (automatic),85.69,2311.43,Yes
CUST-05691,Female,0,Yes,No,27,Yes,No,Fiber optic,Yes,No,Yes,No,Yes,No,Month-to-month,No,Bank transfer (automatic),45.47,1241.45,No
CUST-05692,Male,0,No,No,61,No,No phone service,DSL,No,Yes,Yes,No,No,No,Two year,Yes,Electronic check,82.57,5017.09,No
CUST-05693,Male,0,Yes,No,16,Yes,Yes,Fiber optic,Yes,No,Yes,No,No,Yes,Month-to-month,Yes,Bank transfer (automatic),92.01,1430.19,Yes
CUST-05694,Female,0,No,No,30,Yes,No,Fiber optic,No,No,Yes,Yes,No,No,One year,Yes,Credit card (automatic),84.85,2505.59,No
CUST-05695,Male,1,No,Yes,49,Yes,No,DSL,No,No,Yes,No,Yes,No,Month-to-month,Yes,Electronic check,67.68,3305.47,No
CUST-05696,Female,1,Yes,Yes,5,Yes,Yes,DSL,No,Yes,Yes,No,Yes,Yes,Two year,Yes,Credit card (automatic),68.16,305.15,No
CUST-05697,Female,0,No,Yes,49,Yes,Yes,Fiber optic,No,Yes,Yes,Yes,No,No,One year,No,Electronic check,125.0,6199.63,No
CUST-05698,Male,0,No,No,60,Yes,No,No,No internet service,No internet service,No internet service,No internet service,No internet service,No internet service,Month-to-month,No,Mailed check,59.89,3564.18,No
CUST-05699,Male,1,Yes,No,32,Yes,Yes,DSL,No,No,No,No,Yes,Yes,Month-to-month,Yes,Electronic check,65.97,2023.31,No
CUST-05700,Female,0,No,No,42,Yes,Yes,Fiber optic,Yes,No,No,Yes,No,Yes,Month-to-month,Yes,Electronic check,104.85,4434.94,Yes
CUST-05701,Male,0,Yes,No,36,Yes,Yes,Fiber optic,Yes,No,No,No,No,Yes,Two year,No,Electronic check,94.14,3421.71,No
CUST-05702,Female,0,No,No,48,Yes,Yes,DSL,No,No,No,No,No,Yes,Month-to-month,Yes,Electronic check,83.96,4033.87,No
CUST-05703,Female,0,Yes,Yes,4,Yes,No,DSL,No,Yes,No,No,Yes,No,One year,Yes,Mailed check,67.31,269.87,Yes
CUST-05704,Female,0,No,No,45,Yes,Yes,Fiber optic,No,No,No,No,Yes,No,Month-to-month,No,Bank transfer (automatic),51.48,2305.12,No
CUST-05705,Female,1,No,Yes,33,Yes,No,DSL,No,No,Yes,No,Yes,Yes,Month-to-month,No,Electronic check,36.42,1188.35,Yes
CUST-05706,Male,0,No,No,3,Yes,Yes,Fiber optic,No,No,No,No,Yes,No,Month-to-month,Yes,Bank transfer (automatic),93.59,271.87,No
CUST-05707,Female,0,No,No,58,Yes,No,No,No internet service,No internet service,No internet service,No internet service,No internet service,No internet service,Month-to-month,Yes,Electronic check,55.76,3235.06,No
CUST-05708,Female,0,Yes,No,11,Yes,No,No,No internet service,No internet service,No internet service,No internet service,No internet service,No internet service,Month-to-month,Yes,Electronic check,81.24,882.23,No
CUST-05709,Male,0,No,No,43,Yes,No,Fiber optic,Yes,No,No,Yes,Yes,Yes,Month-to-month,No,Bank transfer (automatic),86.66,3641.83,No
CUST-05710,Male,0,Yes,No,62,Yes,No,DSL,No,No,No,Yes,No,Yes,One year,No,Electronic check,114.32,7038.39,No
CUST-05711,Female,0,Yes,Yes,67,Yes,No,Fiber optic,No,No,No,No,Yes,No,One year,No,Mailed check,70.9,4757.51,No
CUST-05712,Male,1,Yes,No,46,Yes,Yes,DSL,Yes,No,Yes,No,No,Yes,Month-to-month,Yes,Credit card (automatic),93.19,4236.02,No
CUST-05713,Female,0,No,No,52,Yes,Yes,Fiber optic,No,No,Yes,Yes,No,Yes,Month-to-month,Yes,Mailed check,49.27,2520.88,No
CUST-05714,Male,0,No,Yes,43,No,No phone service,DSL,No,No,No,No,No,No,Month-to-month,Yes,Mailed check,89.82,3892.79,No
CUST-05715,Male,0,Yes,Yes,56,Yes,No,DSL,Yes,No,No,Yes,No,No,Month-to-month,Yes,Bank transfer (automatic),96.41,5321.36,No
CUST-05716,Female,0,No,No,71,Yes,Yes,DSL,Yes,No,Yes,Yes,No,No,Month-to-month,Yes,Electronic check,105.02,7406.98,No
CUST-05717,Female,0,No,No,34,Yes,No,DSL,Yes,No,No,Yes,No,No,One year,No,Credit card (automatic),57.22,1970.56,No
CUST-05718,Male,1,Yes,No,30,Yes,No,Fiber optic,No,Yes,No,No,Yes,Yes,One year,Yes,Electronic check,108.08,3205.6,No
CUST-05719,Female,0,Yes,No,13,Yes,No,No,No internet service,No internet service,No internet service,No internet service,No internet service,No internet service,Month-to-month,Yes,Electronic check,117.87,1525.91,Yes
CUST-05720,Female,0,No,Yes,71,Yes,No,Fiber optic,Yes,Yes,No,No,Yes,No,Month-to-month,No,Electronic check,71.11,4927.11,No
CUST-05721,Male,0,No,Yes,66,Yes,No,DSL,Yes,No,Yes,No,Yes,No,Two year,Yes,Bank transfer (automatic),77.41,5150.4,No
CUST-05722,Female,0,Yes,No,51,No,No phone service,Fiber optic,No,No,Yes,Yes,Yes,No,One year,No,Bank transfer (automatic),96.27,4950.72,No
CUST-05723,Male,0,No,Yes,48,Yes,Yes,Fiber optic,No,Yes,Yes,Yes,Yes,No,Month-to-month,Yes,Electronic check,69.87,3351.0,No
CUST-05724,Male,0,Yes,No,15,Yes,No,No,No internet service,No internet service,No internet service,No internet service,No internet service,No internet service,Month-to-month,No,Mailed check,65.48,929.62,No
CUST-05725,Female,0,No,No,66,Yes,No,Fiber optic,Yes,No,No,No,No,No,Two year,Yes,Electronic check,66.1,4430.22,No
CUST-05726,Female,0,Yes,No,5,No,No phone service,DSL,No,No,No,Yes,No,No,One year,Yes,Mailed check,77.42,487.54,No
CUST-05727,Male,0,Yes,Yes,45,Yes,Yes,Fiber optic,No,No,No,No,No,No,Month-to-month,Yes,Mailed check,65.19,3007.3,No
CUST-05728,Female,0,Yes,No,19,No,No phone service,DSL,Yes,No,No,Yes,Yes,Yes,Two year,Yes,Bank transfer (automatic),40.65,809.44,No
CUST-05729,Female,0,No,No,33,Yes,No,Fiber optic,No,No,Yes,No,No,No,Month-to-month,Yes,Mailed check,125.0,4130.09,Yes
CUST-05730,Female,0,Yes,Yes,7,Yes,Yes,No,No internet service,No internet service,No internet service,No internet service,No internet service,No internet service,Month-to-month,No,Credit card (automatic),88.87,603.81,No
CUST-05731,Male,0,Yes,No,10,Yes,No,No,No internet service,No internet service,No internet service,No internet service,No internet service,No internet service,Two year,Yes,Electronic check,38.78,446.16,No
CUST-05732,Female,0,Yes,No,28,Yes,Yes,DSL,No,Yes,No,No,No,Yes,Month-to-month,No,Bank transfer (automatic),37.34,1038.13,No
CUST-05733,Male,0,No,No,29,Yes,No,Fiber optic,No,Yes,Yes,No,No,Yes,Month-to-month,Yes,Bank transfer (automatic),33.25,829.05,No
CUST-05734,Female,0,Yes,Yes,64,Yes,Yes,DSL,No,Yes,Yes,Yes,Yes,No,Two year,No,Bank transfer (automatic),40.98,2621.91,No
CUST-05735,Male,0,Yes,No,44,Yes,No,DSL,No,Yes,No,No,No,Yes,Two year,No,Credit card (automatic),32.39,1415.57,No
CUST-05736,Male,1,Yes,No,3,Yes,Yes,No,No internet service,No internet service,No internet service,No internet service,No internet service,No internet service,Month-to-month,Yes,Bank transfer (automatic),72.05,185.28,Yes
CUST-05737,Female,0,No,Yes,68,Yes,No,No,No internet service,No internet service,No internet service,No internet service,No internet service,No internet service,Two year,No,Electronic check,63.07,4325.15,No
CUST-05738,Male,0,Yes,No,44,Yes,Yes,DSL,Yes,No,Yes,Yes,No,Yes,Month-to-month,Yes,Electronic check,32.22,1386.4,No
CUST-05739,Female,1,Yes,Yes,60,Yes,No,Fiber optic,No,No,No,No,No,No,One year,Yes,Electronic check,106.34,6388.9,No
CUST-05740,Female,0,No,No,67,Yes,No,DSL,No,No,No,No,Yes,No,One year,No,Electronic check,29.67,1876.81,No
CUST-05741,Male,0,No,Yes,37,Yes,Yes,Fiber optic,Yes,No,Yes,No,No,Yes,Month-to-month,No,Credit card (automatic),107.99,3948.07,No
CUST-05742,Male,1,No,Yes,13,Yes,Yes,No,No internet service,No internet service,No internet service,No internet service,No internet service,No internet service,Two year,Yes,Electronic check,41.42,523.67,No
CUST-05743,Male,0,Yes,No,33,Yes,No,No,No internet service,No internet service,No internet service,No internet service,No internet service,No internet service,Month-to-month,Yes,Electronic check,100.73,3231.51,No
CUST-05744,Female,0,No,Yes,50,Yes,No,Fiber optic,No,No,No,No,No,No,Month-to-month,No,Electronic check,63.05,3108.51,No
CUST-05745,Female,0,No,Yes,3,Yes,Yes,Fiber optic,No,No,No,Yes,No,No,Month-to-month,Yes,Mailed check,62.92,220.75,No
CUST-05746,Female,1,No,Yes,69,Yes,Yes,Fiber optic,Yes,No,No,No,Yes,No,One year,No,Credit card (automatic),119.89,8252.16,No
CUST-05747,Female,1,No,No,26,Yes,No,No,No internet service,No internet service,No internet service,No internet service,No internet service,No internet service,Month-to-month,Yes,Electronic check,37.98,1050.29,No
CUST-05748,Female,1,No,Yes,48,Yes,No,DSL,No,No,No,No,No,Yes,One year,Yes,Credit card (automatic),104.85,5046.08,No
CUST-05749,Male,0,No,No,71,Yes,No,DSL,No,No,Yes,No,Yes,Yes,One year,Yes,Credit card (automatic),60.3,4223.25,No
CUST-05750,Female,0,Yes,No,63,Yes,No,Fiber optic,No,No,Yes,No,Yes,Yes,Month-to-month,Yes,Mailed check,59.98,3838.15,No
CUST-05751,Male,1,No,No,54,Yes,Yes,Fiber optic,Yes,Yes,No,Yes,No,Yes,Month-to-month,Yes,Bank transfer (automatic),88.32,4798.14,Yes
CUST-05752,Female,0,No,No,22,Yes,Yes,DSL,No,No,Yes,Yes,No,No,Month-to-month,No,Electronic check,85.99,1903.14,No
CUST-05753,Female,0,No,Yes,38,Yes,Yes,Fiber optic,No,No,No,Yes,Yes,Yes,Month-to-month,Yes,Bank transfer (automatic),51.74,2010.26,No
CUST-05754,Female,0,Yes,No,37,Yes,No,DSL,Yes,No,No,No,No,No,Month-to-month,No,Credit card (automatic),71.84,2614.15,No
CUST-05755,Female,1,Yes,No,63,Yes,Yes,No,No internet service,No internet service,No internet service,No internet service,No internet service,No internet service,Month-to-month,Yes,Electronic check,81.57,5149.04,No
CUST-05756,Female,0,No,No,3,Yes,No,DSL,Yes,No,No,No,No,No,Two year,Yes,Bank transfer (automatic),36.94,75.46,No
CUST-05757,Female,0,No,No,2,Yes,Yes,No,No internet service,No internet service,No internet service,No internet service,No internet service,No internet service,Two year,No,Electronic check,93.13,218.98,No
CUST-05758,Male,1,Yes,No,9,Yes,Yes,No,No internet service,No internet service,No internet service,No internet service,No internet service,No internet service,One year,Yes,Electronic check,92.29,775.93,Yes
CUST-05759,Male,1,No,No,69,Yes,No,Fiber optic,No,No,No,Yes,No,Yes,Month-to-month,No,Electronic check,93.54,6459.68,No
CUST-05760,Female,1,Yes,No,39,Yes,No,DSL,Yes,No,Yes,Yes,No,Yes,Month-to-month,Yes,Electronic check,81.56,3229.46,No
CUST-05761,Female,0,No,No,51,Yes,No,No,No internet service,No internet service,No internet service,No internet service,No internet service,No internet service,Month-to-month,Yes,Credit card (automatic),76.45,3884.99,No
CUST-05762,Female,0,No,Yes,7,Yes,Yes,Fiber optic,Yes,Yes,No,No,Yes,No,Two year,No,Electronic check,63.6,503.25,No
CUST-05763,Female,0,No,Yes,1,Yes,No,Fiber optic,Yes,No,Yes,No,No,No,Month-to-month,Yes,Electronic check,88.93,60.68,Yes
CUST-05764,Female,0,Yes,No,47,Yes,No,DSL,Yes,No,Yes,Yes,No,No,One year,Yes,Bank transfer (automatic),118.75,5527.32,No
CUST-05765,Female,1,Yes,No,51,Yes,No,Fiber optic,No,Yes,No,No,Yes,Yes,Month-to-month,Yes,Electronic check,33.25,1707.13,No
CUST-05766,Male,0,Yes,No,31,Yes,Yes,Fiber optic,No,No,No,Yes,No,No,Month-to-month,Yes,Credit card (automatic),54.82,1693.42,No
CUST-05767,Female,0,No,No,6,Yes,No,Fiber optic,No,Yes,No,Yes,Yes,No,One year,No,Electronic check,58.36,402.62,Yes
CUST-05768,Female,0,No,No,36,No,No phone service,No,No internet service,No internet service,No internet service,No internet service,No internet service,No internet service,Month-to-month,Yes,Credit card (automatic),43.77,1537.21,No
CUST-05769,Female,0,No,No,47,Yes,No,Fiber optic,No,Yes,No,No,Yes,No,One year,No,Mailed check,47.38,2269.65,No
CUST-05770,Male,1,No,No,16,Yes,Yes,DSL,No,No,No,No,No,No,Two year,No,Electronic check,73.9,1184.98,No
CUST-05771,Female,0,Yes,No,22,Yes,No,Fiber optic,No,No,No,Yes,No,No,Month-to-month,No,Credit card (automatic),121.26,2710.9,Yes
CUST-05772,Female,0,Yes,No,54,Yes,No,DSL,No,No,No,Yes,Yes,No,Two year,No,Credit card (automatic),59.01,3150.25,No
CUST-05773,Female,0,No,No,16,Yes,No,DSL,No,No,No,No,No,No,Month-to-month,No,Mailed check,121.2,1922.86,No
CUST-05774,Female,0,No,No,8,No,No phone service,Fiber optic,Yes,No,Yes,No,No,Yes,Month-to-month,Yes,Electronic check,125.0,1002.48,Yes
CUST-05775,Female,0,Yes,No,46,Yes,No,DSL,Yes,No,No,No,Yes,Yes,Two year,No,Mailed check,94.75,4411.19,No
CUST-05776,Male,1,No,Yes,2,Yes,No,DSL,No,No,No,No,No,No,One year,Yes,Credit card (automatic),57.47,136.91,Yes
CUST-05777,Female,0,No,No,32,Yes,Yes,DSL,No,Yes,No,No,Yes,Yes,One year,No,Mailed check,29.15,867.39,Yes
CUST-05778,Female,0,Yes,Yes,42,Yes,No,DSL,Yes,Yes,No,No,No,Yes,Month-to-month,No,Mailed check,78.9,3275.65,No
CUST-05779,Male,0,Yes,No,5,Yes,Yes,No,No internet service,No internet service,No internet service,No internet service,No internet service,No internet service,Month-to-month,No,Mailed check,93.66,462.63,No
CUST-05780,Female,0,No,No,48,Yes,Yes,Fiber optic,Yes,No,No,No,No,Yes,One year,No,Mailed check,95.74,4562.57,No
CUST-05781,Female,0,Yes,No,60,No,No phone service,No,No internet service,No internet service,No internet service,No internet service,No internet service,No internet service,Month-to-month,No,Credit card (automatic),121.75,7381.03,No
CUST-05782,Female,0,Yes,No,71,Yes,Yes,No,No internet service,No internet service,No internet service,No internet service,No internet service,No internet service,Month-to-month,No,Electronic check,121.75,8612.39,No
CUST-05783,Male,0,No,No,20,Yes,Yes,No,No internet service,No internet service,No internet service,No internet service,No internet service,No internet service,Month-to-month,No,Electronic check,105.72,2061.08,No
CUST-05784,Male,0,No,Yes,24,Yes,No,DSL,No,No,No,No,No,No,Month-to-month,No,Bank transfer (automatic),74.8,1771.02,No
CUST-05785,Male,1,Yes,No,45,Yes,No,Fiber optic,Yes,No,No,No,No,No,Month-to-month,Yes,Bank transfer (automatic),66.35,3012.53,No
CUST-05786,Male,1,Yes,Yes,44,No,No phone service,Fiber optic,Yes,Yes,No,Yes,No,No,Two year,No,Electronic check,56.59,2475.25,No
CUST-05787,Male,0,No,Yes,44,Yes,Yes,Fiber optic,Yes,No,Yes,Yes,No,Yes,One year,No,Mailed check,115.24,5141.45,Yes
CUST-05788,Male,0,Yes,No,23,Yes,No,DSL,No,Yes,No,Yes,Yes,Yes,Month-to-month,No,Electronic check,57.65,1262.63,No
CUST-05789,Male,0,No,No,5,Yes,Yes,DSL,Yes,Yes,No,No,No,Yes,One year,Yes,Electronic check,56.02,268.51,No
CUST-05790,Male,0,No,No,2,Yes,Yes,Fiber optic,No,No,No,No,No,No,Two year,Yes,Credit card (automatic),67.21,251.17,Yes
CUST-05791,Male,0,Yes,No,72,Yes,Yes,Fiber optic,No,No,Yes,Yes,Yes,No,Two year,Yes,Electronic check,91.94,6645.15,No
CUST-05792,Female,0,No,No,30,Yes,No,Fiber optic,No,No,Yes,No,No,Yes,Month-to-month,No,Bank transfer (automatic),64.81,1911.19,No
CUST-05793,Female,0,Yes,No,33,Yes,No,DSL,Yes,No,No,No,No,Yes,One year,Yes,Electronic check,114.0,3687.05,No
CUST-05794,Male,1,No,No,46,Yes,Yes,Fiber optic,No,No,No,No,No,Yes,Month-to-month,Yes,Electronic check,45.66,2058.44,No
CUST-05795,Female,1,No,Yes,15,Yes,No,Fiber optic,No,No,Yes,Yes,No,Yes,Two year,Yes,Credit card (automatic),124.59,1868.64,Yes
CUST-05796,Female,0,Yes,No,28,Yes,No,Fiber optic,No,Yes,Yes,Yes,No,Yes,Month-to-month,No,Electronic check,58.85,1698.32,No
CUST-05797,Male,0,Yes,No,32,Yes,Yes,No,No internet service,No internet service,No internet service,No internet service,No internet service,No internet service,Month-to-month,No,Credit card (automatic),33.93,1035.85,No
CUST-05798,Male,0,No,No,7,Yes,No,Fiber optic,Yes,Yes,No,Yes,No,No,One year,No,Electronic check,93.15,600.81,Yes
CUST-05799,Male,0,Yes,No,44,Yes,No,Fiber optic,Yes,Yes,No,Yes,No,No,One year,Yes,Electronic check,100.75,4426.4,No
CUST-05800,Female,0,Yes,No,14,Yes,No,Fiber optic,No,No,No,No,No,No,One year,Yes,Credit card (automatic),88.96,1324.2,Yes
CUST-05801,Female,0,Yes,No,1,Yes,No,DSL,No,No,Yes,No,No,Yes,Two year,No,Mailed check,76.87,128.05,No
CUST-05802,Female,0,Yes,No,45,Yes,No,Fiber optic,No,Yes,No,No,No,No,Month-to-month,No,Bank transfer (automatic),98.07,4331.63,No
CUST-05803,Female,0,No,No,22,No,No phone service,No,No internet service,No internet service,No internet service,No internet service,No internet service,No internet service,Two year,No,Credit card (automatic),68.4,1498.25,No
CUST-05804,Male,0,Yes,No,52,Yes,No,Fiber optic,No,Yes,Yes,Yes,No,Yes,Month-to-month,No,Mailed check,60.62,3171.72,No
CUST-05805,Female,0,Yes,No,39,Yes,Yes,Fiber optic,No,Yes,No,No,No,Yes,Month-to-month,Yes,Electronic check,52.87,2058.8,No
CUST-05806,Female,0,Yes,No,3,Yes,Yes,DSL,Yes,Yes,No,Yes,No,No,Two year,Yes,Credit card (automatic),81.51,192.74,No
CUST-05807,Female,0,No,No,51,Yes,No,Fiber optic,Yes,Yes,Yes,No,No,Yes,One year,No,Bank transfer (automatic),97.41,5010.15,No
CUST-05808,Male,0,No,Yes,3,Yes,Yes,DSL,No,No,No,No,No,No,Month-to-month,Yes,Bank transfer (automatic),98.84,326.54,Yes
CUST-05809,Female,0,No,Yes,23,Yes,No,Fiber optic,Yes,No,No,No,No,No,Month-to-month,No,Electronic check,65.02,1558.59,No
CUST-05810,Female,0,No,No,50,Yes,No,Fiber optic,No,No,No,No,No,No,Month-to-month,No,Credit card (automatic),117.78,5896.79,No
CUST-05811,Male,0,No,Yes,30,Yes,Yes,DSL,Yes,Yes,No,No,No,Yes,Month-to-month,Yes,Mailed check,121.75,3632.35,No
CUST-05812,Male,0,Yes,No,28,Yes,No,DSL,No,No,No,No,No,No,Two year,No,Bank transfer (automatic),68.46,1936.74,No
CUST-05813,Female,0,Yes,Yes,16,Yes,Yes,DSL,No,No,Yes,No,No,No,One year,No,Mailed check,24.99,363.79,No
CUST-05814,Male,0,Yes,Yes,32,Yes,No,DSL,Yes,No,No,No,No,Yes,One year,Yes,Electronic check,35.28,1168.0,No
CUST-05815,Male,0,Yes,No,22,Yes,Yes,Fiber optic,Yes,Yes,No,Yes,No,No,Two year,Yes,Mailed check,64.87,1503.63,No
CUST-05816,Female,0,No,No,69,Yes,Yes,Fiber optic,No,No,Yes,No,No,No,One year,No,Bank transfer (automatic),30.25,2039.76,No
CUST-05817,Female,0,Yes,No,50,Yes,No,DSL,No,Yes,No,Yes,No,No,One year,Yes,Credit card (automatic),73.16,3621.67,No
CUST-05818,Male,0,No,Yes,66,Yes,No,DSL,No,No,No,No,No,Yes,Month-to-month,Yes,Credit card (automatic),84.95,5678.29,No
CUST-05819,Female,0,Yes,Yes,25,Yes,Yes,Fiber optic,No,No,Yes,No,Yes,Yes,One year,Yes,Mailed check,91.96,2336.06,Yes
CUST-05820,Male,0,Yes,Yes,69,Yes,Yes,DSL,Yes,Yes,No,No,Yes,Yes,One year,No,Electronic check,27.26,1881.44,No
CUST-05821,Male,0,Yes,No,21,Yes,No,Fiber optic,No,Yes,No,No,Yes,Yes,Month-to-month,Yes,Electronic check,33.25,631.1,Yes
CUST-05822,Male,0,Yes,Yes,23,Yes,Yes,No,No internet service,No internet service,No internet service,No internet service,No internet service,No internet service,Month-to-month,No,Credit card (automatic),93.6,2141.07,No
CUST-05823,Male,0,Yes,No,22,Yes,No,Fiber optic,No,No,Yes,No,Yes,No,Month-to-month,Yes,Bank transfer (automatic),125.0,,Yes
CUST-05824,Female,0,No,Yes,43,Yes,Yes,Fiber optic,No,No,No,No,No,Yes,Month-to-month,No,Mailed check,125.0,5350.09,Yes
CUST-05825,Male,0,No,No,45,Yes,Yes,Fiber optic,No,No,Yes,No,Yes,No,Two year,No,Bank transfer (automatic),81.15,3658.86,No
CUST-05826,Male,0,No,No,5,No,No phone service,Fiber optic,Yes,No,Yes,Yes,No,No,Month-to-month,Yes,Electronic check,58.76,209.93,No
CUST-05827,Female,0,No,No,41,Yes,Yes,Fiber optic,Yes,Yes,Yes,No,No,No,One year,No,Bank transfer (automatic),64.9,2666.24,No
CUST-05828,Male,0,No,Yes,69,Yes,No,Fiber optic,Yes,No,No,No,No,No,One year,Yes,Bank transfer (automatic),97.08,6711.17,No
CUST-05829,Female,0,No,Yes,30,Yes,No,Fiber optic,Yes,No,Yes,Yes,Yes,No,Month-to-month,No,Electronic check,67.81,2013.53,Yes
CUST-05830,Female,0,Yes,No,51,Yes,Yes,No,No internet service,No internet service,No internet service,No internet service,No internet service,No internet service,Month-to-month,Yes,Mailed check,62.42,3238.14,No
CUST-05831,Female,0,Yes,No,46,Yes,Yes,No,No internet service,No internet service,No internet service,No internet service,No internet service,No internet service,Month-to-month,Yes,Electronic check,71.14,3236.31,No
CUST-05832,Female,0,Yes,No,71,Yes,Yes,Fiber optic,No,Yes,Yes,No,No,No,Month-to-month,Yes,Credit card (automatic),120.21,8556.91,No
CUST-05833,Male,0,No,No,47,Yes,No,No,No internet service,No internet service,No internet service,No internet service,No internet service,No internet service,Month-to-month,No,Mailed check,112.55,5350.04,No
CUST-05834,Female,0,No,Yes,34,Yes,No,Fiber optic,No,No,No,No,Yes,No,Month-to-month,Yes,Mailed check,125.0,4278.28,No
CUST-05835,Female,1,No,No,1,Yes,Yes,Fiber optic,No,Yes,No,Yes,Yes,No,Month-to-month,Yes,Mailed check,46.47,0.0,Yes
CUST-05836,Male,0,No,Yes,58,Yes,No,Fiber optic,Yes,Yes,No,No,No,No,Month-to-month,Yes,Credit card (automatic),76.72,4530.38,No
CUST-05837,Male,0,Yes,Yes,25,Yes,No,Fiber optic,Yes,Yes,Yes,No,No,No,Month-to-month,Yes,Mailed check,97.05,2421.46,Yes
CUST-05838,Female,0,No,No,67,Yes,No,No,No internet service,No internet service,No internet service,No internet service,No internet service,No internet service,Month-to-month,Yes,Mailed check,56.41,3820.21,No
CUST-05839,Female,0,No,No,18,Yes,No,Fiber optic,Yes,No,Yes,Yes,No,No,Two year,Yes,Mailed check,64.28,1166.46,No
CUST-05840,Male,0,No,No,32,Yes,Yes,Fiber optic,No,No,Yes,Yes,No,No,Two year,Yes,Electronic check,125.0,4053.95,Yes
CUST-05841,Male,0,Yes,No,60,Yes,Yes,Fiber optic,Yes,No,No,No,No,No,One year,No,Mailed check,125.0,7541.28,No
CUST-05842,Male,0,Yes,No,11,Yes,No,DSL,No,Yes,Yes,No,No,No,Month-to-month,Yes,Electronic check,45.91,491.45,Yes
CUST-05843,Male,0,Yes,No,20,Yes,Yes,Fiber optic,No,No,No,No,Yes,No,Month-to-month,Yes,Mailed check,59.82,1181.6,Yes
CUST-05844,Female,0,No,Yes,58,Yes,Yes,No,No internet service,No internet service,No internet service,No internet service,No internet service,No internet service,Two year,Yes,Bank transfer (automatic),36.64,2149.84,No
CUST-05845,Male,0,Yes,Yes,23,No,No phone service,No,No internet service,No internet service,No internet service,No internet service,No internet service,No internet service,Two year,No,Bank transfer (automatic),60.78,1381.06,No
CUST-05846,Female,0,Yes,No,69,Yes,No,Fiber optic,Yes,No,No,No,Yes,Yes,One year,No,Electronic check,125.0,8668.09,No
CUST-05847,Female,0,No,Yes,39,Yes,No,Fiber optic,No,Yes,No,No,No,No,Month-to-month,Yes,Electronic check,64.53,2582.78,No
CUST-05848,Male,0,No,No,60,Yes,No,Fiber optic,No,No,No,Yes,Yes,No,Month-to-month,Yes,Mailed check,90.95,5475.88,No
CUST-05849,Male,1,No,No,40,Yes,Yes,DSL,No,Yes,Yes,Yes,No,No,Two year,Yes,Electronic check,118.75,4733.7,No
CUST-05850,Female,0,No,No,4,Yes,No,No,No internet service,No internet service,No internet service,No internet service,No internet service,No internet service,Two year,No,Electronic check,82.22,368.45,No
CUST-05851,Female,0,No,Yes,59,Yes,No,DSL,No,No,No,No,Yes,Yes,One year,Yes,Credit card (automatic),98.81,5885.99,No
CUST-05852,Male,1,Yes,No,31,Yes,Yes,No,No internet service,No internet service,No internet service,No internet service,No internet service,No internet service,Month-to-month,No,Bank transfer (automatic),56.82,1746.96,No
CUST-05853,Female,0,No,No,28,Yes,Yes,Fiber optic,Yes,No,No,Yes,No,No,Month-to-month,No,Electronic check,77.4,2129.26,Yes
CUST-05854,Male,0,Yes,No,54,Yes,No,Fiber optic,No,Yes,Yes,No,Yes,Yes,Month-to-month,No,Mailed check,104.14,5575.96,Yes
CUST-05855,Female,1,Yes,Yes,21,Yes,Yes,No,No internet service,No internet service,No internet service,No internet service,No internet service,No internet service,Month-to-month,Yes,Electronic check,104.82,2160.15,No
CUST-05856,Male,0,No,No,31,Yes,No,Fiber optic,No,Yes,No,No,No,No,Month-to-month,No,Bank transfer (automatic),40.65,1268.92,No
CUST-05857,Female,0,No,No,44,No,No phone service,Fiber optic,Yes,Yes,No,No,No,No,Two year,Yes,Credit card (automatic),90.43,4021.81,No
CUST-05858,Female,0,No,No,43,Yes,No,DSL,No,Yes,No,No,No,Yes,Month-to-month,Yes,Credit card (automatic),61.6,2587.61,Yes
CUST-05859,Female,0,No,No,53,Yes,No,DSL,Yes,Yes,No,Yes,No,Yes,Month-to-month,Yes,Electronic check,24.06,1310.17,No
CUST-05860,Male,0,No,No,6,Yes,No,Fiber optic,Yes,No,Yes,No,No,Yes,Month-to-month,Yes,Bank transfer (automatic),70.38,462.17,Yes
CUST-05861,Male,0,Yes,No,72,Yes,Yes,Fiber optic,No,No,Yes,No,Yes,Yes,Two year,No,Electronic check,94.18,6858.69,No
CUST-05862,Male,1,Yes,No,44,Yes,Yes,Fiber optic,Yes,No,No,No,Yes,Yes,Month-to-month,Yes,Credit card (automatic),89.56,3923.04,No
CUST-05863,Male,0,Yes,Yes,45,Yes,No,Fiber optic,No,No,No,Yes,No,No,Month-to-month,No,Electronic check,114.34,5217.74,Yes
CUST-05864,Female,0,Yes,Yes,64,No,No phone service,DSL,No,No,No,No,No,Yes,Two year,No,Electronic check,86.35,5535.46,No
CUST-05865,Male,1,Yes,No,36,Yes,No,No,No internet service,No internet service,No internet service,No internet service,No internet service,No internet service,Two year,No,Electronic check,42.51,1515.52,No
CUST-05866,Male,0,No,No,3,Yes,No,No,No internet service,No internet service,No internet service,No internet service,No internet service,No internet service,One year,Yes,Electronic check,48.29,109.66,No
CUST-05867,Male,0,Yes,Yes,10,Yes,No,No,No internet service,No internet service,No internet service,No internet service,No internet service,No internet service,One year,No,Electronic check,100.53,999.05,Yes
CUST-05868,Male,0,No,Yes,69,Yes,Yes,DSL,No,Yes,No,No,Yes,No,One year,No,Bank transfer (automatic),90.66,6208.73,No
CUST-05869,Male,0,No,Yes,72,Yes,Yes,DSL,No,No,No,No,No,No,Month-to-month,Yes,Bank transfer (automatic),99.54,7153.8,No
CUST-05870,Male,1,Yes,Yes,7,Yes,No,DSL,Yes,No,Yes,Yes,No,No,Month-to-month,Yes,Electronic check,64.02,418.72,No
CUST-05871,Male,0,No,Yes,50,Yes,No,No,No internet service,No internet service,No internet service,No internet service,No internet service,No internet service,Month-to-month,No,Mailed check,121.75,6006.38,No
CUST-05872,Female,0,Yes,No,48,Yes,Yes,Fiber optic,No,Yes,Yes,No,Yes,No,Month-to-month,Yes,Mailed check,85.24,4112.35,No
CUST-05873,Male,0,No,Yes,12,Yes,No,No,No internet service,No internet service,No internet service,No internet service,No internet service,No internet service,One year,No,Mailed check,118.75,1441.47,Yes
CUST-05874,Female,0,No,No,57,Yes,No,No,No internet service,No internet service,No internet service,No internet service,No internet service,No internet service,Month-to-month,No,Electronic check,78.02,4430.65,No
CUST-05875,Male,0,Yes,No,34,Yes,No,DSL,No,No,No,No,No,No,Month-to-month,Yes,Bank transfer (automatic),84.75,2903.49,No
CUST-05876,Female,1,Yes,Yes,17,Yes,No,Fiber optic,No,No,Yes,Yes,No,No,One year,Yes,Mailed check,124.85,2142.52,Yes
CUST-05877,Male,0,No,No,41,Yes,No,Fiber optic,No,Yes,No,No,No,No,Month-to-month,No,Electronic check,58.94,2356.95,No
CUST-05878,Female,0,Yes,No,66,Yes,Yes,Fiber optic,Yes,No,No,No,Yes,Yes,Two year,No,Credit card (automatic),83.5,5526.42,Yes
CUST-05879,Male,0,No,Yes,16,No,No phone service,No,No internet service,No internet service,No internet service,No internet service,No internet service,No internet service,Two year,Yes,Mailed check,43.92,716.24,No
CUST-05880,Female,0,Yes,No,45,Yes,No,DSL,Yes,No,No,Yes,No,No,Month-to-month,Yes,Mailed check,77.01,3452.58,No
CUST-05881,Female,0,No,No,53,Yes,No,Fiber optic,No,No,No,No,No,No,Month-to-month,No,Bank transfer (automatic),41.29,2108.33,Yes
CUST-05882,Male,0,Yes,Yes,46,Yes,No,DSL,Yes,No,No,Yes,No,Yes,Month-to-month,Yes,Electronic check,114.77,5421.52,Yes
CUST-05883,Male,0,Yes,No,47,Yes,No,Fiber optic,No,No,Yes,Yes,No,Yes,Month-to-month,Yes,Mailed check,110.08,5153.12,No
CUST-05884,Female,0,Yes,No,53,Yes,Yes,DSL,No,No,No,No,Yes,No,One year,Yes,Mailed check,62.43,3284.86,No
CUST-05885,Female,0,Yes,Yes,17,Yes,No,Fiber optic,No,No,No,Yes,No,Yes,One year,Yes,Electronic check,98.09,1679.11,Yes
CUST-05886,Male,0,No,No,8,Yes,Yes,Fiber optic,No,No,Yes,No,Yes,Yes,Month-to-month,Yes,Bank transfer (automatic),99.74,779.94,Yes
CUST-05887,Male,0,No,Yes,72,Yes,No,Fiber optic,Yes,No,Yes,Yes,No,No,Month-to-month,Yes,Electronic check,107.15,7678.9,No
CUST-05888,Female,0,Yes,Yes,24,Yes,No,No,No internet service,No internet service,No internet service,No internet service,No internet service,No internet service,Month-to-month,No,Mailed check,45.67,1147.11,No
CUST-05889,Male,0,Yes,Yes,69,No,No phone service,Fiber optic,Yes,Yes,No,No,No,No,One year,No,Mailed check,99.43,6793.25,No
CUST-05890,Female,0,Yes,No,20,Yes,No,DSL,Yes,Yes,No,No,Yes,Yes,Month-to-month,Yes,Credit card (automatic),45.09,861.68,Yes
CUST-05891,Male,0,No,No,20,No,No phone service,Fiber optic,Yes,Yes,Yes,Yes,No,No,One year,No,Credit card (automatic),113.23,2234.27,No
CUST-05892,Female,1,No,No,2,Yes,No,DSL,No,No,Yes,Yes,No,No,Month-to-month,No,Credit card (automatic),87.46,190.85,Yes
CUST-05893,Female,1,No,No,32,Yes,Yes,DSL,Yes,No,Yes,Yes,No,No,One year,Yes,Mailed check,55.97,1852.72,No
CUST-05894,Female,0,No,No,69,Yes,No,DSL,No,Yes,No,No,No,No,Month-to-month,No,Electronic check,116.71,8001.34,No
CUST-05895,Male,0,Yes,Yes,65,Yes,Yes,DSL,No,No,No,Yes,No,No,Two year,No,Credit card (automatic),112.65,7321.76,No
CUST-05896,Male,0,Yes,No,22,Yes,No,No,No internet service,No internet service,No internet service,No internet service,No internet service,No internet service,Month-to-month,Yes,Bank transfer (automatic),53.87,1106.55,Yes
CUST-05897,Female,0,No,No,30,Yes,Yes,No,No internet service,No internet service,No internet service,No internet service,No internet service,No internet service,One year,Yes,Mailed check,39.55,1146.69,No
CUST-05898,Male,1,Yes,No,49,Yes,Yes,DSL,No,No,No,No,No,Yes,One year,No,Credit card (automatic),43.12,2104.94,No
CUST-05899,Male,0,Yes,No,69,Yes,No,No,No internet service,No internet service,No internet service,No internet service,No internet service,No internet service,Two year,No,Electronic check,75.26,5203.44,No
CUST-05900,Male,0,Yes,No,44,Yes,No,DSL,Yes,No,No,Yes,Yes,No,One year,Yes,Bank transfer (automatic),53.02,2229.47,No
CUST-05901,Male,0,No,No,15,Yes,Yes,Fiber optic,Yes,No,Yes,No,Yes,No,Month-to-month,Yes,Electronic check,91.09,1306.29,Yes
CUST-05902,Female,0,No,No,26,Yes,No,DSL,Yes,Yes,No,No,Yes,Yes,Month-to-month,Yes,Electronic check,105.77,2774.19,No
CUST-05903,Female,0,No,No,53,No,No phone service,DSL,No,No,No,No,No,No,Month-to-month,Yes,Credit card (automatic),121.75,6484.29,Yes
CUST-05904,Male,0,Yes,No,2,Yes,No,Fiber optic,Yes,No,No,No,Yes,No,Two year,Yes,Mailed check,37.24,44.74,No
CUST-05905,Female,0,Yes,No,44,Yes,No,Fiber optic,No,No,No,No,No,No,One year,No,Mailed check,30.25,1305.65,No
CUST-05906,Female,0,Yes,Yes,56,Yes,Yes,Fiber optic,No,Yes,Yes,No,No,No,Month-to-month,No,Bank transfer (automatic),76.79,4268.12,No
CUST-05907,Female,0,No,Yes,25,Yes,Yes,No,No internet service,No internet service,No internet service,No internet service,No internet service,No internet service,Month-to-month,No,Credit card (automatic),36.99,982.28,No
CUST-05908,Male,0,Yes,Yes,39,Yes,Yes,DSL,No,No,No,Yes,Yes,No,Month-to-month,Yes,Mailed check,53.47,2116.48,No
CUST-05909,Male,0,No,No,52,Yes,No,Fiber optic,Yes,No,No,No,No,No,Month-to-month,Yes,Electronic check,79.83,4221.21,No
CUST-05910,Male,0,No,Yes,43,Yes,Yes,DSL,Yes,No,No,No,No,No,One year,No,Mailed check,94.41,4117.08,No
CUST-05911,Female,0,No,No,2,Yes,Yes,DSL,Yes,No,Yes,Yes,No,No,Two year,Yes,Electronic check,72.43,140.23,No
CUST-05912,Female,0,No,No,43,Yes,Yes,DSL,No,Yes,Yes,No,No,No,One year,No,Mailed check,52.27,2236.7,No
CUST-05913,Male,0,Yes,No,17,Yes,No,DSL,No,No,No,Yes,No,No,Month-to-month,No,Electronic check,79.98,1365.82,No
CUST-05914,Female,0,No,No,54,Yes,Yes,Fiber optic,Yes,No,No,No,Yes,No,Month-to-month,Yes,Bank transfer (automatic),83.41,4501.11,No
CUST-05915,Male,0,Yes,Yes,19,Yes,No,Fiber optic,No,Yes,No,No,No,Yes,Two year,Yes,Bank transfer (automatic),72.31,1402.45,No
CUST-05916,Female,0,No,No,71,No,No phone service,Fiber optic,Yes,No,No,No,Yes,No,Two year,No,Bank transfer (automatic),52.21,3727.4,No
CUST-05917,Female,0,No,No,9,Yes,No,DSL,No,No,No,No,No,Yes,Month-to-month,Yes,Bank transfer (automatic),61.16,600.45,No
CUST-05918,Female,0,No,No,65,Yes,No,DSL,Yes,No,No,No,Yes,Yes,Month-to-month,Yes,Credit card (automatic),90.09,5820.59,No
CUST-05919,Male,0,Yes,No,3,Yes,No,Fiber optic,Yes,Yes,No,Yes,No,No,Month-to-month,Yes,Electronic check,102.61,325.8,Yes
CUST-05920,Male,1,No,No,50,Yes,No,DSL,No,Yes,No,No,No,Yes,Two year,No,Mailed check,38.3,1894.29,No
CUST-05921,Female,0,No,No,26,Yes,No,DSL,No,No,No,No,No,No,One year,Yes,Electronic check,59.74,1597.37,Yes
CUST-05922,Male,0,No,No,15,Yes,Yes,DSL,No,No,Yes,No,No,Yes,Month-to-month,Yes,Electronic check,44.79,581.27,No
CUST-05923,Male,0,No,No,16,Yes,No,No,No internet service,No internet service,No internet service,No internet service,No internet service,No internet service,One year,No,Bank transfer (automatic),95.29,1554.34,No
CUST-05924,Male,0,No,No,3,Yes,No,Fiber optic,No,Yes,No,Yes,No,No,One year,No,Credit card (automatic),83.98,205.89,No
CUST-05925,Male,0,Yes,No,10,Yes,No,DSL,No,No,No,No,Yes,No,Month-to-month,No,Electronic check,46.9,466.25,Yes
CUST-05926,Female,0,Yes,No,29,No,No phone service,Fiber optic,Yes,Yes,No,No,No,Yes,Two year,Yes,Electronic check,68.82,2002.85,No
CUST-05927,Male,0,Yes,No,12,Yes,No,No,No internet service,No internet service,No internet service,No internet service,No internet service,No internet service,Two year,Yes,Electronic check,18.25,184.65,No
CUST-05928,Male,0,No,No,70,Yes,Yes,DSL,Yes,Yes,Yes,Yes,Yes,No,One year,No,Electronic check,57.38,3994.91,No
CUST-05929,Female,1,No,Yes,60,Yes,No,DSL,No,No,Yes,No,Yes,No,Month-to-month,Yes,Mailed check,84.91,5106.44,No
CUST-05930,Female,0,Yes,Yes,35,Yes,Yes,No,No internet service,No internet service,No internet service,No internet service,No internet service,No internet service,Month-to-month,No,Electronic check,86.33,3010.74,No
CUST-05931,Male,0,Yes,No,7,No,No phone service,No,No internet service,No internet service,No internet service,No internet service,No internet service,No internet service,Month-to-month,No,Electronic check,55.47,402.53,No
CUST-05932,Male,0,No,No,72,Yes,Yes,Fiber optic,Yes,Yes,No,No,No,Yes,Two year,Yes,Mailed check,79.73,5784.47,No
CUST-05933,Female,0,No,No,53,Yes,No,DSL,Yes,No,No,No,Yes,Yes,Two year,No,Bank transfer (automatic),84.46,4467.33,No
CUST-05934,Female,0,No,Yes,14,Yes,No,DSL,No,Yes,No,No,Yes,Yes,Month-to-month,Yes,Electronic check,101.49,1464.01,No
CUST-05935,Male,0,Yes,No,4,Yes,Yes,No,No internet service,No internet service,No internet service,No internet service,No internet service,No internet service,Month-to-month,Yes,Electronic check,65.68,217.77,No
CUST-05936,Female,0,No,No,45,Yes,No,Fiber optic,No,No,No,No,Yes,No,One year,Yes,Electronic check,104.16,4781.77,No
CUST-05937,Female,0,Yes,No,3,Yes,No,Fiber optic,Yes,No,No,No,Yes,Yes,One year,No,Electronic check,52.08,98.18,Yes
CUST-05938,Male,1,Yes,No,45,Yes,Yes,DSL,Yes,No,Yes,Yes,No,No,Month-to-month,No,Electronic check,87.15,3888.02,Yes
CUST-05939,Male,1,No,Yes,32,Yes,No,DSL,No,Yes,No,No,No,No,Month-to-month,No,Credit card (automatic),80.75,2633.88,No
CUST-05940,Female,0,Yes,No,64,Yes,Yes,Fiber optic,Yes,No,No,No,No,No,Month-to-month,Yes,Electronic check,33.25,2158.53,No
CUST-05941,Female,0,No,No,28,Yes,Yes,Fiber optic,Yes,Yes,No,Yes,No,No,Month-to-month,Yes,Electronic check,81.64,2305.14,No
CUST-05942,Female,0,Yes,No,33,Yes,No,Fiber optic,Yes,No,No,No,No,No,Month-to-month,Yes,Mailed check,123.6,4077.04,No
CUST-05943,Female,1,Yes,Yes,40,No,No phone service,Fiber optic,Yes,Yes,No,No,Yes,No,Month-to-month,No,Mailed check,50.93,2001.65,No
CUST-05944,Male,0,No,No,71,Yes,No,Fiber optic,No,No,No,No,No,No,Month-to-month,No,Bank transfer (automatic),92.52,6506.49,No
CUST-05945,Female,0,Yes,Yes,51,Yes,Yes,Fiber optic,No,No,Yes,No,No,Yes,Two year,Yes,Mailed check,103.79,5318.24,Yes
CUST-05946,Female,0,Yes,No,49,Yes,Yes,DSL,Yes,No,No,No,No,No,Month-to-month,Yes,Electronic check,101.65,5012.59,No
CUST-05947,Female,0,Yes,No,23,Yes,No,No,No internet service,No internet service,No internet service,No internet service,No internet service,No internet service,Two year,No,Mailed check,78.39,1825.09,No
CUST-05948,Male,0,Yes,No,35,Yes,Yes,DSL,Yes,No,No,No,No,No,Month-to-month,Yes,Credit card (automatic),59.71,2080.88,No
CUST-05949,Male,0,No,No,14,Yes,No,Fiber optic,No,No,Yes,No,Yes,Yes,One year,No,Electronic check,107.87,1587.09,No
CUST-05950,Male,0,Yes,No,29,Yes,Yes,DSL,No,No,No,No,No,Yes,Month-to-month,Yes,Electronic check,71.89,2108.14,No
CUST-05951,Female,0,No,Yes,60,Yes,No,Fiber optic,No,No,No,Yes,No,No,Month-to-month,No,Credit card (automatic),47.61,2863.58,No
CUST-05952,Male,0,No,No,8,Yes,No,Fiber optic,No,Yes,No,Yes,No,Yes,Month-to-month,Yes,Bank transfer (automatic),80.27,657.71,No
CUST-05953,Female,0,No,Yes,12,Yes,No,DSL,No,Yes,No,Yes,No,No,Month-to-month,No,Bank transfer (automatic),21.25,345.0,No
CUST-05954,Male,1,No,No,43,Yes,No,Fiber optic,No,No,No,No,Yes,No,Month-to-month,Yes,Electronic check,88.87,3786.2,No
CUST-05955,Male,0,No,No,58,Yes,Yes,Fiber optic,Yes,No,No,Yes,No,No,Month-to-month,No,Electronic check,81.9,4716.59,No
CUST-05956,Male,0,No,Yes,71,Yes,No,Fiber optic,Yes,No,Yes,No,Yes,Yes,Month-to-month,No,Mailed check,50.05,3560.77,No
CUST-05957,Female,0,Yes,No,43,Yes,No,DSL,No,Yes,No,Yes,No,Yes,Month-to-month,Yes,Electronic check,121.75,5233.25,Yes
CUST-05958,Male,0,No,Yes,48,Yes,No,DSL,Yes,Yes,No,No,Yes,Yes,Two year,No,Electronic check,36.26,1775.03,No
CUST-05959,Male,1,Yes,Yes,21,Yes,Yes,No,No internet service,No internet service,No internet service,No internet service,No internet service,No internet service,Two year,Yes,Bank transfer (automatic),80.11,1686.78,No
CUST-05960,Male,0,No,No,30,Yes,Yes,DSL,No,No,No,Yes,Yes,No,Month-to-month,No,Electronic check,70.38,2145.37,No
CUST-05961,Female,1,No,Yes,23,Yes,Yes,Fiber optic,No,Yes,Yes,Yes,No,Yes,One year,No,Credit card (automatic),64.87,1545.23,Yes
CUST-05962,Male,0,Yes,Yes,8,Yes,Yes,DSL,No,Yes,No,Yes,No,No,Month-to-month,Yes,Mailed check,61.93,489.53,No
CUST-05963,Male,0,Yes,No,27,Yes,Yes,Fiber optic,No,No,No,No,Yes,No,Month-to-month,Yes,Electronic check,63.07,1779.73,Yes
CUST-05964,Female,0,Yes,No,16,Yes,Yes,Fiber optic,No,No,No,No,No,No,Month-to-month,Yes,Mailed check,96.15,1536.52,Yes
CUST-05965,Male,0,Yes,No,43,Yes,Yes,Fiber optic,No,No,No,Yes,No,No,One year,Yes,Mailed check,125.0,5404.91,No
CUST-05966,Female,0,No,No,55,Yes,Yes,Fiber optic,No,Yes,No,No,No,No,Month-to-month,No,Credit card (automatic),125.0,6872.41,No
CUST-05967,Male,1,Yes,Yes,71,Yes,Yes,Fiber optic,No,Yes,No,No,No,Yes,Month-to-month,Yes,Credit card (automatic),103.82,7323.17,No
CUST-05968,Male,1,No,No,64,Yes,No,No,No internet service,No internet service,No internet service,No internet service,No internet service,No internet service,Two year,Yes,Electronic check,48.41,3084.54,No
CUST-05969,Female,0,No,No,23,Yes,No,Fiber optic,No,Yes,Yes,No,No,No,Two year,Yes,Mailed check,95.64,2275.37,Yes
CUST-05970,Female,1,Yes,Yes,68,Yes,No,Fiber optic,Yes,No,No,Yes,Yes,Yes,Month-to-month,Yes,Electronic check,89.07,5991.41,No
CUST-05971,Male,1,Yes,No,68,Yes,Yes,Fiber optic,No,No,No,No,No,No,Month-to-month,No,Mailed check,97.25,6668.18,No
CUST-05972,Female,0,Yes,No,37,Yes,Yes,Fiber optic,No,No,No,No,No,Yes,Month-to-month,Yes,Bank transfer (automatic),43.96,1547.02,No
CUST-05973,Female,0,No,Yes,15,Yes,No,Fiber optic,Yes,No,No,Yes,No,Yes,Month-to-month,No,Credit card (automatic),35.4,541.75,Yes
CUST-05974,Female,0,Yes,Yes,56,Yes,No,Fiber optic,No,No,No,No,No,No,Month-to-month,Yes,Credit card (automatic),122.01,6887.59,No
CUST-05975,Male,0,Yes,No,9,Yes,Yes,No,No internet service,No internet service,No internet service,No internet service,No internet service,No internet service,Two year,Yes,Mailed check,67.05,534.37,No
CUST-05976,Male,0,No,No,26,Yes,Yes,No,No internet service,No internet service,No internet service,No internet service,No internet service,No internet service,One year,No,Bank transfer (automatic),58.5,1486.54,No
CUST-05977,Male,1,No,Yes,39,Yes,Yes,Fiber optic,Yes,Yes,Yes,No,No,No,Two year,Yes,Credit card (automatic),87.77,3482.62,Yes
CUST-05978,Female,0,Yes,No,63,Yes,Yes,Fiber optic,Yes,Yes,No,Yes,No,No,One year,Yes,Bank transfer (automatic),38.15,2378.54,No
CUST-05979,Female,0,No,Yes,71,Yes,Yes,DSL,No,No,Yes,Yes,Yes,No,Two year,Yes,Mailed check,116.29,8247.27,No
CUST-05980,Male,0,No,No,59,Yes,No,No,No internet service,No internet service,No internet service,No internet service,No internet service,No internet service,One year,Yes,Bank transfer (automatic),32.01,1875.34,No
CUST-05981,Male,0,No,Yes,35,No,No phone service,Fiber optic,Yes,No,No,Yes,No,Yes,Month-to-month,Yes,Electronic check,35.3,1178.2,No
CUST-05982,Male,0,Yes,No,7,Yes,Yes,No,No internet service,No internet service,No internet service,No internet service,No internet service,No internet service,One year,No,Electronic check,108.67,772.19,No
CUST-05983,Male,0,No,No,58,No,No phone service,Fiber optic,No,No,Yes,Yes,Yes,No,Month-to-month,No,Electronic check,125.0,7310.61,No
CUST-05984,Male,0,Yes,No,62,Yes,No,Fiber optic,No,Yes,No,No,Yes,Yes,Month-to-month,No,Credit card (automatic),51.87,3225.15,No
CUST-05985,Female,0,Yes,Yes,35,Yes,Yes,DSL,Yes,No,Yes,Yes,Yes,Yes,Two year,Yes,Mailed check,83.24,2970.27,No
CUST-05986,Female,0,Yes,No,40,Yes,No,Fiber optic,No,Yes,No,No,No,No,Two year,Yes,Electronic check,125.0,4987.89,No
CUST-05987,Male,0,No,No,62,Yes,Yes,Fiber optic,Yes,No,No,No,No,No,Month-to-month,Yes,Bank transfer (automatic),34.15,2129.92,No
CUST-05988,Male,0,No,Yes,10,Yes,Yes,Fiber optic,Yes,No,No,No,No,No,Month-to-month,Yes,Electronic check,88.28,926.68,Yes
CUST-05989,Male,0,No,No,59,Yes,Yes,DSL,No,Yes,No,Yes,Yes,No,Two year,No,Electronic check,101.66,6006.54,No
CUST-05990,Male,0,No,No,37,Yes,Yes,DSL,Yes,No,Yes,Yes,Yes,No,Month-to-month,Yes,Electronic check,57.15,2067.81,No
CUST-05991,Female,0,Yes,No,50,Yes,Yes,No,No internet service,No internet service,No internet service,No internet service,No internet service,No internet service,Two year,No,Bank transfer (automatic),109.66,5449.98,No
CUST-05992,Female,0,Yes,No,14,Yes,No,Fiber optic,No,No,No,No,No,No,Two year,Yes,Mailed check,100.73,1413.88,No
CUST-05993,Male,0,No,No,45,No,No phone service,DSL,No,No,Yes,Yes,No,No,Two year,Yes,Credit card (automatic),37.7,1734.43,No
CUST-05994,Male,1,Yes,No,20,Yes,Yes,Fiber optic,No,No,Yes,No,Yes,Yes,Two year,Yes,Electronic check,43.6,864.69,No
CUST-05995,Female,1,Yes,No,38,Yes,Yes,DSL,No,No,No,No,Yes,Yes,One year,Yes,Credit card (automatic),50.43,1960.95,No
CUST-05996,Female,0,No,Yes,38,Yes,Yes,DSL,Yes,Yes,Yes,Yes,No,No,Two year,No,Mailed check,56.01,2212.39,No
CUST-05997,Male,0,Yes,No,69,Yes,Yes,DSL,Yes,No,No,No,No,No,Month-to-month,No,Mailed check,74.51,5192.72,No
CUST-05998,Male,0,Yes,Yes,49,Yes,No,DSL,No,Yes,No,No,Yes,No,Month-to-month,Yes,Electronic check,121.75,5946.18,No
CUST-05999,Male,1,No,No,41,Yes,Yes,No,No internet service,No internet service,No internet service,No internet service,No internet service,No internet service,One year,Yes,Credit card (automatic),53.84,2193.98,No
CUST-06000,Female,0,No,Yes,29,Yes,No,Fiber optic,Yes,No,No,No,No,No,Month-to-month,No,Bank transfer (automatic),88.62,2631.15,No
CUST-06001,Male,0,No,No,25,Yes,No,Fiber optic,No,No,No,Yes,Yes,No,One year,Yes,Electronic check,125.0,3137.52,No
CUST-06002,Male,0,Yes,No,47,Yes,No,Fiber optic,No,No,No,No,No,No,One year,Yes,Electronic check,111.49,5241.91,No
CUST-06003,Male,0,No,No,64,Yes,Yes,Fiber optic,Yes,Yes,No,Yes,Yes,No,One year,Yes,Credit card (automatic),83.36,5327.1,Yes
CUST-06004,Male,0,No,Yes,42,Yes,Yes,Fiber optic,Yes,No,Yes,Yes,No,No,Month-to-month,No,Bank transfer (automatic),77.63,3222.4,No
CUST-06005,Female,0,Yes,No,48,Yes,Yes,Fiber optic,No,No,Yes,Yes,Yes,No,Two year,Yes,Mailed check,34.0,1589.04,No
CUST-06006,Female,0,No,No,24,Yes,No,Fiber optic,No,No,No,No,No,No,One year,Yes,Mailed check,74.71,1773.07,Yes
CUST-06007,Female,0,No,No,41,No,No phone service,Fiber optic,Yes,No,No,No,No,No,Month-to-month,Yes,Credit card (automatic),125.0,5104.79,Yes
CUST-06008,Male,0,No,No,42,No,No phone service,DSL,No,No,Yes,Yes,Yes,No,One year,No,Electronic check,49.02,2086.07,No
CUST-06009,Female,0,Yes,Yes,50,Yes,Yes,DSL,No,No,No,No,No,Yes,Month-to-month,Yes,Electronic check,104.79,5224.57,No
CUST-06010,Female,0,No,No,23,Yes,Yes,DSL,Yes,No,No,No,No,Yes,Two year,Yes,Electronic check,49.34,1135.63,No
CUST-06011,Female,1,Yes,No,26,No,No phone service,Fiber optic,No,Yes,No,No,No,No,Month-to-month,No,Mailed check,109.82,2836.25,Yes
CUST-06012,Male,0,Yes,No,26,Yes,Yes,Fiber optic,No,No,Yes,Yes,No,No,Month-to-month,Yes,Credit card (automatic),115.91,2998.84,Yes
CUST-06013,Male,1,Yes,Yes,31,Yes,No,Fiber optic,No,No,No,No,No,No,Two year,Yes,Credit card (automatic),65.96,2057.86,No
CUST-06014,Male,0,Yes,Yes,22,Yes,No,Fiber optic,No,No,No,Yes,No,Yes,Month-to-month,No,Mailed check,65.71,1322.95,No
CUST-06015,Male,1,Yes,Yes,15,Yes,Yes,Fiber optic,Yes,Yes,No,No,Yes,No,Two year,No,Credit card (automatic),100.95,1574.53,Yes
CUST-06016,Female,0,No,No,37,Yes,No,Fiber optic,No,No,No,No,No,No,Month-to-month,No,Mailed check,106.72,3941.69,Yes
CUST-06017,Female,0,No,No,62,Yes,Yes,DSL,No,No,No,Yes,No,Yes,One year,Yes,Electronic check,96.13,5916.0,No
CUST-06018,Female,0,Yes,No,3,Yes,No,No,No internet service,No internet service,No internet service,No internet service,No internet service,No internet service,Month-to-month,Yes,Electronic check,73.84,170.06,Yes
CUST-06019,Male,1,No,Yes,48,Yes,No,DSL,No,No,No,Yes,Yes,Yes,Month-to-month,Yes,Mailed check,40.8,1961.54,No
CUST-06020,Male,1,No,Yes,59,Yes,Yes,Fiber optic,No,No,No,No,No,No,Two year,Yes,Mailed check,79.09,4535.53,No
CUST-06021,Female,0,Yes,No,60,Yes,No,DSL,No,No,No,Yes,Yes,No,Month-to-month,No,Electronic check,40.18,2467.72,No
CUST-06022,Female,0,No,Yes,62,Yes,Yes,Fiber optic,No,No,No,No,No,No,Two year,Yes,Electronic check,98.93,6097.14,No
CUST-06023,Female,0,No,No,23,Yes,Yes,Fiber optic,No,No,Yes,No,Yes,No,Two year,No,Mailed check,49.68,1201.06,Yes
CUST-06024,Male,0,No,No,8,No,No phone service,DSL,No,Yes,No,No,Yes,No,One year,No,Electronic check,45.96,394.01,No
CUST-06025,Female,0,No,No,72,Yes,Yes,Fiber optic,No,Yes,No,No,No,No,Month-to-month,Yes,Electronic check,79.74,5737.0,No
CUST-06026,Male,0,No,Yes,51,Yes,Yes,Fiber optic,No,Yes,No,No,Yes,Yes,Month-to-month,Yes,Electronic check,125.0,6409.47,No
CUST-06027,Female,0,No,Yes,26,Yes,No,No,No internet service,No internet service,No internet service,No internet service,No internet service,No internet service,One year,Yes,Electronic check,33.54,843.41,No
CUST-06028,Male,0,Yes,No,62,Yes,No,Fiber optic,No,Yes,Yes,Yes,No,No,Two year,Yes,Mailed check,61.64,3808.35,No
CUST-06029,Male,1,Yes,Yes,26,Yes,No,DSL,No,Yes,Yes,No,Yes,No,Month-to-month,Yes,Bank transfer (automatic),57.84,1585.58,No
CUST-06030,Female,0,No,No,54,Yes,Yes,DSL,No,No,No,No,No,No,Two year,Yes,Electronic check,83.0,4510.2,No
CUST-06031,Male,0,Yes,No,70,Yes,No,No,No internet service,No internet service,No internet service,No internet service,No internet service,No internet service,Month-to-month,No,Bank transfer (automatic),45.44,3218.79,Yes
CUST-06032,Male,0,Yes,No,56,Yes,No,DSL,Yes,Yes,Yes,No,Yes,Yes,Month-to-month,Yes,Credit card (automatic),35.79,2002.94,No
CUST-06033,Male,0,Yes,Yes,48,Yes,No,Fiber optic,Yes,No,No,Yes,Yes,No,Month-to-month,Yes,Electronic check,61.13,2893.67,No
CUST-06034,Male,0,No,No,14,Yes,No,DSL,Yes,No,Yes,Yes,No,No,Month-to-month,No,Electronic check,83.49,1161.66,Yes
CUST-06035,Female,0,No,No,68,Yes,No,Fiber optic,No,No,Yes,No,Yes,No,Month-to-month,No,Credit card (automatic),36.29,2414.38,No
CUST-06036,Female,0,Yes,Yes,31,Yes,No,Fiber optic,No,No,Yes,Yes,No,Yes,Two year,No,Credit card (automatic),113.32,3445.63,Yes
CUST-06037,Male,0,Yes,No,45,Yes,No,No,No internet service,No internet service,No internet service,No internet service,No internet service,No internet service,Two year,Yes,Bank transfer (automatic),91.68,4127.75,No
CUST-06038,Female,0,Yes,No,45,Yes,Yes,Fiber optic,No,Yes,No,No,No,Yes,Two year,Yes,Electronic check,101.97,4554.41,No
CUST-06039,Female,0,Yes,Yes,18,Yes,Yes,DSL,Yes,No,Yes,No,No,No,Month-to-month,Yes,Mailed check,85.54,1559.67,No
CUST-06040,Female,0,No,No,44,Yes,No,Fiber optic,No,No,No,No,No,No,Month-to-month,Yes,Electronic check,87.55,3824.46,Yes
CUST-06041,Female,0,Yes,Yes,29,Yes,No,DSL,No,No,No,No,No,No,Month-to-month,No,Mailed check,48.49,1325.53,No
CUST-06042,Female,0,No,Yes,26,Yes,No,No,No internet service,No internet service,No internet service,No internet service,No internet service,No internet service,One year,No,Electronic check,56.29,1494.71,No
CUST-06043,Female,0,Yes,Yes,62,Yes,No,Fiber optic,Yes,No,Yes,No,Yes,No,Month-to-month,Yes,Credit card (automatic),70.27,4385.24,No
CUST-06044,Male,0,Yes,No,52,Yes,No,No,No internet service,No internet service,No internet service,No internet service,No internet service,No internet service,One year,No,Mailed check,25.98,1373.98,No
CUST-06045,Male,0,No,No,36,Yes,No,No,No internet service,No internet service,No internet service,No internet service,No internet service,No internet service,Month-to-month,Yes,Credit card (automatic),116.12,4161.98,Yes
CUST-06046,Female,0,Yes,No,2,Yes,Yes,DSL,No,No,No,Yes,No,Yes,One year,No,Electronic check,32.74,117.88,Yes
CUST-06047,Female,0,Yes,No,52,No,No phone service,No,No internet service,No internet service,No internet service,No internet service,No internet service,No internet service,Month-to-month,No,Mailed check,58.32,3027.01,No
CUST-06048,Male,0,Yes,Yes,54,Yes,Yes,No,No internet service,No internet service,No internet service,No internet service,No internet service,No internet service,Two year,No,Bank transfer (automatic),60.07,3248.1,No
CUST-06049,Female,0,No,No,12,No,No phone service,No,No internet service,No internet service,No internet service,No internet service,No internet service,No internet service,Month-to-month,No,Credit card (automatic),82.43,1011.83,No
CUST-06050,Female,0,Yes,No,55,Yes,No,Fiber optic,No,No,No,No,No,No,Month-to-month,No,Electronic check,71.56,3879.59,No
CUST-06051,Female,0,No,No,29,Yes,No,Fiber optic,No,No,Yes,No,No,No,Month-to-month,Yes,Electronic check,63.31,1835.76,No
CUST-06052,Female,0,No,No,53,Yes,No,DSL,Yes,Yes,Yes,No,Yes,Yes,Month-to-month,Yes,Bank transfer (automatic),101.87,5395.03,Yes
CUST-06053,Female,0,No,No,61,No,No phone service,No,No internet service,No internet service,No internet service,No internet service,No internet service,No internet service,One year,Yes,Mailed check,118.75,7267.08,No
CUST-06054,Female,0,No,No,51,Yes,Yes,DSL,No,No,No,No,No,Yes,Month-to-month,No,Bank transfer (automatic),121.75,6226.26,No
CUST-06055,Male,0,No,No,68,Yes,No,Fiber optic,No,No,No,No,No,Yes,Month-to-month,Yes,Electronic check,87.34,5992.91,No
CUST-06056,Male,0,No,No,6,Yes,No,No,No internet service,No internet service,No internet service,No internet service,No internet service,No internet service,One year,No,Bank transfer (automatic),19.44,187.43,No
CUST-06057,Female,0,Yes,Yes,24,Yes,No,No,No internet service,No internet service,No internet service,No internet service,No internet service,No internet service,One year,Yes,Electronic check,18.25,423.98,No
CUST-06058,Male,0,No,No,5,Yes,Yes,No,No internet service,No internet service,No internet service,No internet service,No internet service,No internet service,One year,Yes,Mailed check,98.85,407.9,Yes
CUST-06059,Male,0,No,No,13,Yes,No,No,No internet service,No internet service,No internet service,No internet service,No internet service,No internet service,Month-to-month,No,Bank transfer (automatic),74.39,872.27,No
CUST-06060,Female,0,Yes,No,27,Yes,Yes,Fiber optic,Yes,No,No,No,No,No,Month-to-month,Yes,Electronic check,89.72,2472.21,Yes
CUST-06061,Female,0,No,No,2,Yes,Yes,Fiber optic,No,Yes,No,No,No,No,Month-to-month,Yes,Mailed check,93.86,141.15,Yes
CUST-06062,Male,0,Yes,No,29,Yes,No,DSL,No,Yes,No,No,No,Yes,Month-to-month,Yes,Electronic check,52.11,1496.53,Yes
CUST-06063,Female,0,No,Yes,10,Yes,No,No,No internet service,No internet service,No internet service,No internet service,No internet service,No internet service,Month-to-month,Yes,Mailed check,72.57,771.86,No
CUST-06064,Female,1,Yes,Yes,9,Yes,Yes,Fiber optic,No,Yes,No,Yes,No,No,Month-to-month,No,Bank transfer (automatic),101.04,919.23,Yes
CUST-06065,Female,0,Yes,No,61,Yes,Yes,No,No internet service,No internet service,No internet service,No internet service,No internet service,No internet service,Two year,Yes,Mailed check,118.52,7329.1,No
CUST-06066,Female,0,Yes,No,54,Yes,No,Fiber optic,Yes,No,Yes,No,No,No,Month-to-month,Yes,Bank transfer (automatic),125.0,6790.76,No
CUST-06067,Female,0,Yes,No,33,Yes,No,Fiber optic,No,Yes,Yes,No,Yes,No,Two year,Yes,Mailed check,103.68,3396.21,No
CUST-06068,Female,0,Yes,No,41,Yes,Yes,Fiber optic,No,No,No,No,No,No,One year,Yes,Electronic check,67.96,2757.79,Yes
CUST-06069,Female,0,Yes,No,21,No,No phone service,No,No internet service,No internet service,No internet service,No internet service,No internet service,No internet service,Month-to-month,Yes,Bank transfer (automatic),79.05,1701.97,Yes
CUST-06070,Male,0,No,Yes,35,Yes,No,DSL,Yes,No,Yes,No,No,No,One year,Yes,Mailed check,106.86,3725.43,No
CUST-06071,Female,1,Yes,Yes,56,Yes,Yes,Fiber optic,Yes,Yes,Yes,Yes,No,No,One year,Yes,Electronic check,125.0,7031.52,No
CUST-06072,Male,0,No,Yes,38,Yes,No,DSL,No,Yes,Yes,Yes,No,Yes,One year,No,Mailed check,109.24,4232.07,No
CUST-06073,Male,0,No,No,58,Yes,Yes,Fiber optic,Yes,Yes,No,No,No,No,Month-to-month,Yes,Mailed check,69.37,3968.31,No
CUST-06074,Male,0,Yes,Yes,35,Yes,No,Fiber optic,No,No,No,No,No,No,Month-to-month,No,Electronic check,120.28,4163.51,No
CUST-06075,Male,0,Yes,No,27,Yes,Yes,DSL,No,No,No,Yes,Yes,No,Two year,Yes,Bank transfer (automatic),52.42,1349.51,No
CUST-06076,Female,0,Yes,No,65,Yes,No,Fiber optic,No,No,No,Yes,No,No,One year,No,Electronic check,114.54,7382.85,No
CUST-06077,Female,0,Yes,No,65,Yes,No,No,No internet service,No internet service,No internet service,No internet service,No internet service,No internet service,One year,No,Electronic check,108.86,7041.83,No
CUST-06078,Female,0,No,Yes,17,Yes,Yes,No,No internet service,No internet service,No internet service,No internet service,No internet service,No internet service,Two year,No,Credit card (automatic),94.85,1598.84,No
CUST-06079,Male,0,No,No,34,Yes,No,Fiber optic,No,No,No,No,Yes,No,One year,Yes,Credit card (automatic),65.12,2191.69,No
CUST-06080,Male,0,No,No,56,Yes,Yes,DSL,No,Yes,No,Yes,No,No,One year,Yes,Credit card (automatic),38.28,2152.0,No
CUST-06081,Male,0,Yes,No,19,Yes,Yes,Fiber optic,No,Yes,No,No,No,No,Two year,Yes,Mailed check,72.72,1369.23,No
CUST-06082,Female,0,No,No,54,Yes,No,Fiber optic,No,No,No,No,No,No,Month-to-month,Yes,Mailed check,103.18,5613.67,No
CUST-06083,Female,0,Yes,No,65,Yes,No,Fiber optic,Yes,No,No,Yes,Yes,Yes,Month-to-month,Yes,Electronic check,60.65,4080.75,No
CUST-06084,Male,1,No,No,17,Yes,No,Fiber optic,No,No,Yes,Yes,Yes,No,Month-to-month,Yes,Bank transfer (automatic),33.25,558.14,No
CUST-06085,Male,0,No,No,12,Yes,No,Fiber optic,No,No,Yes,No,Yes,Yes,Month-to-month,No,Electronic check,125.0,1477.93,Yes
CUST-06086,Male,0,Yes,Yes,69,Yes,Yes,Fiber optic,No,Yes,Yes,Yes,No,No,Two year,No,Mailed check,43.85,2988.66,No
CUST-06087,Female,1,No,No,72,Yes,No,No,No internet service,No internet service,No internet service,No internet service,No internet service,No internet service,One year,No,Credit card (automatic),76.31,5420.59,No
CUST-06088,Female,0,No,No,62,Yes,No,Fiber optic,Yes,Yes,No,No,No,No,One year,No,Electronic check,93.28,5755.77,No
CUST-06089,Female,1,No,No,45,Yes,No,DSL,No,Yes,Yes,No,Yes,No,Month-to-month,No,Electronic check,49.35,2226.19,No
CUST-06090,Male,0,Yes,No,7,No,No phone service,No,No internet service,No internet service,No internet service,No internet service,No internet service,No internet service,Month-to-month,No,Mailed check,67.68,469.07,No
CUST-06091,Female,0,No,No,66,Yes,Yes,Fiber optic,Yes,No,No,No,Yes,Yes,One year,No,Mailed check,125.0,8327.82,No
CUST-06092,Male,0,Yes,No,15,Yes,No,Fiber optic,No,No,No,No,No,No,Month-to-month,No,Mailed check,33.29,520.13,No
CUST-06093,Female,0,Yes,No,13,Yes,Yes,DSL,Yes,Yes,No,No,No,No,Month-to-month,Yes,Electronic check,105.84,1429.84,Yes
CUST-06094,Female,0,No,Yes,52,Yes,No,DSL,No,Yes,No,No,No,No,Month-to-month,Yes,Electronic check,74.14,3836.33,No
CUST-06095,Female,0,Yes,No,29,Yes,Yes,No,No internet service,No internet service,No internet service,No internet service,No internet service,No internet service,Two year,No,Mailed check,45.71,1255.27,No
CUST-06096,Male,0,Yes,Yes,63,Yes,No,DSL,Yes,No,No,No,Yes,Yes,One year,No,Electronic check,81.42,5165.44,No
CUST-06097,Male,0,No,Yes,63,Yes,Yes,Fiber optic,Yes,Yes,Yes,No,No,Yes,One year,Yes,Mailed check,69.06,4390.47,No
CUST-06098,Male,0,Yes,No,58,No,No phone service,Fiber optic,Yes,No,No,No,No,No,Month-to-month,No,Bank transfer (automatic),89.24,5129.75,Yes
CUST-06099,Male,0,No,Yes,61,Yes,No,DSL,No,No,No,Yes,No,No,Month-to-month,Yes,Electronic check,96.52,5799.91,No
CUST-06100,Female,0,No,Yes,40,Yes,No,Fiber optic,No,No,No,No,No,No,Month-to-month,No,Credit card (automatic),111.0,4363.47,No
CUST-06101,Female,1,Yes,No,63,No,No phone service,DSL,No,No,No,Yes,Yes,Yes,Two year,Yes,Electronic check,57.28,3653.18,No
CUST-06102,Male,0,No,No,66,Yes,Yes,DSL,Yes,No,No,No,No,No,Month-to-month,Yes,Bank transfer (automatic),96.72,6388.7,No
CUST-06103,Female,0,No,No,21,Yes,Yes,No,No internet service,No internet service,No internet service,No internet service,No internet service,No internet service,Month-to-month,No,Electronic check,121.75,2551.08,No
CUST-06104,Female,0,No,No,31,Yes,No,Fiber optic,No,Yes,No,No,Yes,No,One year,Yes,Electronic check,46.03,1459.38,No
CUST-06105,Male,0,No,No,45,Yes,Yes,No,No internet service,No internet service,No internet service,No internet service,No internet service,No internet service,One year,Yes,Electronic check,45.43,2032.82,No
CUST-06106,Male,0,No,No,62,Yes,Yes,Fiber optic,No,No,No,Yes,Yes,Yes,Two year,Yes,Credit card (automatic),37.63,2256.17,No
CUST-06107,Female,1,No,Yes,29,Yes,No,No,No internet service,No internet service,No internet service,No internet service,No internet service,No internet service,Two year,No,Mailed check,118.75,3416.45,No
CUST-06108,Male,0,Yes,Yes,19,Yes,Yes,DSL,No,No,No,No,No,Yes,Two year,Yes,Credit card (automatic),70.54,1468.53,No
CUST-06109,Male,0,Yes,Yes,24,No,No phone service,DSL,Yes,No,Yes,Yes,No,Yes,One year,Yes,Mailed check,64.29,1598.6,No
CUST-06110,Male,1,No,No,58,Yes,No,DSL,No,No,No,Yes,No,Yes,Month-to-month,No,Credit card (automatic),90.41,5259.92,No
CUST-06111,Male,0,No,Yes,38,Yes,Yes,DSL,No,No,No,Yes,No,No,Month-to-month,Yes,Electronic check,100.39,3782.58,No
CUST-06112,Female,0,No,No,19,Yes,Yes,No,No internet service,No internet service,No internet service,No internet service,No internet service,No internet service,Month-to-month,No,Electronic check,79.11,1523.69,No
CUST-06113,Female,0,Yes,No,52,Yes,Yes,Fiber optic,Yes,No,No,Yes,No,No,Month-to-month,No,Electronic check,125.0,6548.51,No
CUST-06114,Male,0,No,No,48,No,No phone service,Fiber optic,No,No,No,Yes,No,No,Two year,Yes,Mailed check,78.42,3782.88,No
CUST-06115,Female,0,Yes,No,38,Yes,Yes,Fiber optic,No,No,Yes,No,Yes,Yes,Month-to-month,No,Electronic check,49.04,1863.72,No
CUST-06116,Female,0,Yes,No,45,Yes,No,DSL,No,No,No,Yes,No,No,Month-to-month,Yes,Mailed check,117.76,5283.31,Yes
CUST-06117,Male,0,No,No,17,Yes,Yes,No,No internet service,No internet service,No internet service,No internet service,No internet service,No internet service,Two year,No,Mailed check,64.15,1141.67,No
CUST-06118,Female,0,Yes,Yes,14,Yes,Yes,Fiber optic,No,No,No,Yes,Yes,Yes,Month-to-month,No,Electronic check,34.81,488.55,No
CUST-06119,Male,0,No,No,59,Yes,No,DSL,No,No,No,No,No,No,Month-to-month,No,Credit card (automatic),21.25,1244.76,No
CUST-06120,Female,0,Yes,Yes,49,Yes,Yes,Fiber optic,No,No,No,Yes,Yes,Yes,Month-to-month,Yes,Mailed check,39.79,1942.05,Yes
CUST-06121,Female,1,No,Yes,71,Yes,No,DSL,No,Yes,Yes,No,No,No,Month-to-month,No,Mailed check,53.19,3750.44,No
CUST-06122,Male,0,No,Yes,68,Yes,No,Fiber optic,Yes,No,No,Yes,Yes,Yes,Month-to-month,Yes,Mailed check,85.11,5796.45,No
CUST-06123,Male,1,Yes,No,27,No,No phone service,Fiber optic,No,No,No,No,No,No,Month-to-month,Yes,Credit card (automatic),93.68,2450.23,Yes
CUST-06124,Female,0,No,Yes,34,Yes,No,No,No internet service,No internet service,No internet service,No internet service,No internet service,No internet service,Two year,Yes,Bank transfer (automatic),23.97,788.64,No
CUST-06125,Female,0,No,No,62,Yes,No,No,No internet service,No internet service,No internet service,No internet service,No internet service,No internet service,Month-to-month,No,Electronic check,62.63,3849.25,No
CUST-06126,Female,0,Yes,No,1,No,No phone service,DSL,No,No,No,No,Yes,No,One year,Yes,Bank transfer (automatic),49.85,82.66,No
CUST-06127,Female,0,No,No,63,Yes,No,DSL,Yes,Yes,No,No,No,No,Month-to-month,Yes,Electronic check,84.64,5349.89,No
CUST-06128,Male,0,No,No,13,Yes,Yes,No,No internet service,No internet service,No internet service,No internet service,No internet service,No internet service,Month-to-month,Yes,Credit card (automatic),97.53,1377.15,No
CUST-06129,Female,1,Yes,No,19,Yes,No,Fiber optic,No,No,No,No,Yes,No,Month-to-month,Yes,Bank transfer (automatic),125.0,2364.15,Yes
CUST-06130,Female,0,No,No,35,No,No phone service,Fiber optic,No,No,Yes,Yes,Yes,Yes,Month-to-month,Yes,Electronic check,125.0,4408.73,Yes
CUST-06131,Female,0,Yes,Yes,51,No,No phone service,Fiber optic,No,No,No,Yes,No,No,Month-to-month,Yes,Credit card (automatic),43.68,2138.43,No
CUST-06132,Female,0,Yes,Yes,26,Yes,Yes,Fiber optic,No,Yes,Yes,No,No,No,Month-to-month,No,Bank transfer (automatic),89.8,2333.75,No
CUST-06133,Male,1,Yes,No,68,Yes,No,Fiber optic,No,Yes,No,No,No,Yes,Month-to-month,Yes,Electronic check,76.76,5191.63,No
CUST-06134,Female,0,No,No,57,Yes,Yes,No,No internet service,No internet service,No internet service,No internet service,No internet service,No internet service,Month-to-month,Yes,Electronic check,67.75,3805.46,No
CUST-06135,Male,0,No,No,54,Yes,No,Fiber optic,Yes,Yes,No,No,No,Yes,Two year,Yes,Mailed check,79.18,4285.23,No
CUST-06136,Female,0,Yes,Yes,56,Yes,Yes,DSL,Yes,No,No,No,Yes,No,Month-to-month,No,Bank transfer (automatic),120.73,6838.88,No
CUST-06137,Female,1,Yes,No,3,Yes,No,DSL,No,No,Yes,No,No,No,Month-to-month,Yes,Credit card (automatic),93.89,297.8,Yes
CUST-06138,Male,0,Yes,No,60,Yes,No,No,No internet service,No internet service,No internet service,No internet service,No internet service,No internet service,Month-to-month,Yes,Credit card (automatic),74.32,4394.33,No
CUST-06139,Female,0,No,No,44,Yes,No,Fiber optic,No,No,Yes,No,Yes,Yes,Two year,Yes,Electronic check,86.2,3702.04,No
CUST-06140,Female,0,Yes,Yes,14,Yes,No,Fiber optic,No,No,No,Yes,No,No,Month-to-month,No,Electronic check,48.2,683.12,Yes
CUST-06141,Female,0,Yes,No,57,Yes,No,DSL,No,No,Yes,No,No,Yes,Two year,No,Credit card (automatic),88.97,5044.0,No
CUST-06142,Female,0,Yes,No,8,Yes,No,No,No internet service,No internet service,No internet service,No internet service,No internet service,No internet service,One year,Yes,Bank transfer (automatic),62.09,437.48,No
CUST-06143,Male,0,Yes,No,45,Yes,Yes,Fiber optic,No,No,No,Yes,No,No,Month-to-month,No,Electronic check,61.01,2774.24,No
CUST-06144,Male,0,No,Yes,41,Yes,No,No,No internet service,No internet service,No internet service,No internet service,No internet service,No internet service,One year,No,Credit card (automatic),30.77,1319.97,No
CUST-06145,Female,1,No,No,3,No,No phone service,DSL,No,No,Yes,Yes,Yes,No,One year,No,Credit card (automatic),118.75,284.64,Yes
CUST-06146,Male,1,Yes,No,27,Yes,No,DSL,Yes,No,No,No,No,Yes,One year,No,Mailed check,55.19,1534.54,Yes
CUST-06147,Male,1,No,No,9,Yes,No,DSL,No,No,Yes,No,No,Yes,Month-to-month,No,Electronic check,99.31,862.41,Yes
CUST-06148,Male,1,Yes,No,69,Yes,No,Fiber optic,Yes,Yes,No,No,No,No,Two year,No,Electronic check,91.72,6323.8,No
CUST-06149,Female,0,No,No,58,Yes,Yes,No,No internet service,No internet service,No internet service,No internet service,No internet service,No internet service,Two year,Yes,Credit card (automatic),107.25,6267.41,No
CUST-06150,Male,1,Yes,Yes,72,Yes,No,Fiber optic,No,Yes,Yes,No,No,Yes,Month-to-month,Yes,Electronic check,36.52,2591.69,No
CUST-06151,Female,1,Yes,Yes,36,Yes,Yes,No,No internet service,No internet service,No internet service,No internet service,No internet service,No internet service,Month-to-month,No,Credit card (automatic),112.21,4034.69,Yes
CUST-06152,Male,0,No,No,24,Yes,No,Fiber optic,No,No,Yes,Yes,No,Yes,Month-to-month,No,Electronic check,125.0,2955.98,Yes
CUST-06153,Male,0,Yes,No,69,Yes,Yes,DSL,No,No,No,No,No,Yes,Two year,Yes,Electronic check,40.76,2827.07,No
CUST-06154,Female,0,No,No,23,Yes,No,Fiber optic,No,No,Yes,No,Yes,Yes,Month-to-month,No,Credit card (automatic),108.5,2515.63,Yes
CUST-06155,Female,0,Yes,No,30,Yes,No,No,No internet service,No internet service,No internet service,No internet service,No internet service,No internet service,Month-to-month,Yes,Bank transfer (automatic),44.3,1263.3,No
CUST-06156,Male,0,Yes,Yes,10,Yes,No,Fiber optic,No,No,No,No,Yes,No,Month-to-month,Yes,Electronic check,74.83,710.97,Yes
CUST-06157,Female,0,No,Yes,60,Yes,No,DSL,No,No,No,No,No,No,One year,Yes,Credit card (automatic),39.53,2435.13,No
CUST-06158,Male,0,Yes,No,9,Yes,No,No,No internet service,No internet service,No internet service,No internet service,No internet service,No internet service,Two year,No,Credit card (automatic),86.04,801.14,No
CUST-06159,Male,0,Yes,No,3,No,No phone service,Fiber optic,Yes,Yes,No,No,No,No,Two year,No,Electronic check,72.28,225.44,No
CUST-06160,Female,0,No,Yes,60,No,No phone service,No,No internet service,No internet service,No internet service,No internet service,No internet service,No internet service,One year,Yes,Electronic check,69.23,4197.92,No
CUST-06161,Female,1,Yes,No,61,Yes,Yes,Fiber optic,No,No,Yes,No,No,No,One year,No,Credit card (automatic),50.98,3073.47,No
CUST-06162,Female,0,No,No,62,Yes,Yes,Fiber optic,No,No,No,No,No,No,One year,No,Mailed check,108.87,6733.44,No
CUST-06163,Female,0,Yes,Yes,62,Yes,Yes,Fiber optic,Yes,No,No,Yes,No,No,Two year,No,Electronic check,74.37,4570.06,No
CUST-06164,Female,0,No,Yes,11,Yes,Yes,No,No internet service,No internet service,No internet service,No internet service,No internet service,No internet service,Month-to-month,Yes,Electronic check,76.06,767.73,Yes
CUST-06165,Female,1,No,No,27,No,No phone service,No,No internet service,No internet service,No internet service,No internet service,No internet service,No internet service,Month-to-month,No,Electronic check,56.18,1483.32,No
CUST-06166,Male,1,Yes,Yes,56,Yes,No,Fiber optic,No,Yes,No,No,No,Yes,Month-to-month,No,Electronic check,33.25,1859.15,No
CUST-06167,Female,0,No,Yes,23,Yes,Yes,DSL,No,No,Yes,No,Yes,No,One year,Yes,Bank transfer (automatic),41.74,985.62,No
CUST-06168,Male,0,No,Yes,57,Yes,No,DSL,No,Yes,No,Yes,No,Yes,Two year,Yes,Mailed check,62.61,3623.2,No
CUST-06169,Male,0,No,Yes,66,Yes,No,DSL,Yes,No,No,No,Yes,No,One year,Yes,Electronic check,64.48,4259.53,No
CUST-06170,Male,0,Yes,No,70,Yes,No,Fiber optic,No,Yes,No,No,No,No,One year,No,Electronic check,125.0,8777.32,No
CUST-06171,Male,0,No,Yes,56,Yes,No,Fiber optic,No,Yes,No,No,Yes,Yes,Month-to-month,Yes,Electronic check,125.0,7040.68,No
CUST-06172,Female,0,No,No,58,Yes,No,DSL,No,Yes,Yes,No,No,Yes,Two year,Yes,Mailed check,90.24,5277.01,No
CUST-06173,Male,0,No,No,44,Yes,Yes,Fiber optic,No,Yes,No,No,Yes,Yes,Month-to-month,No,Electronic check,125.0,5472.23,No
CUST-06174,Female,0,No,Yes,6,Yes,No,No,No internet service,No internet service,No internet service,No internet service,No internet service,No internet service,Month-to-month,No,Electronic check,58.24,318.53,Yes
CUST-06175,Female,0,No,Yes,32,Yes,Yes,DSL,Yes,No,No,No,No,No,Month-to-month,Yes,Bank transfer (automatic),93.35,2988.05,No
CUST-06176,Female,0,No,No,69,Yes,Yes,Fiber optic,Yes,No,No,Yes,Yes,No,Month-to-month,No,Electronic check,95.38,6674.21,No
CUST-06177,Male,0,No,No,66,Yes,No,DSL,Yes,Yes,Yes,No,No,No,Month-to-month,No,Mailed check,85.72,5698.93,No
CUST-06178,Male,0,No,No,18,Yes,No,Fiber optic,No,Yes,No,No,Yes,Yes,Month-to-month,Yes,Credit card (automatic),56.93,1006.09,No
CUST-06179,Male,0,No,No,54,Yes,No,No,No internet service,No internet service,No internet service,No internet service,No internet service,No internet service,Two year,No,Bank transfer (automatic),72.35,3907.67,No
CUST-06180,Male,0,Yes,No,23,Yes,Yes,DSL,No,Yes,No,No,Yes,No,Month-to-month,No,Bank transfer (automatic),60.37,1401.06,No
CUST-06181,Female,1,No,Yes,31,Yes,No,No,No internet service,No internet service,No internet service,No internet service,No internet service,No internet service,Month-to-month,No,Electronic check,40.26,1193.12,No
CUST-06182,Male,0,Yes,Yes,47,Yes,Yes,DSL,No,No,No,No,No,No,Month-to-month,No,Electronic check,88.33,4117.29,Yes
CUST-06183,Female,0,No,No,36,No,No phone service,Fiber optic,Yes,Yes,No,No,No,Yes,One year,Yes,Mailed check,30.36,1113.46,No
CUST-06184,Male,0,No,Yes,44,Yes,Yes,DSL,No,No,Yes,No,Yes,No,One year,No,Credit card (automatic),107.28,4752.88,No
CUST-06185,Female,0,No,No,8,Yes,No,Fiber optic,No,No,Yes,No,Yes,Yes,Month-to-month,No,Bank transfer (automatic),86.85,688.35,No
CUST-06186,Male,1,Yes,Yes,22,No,No phone service,DSL,No,No,No,No,No,Yes,One year,Yes,Electronic check,35.74,765.76,No
CUST-06187,Female,0,No,No,59,Yes,Yes,Fiber optic,Yes,Yes,No,Yes,Yes,Yes,Month-to-month,No,Electronic check,75.24,4455.91,No
CUST-06188,Male,0,Yes,No,45,Yes,No,DSL,Yes,No,No,No,No,Yes,Two year,Yes,Electronic check,69.11,3065.24,No
CUST-06189,Female,0,No,No,61,Yes,Yes,No,No internet service,No internet service,No internet service,No internet service,No internet service,No internet service,Two year,No,Credit card (automatic),102.2,6193.3,No
CUST-06190,Female,0,No,No,70,Yes,No,DSL,Yes,Yes,No,No,No,No,Month-to-month,No,Electronic check,113.62,8084.37,No
CUST-06191,Male,1,No,Yes,26,Yes,Yes,DSL,No,No,Yes,No,No,Yes,Month-to-month,Yes,Electronic check,67.43,1718.19,Yes
CUST-06192,Female,0,Yes,Yes,20,Yes,Yes,Fiber optic,Yes,No,No,Yes,Yes,Yes,Two year,Yes,Mailed check,79.56,1630.46,No
CUST-06193,Female,0,No,No,23,Yes,Yes,Fiber optic,No,No,No,Yes,No,Yes,Month-to-month,Yes,Credit card (automatic),125.0,2857.79,No
CUST-06194,Female,0,Yes,Yes,42,No,No phone service,No,No internet service,No internet service,No internet service,No internet service,No internet service,No internet service,Month-to-month,No,Electronic check,25.14,1083.6,No
CUST-06195,Female,0,No,No,19,Yes,No,No,No internet service,No internet service,No internet service,No internet service,No internet service,No internet service,Month-to-month,Yes,Electronic check,29.24,597.78,No
CUST-06196,Female,0,No,No,29,Yes,No,Fiber optic,Yes,No,No,No,No,Yes,Month-to-month,Yes,Credit card (automatic),125.0,3554.66,Yes
CUST-06197,Male,1,No,No,13,Yes,Yes,No,No internet service,No internet service,No internet service,No internet service,No internet service,No internet service,Month-to-month,Yes,Bank transfer (automatic),66.49,860.47,No
CUST-06198,Female,0,Yes,No,28,Yes,No,DSL,No,No,Yes,No,Yes,Yes,One year,Yes,Electronic check,90.3,2474.73,Yes
CUST-06199,Female,0,Yes,No,69,Yes,No,No,No internet service,No internet service,No internet service,No internet service,No internet service,No internet service,Month-to-month,Yes,Mailed check,115.72,7943.01,No
CUST-06200,Female,1,No,No,31,Yes,Yes,Fiber optic,No,No,Yes,Yes,Yes,No,One year,Yes,Electronic check,30.25,999.42,No
CUST-06201,Male,0,No,Yes,55,Yes,Yes,DSL,No,Yes,Yes,No,No,No,Two year,Yes,Credit card (automatic),108.95,5956.26,No
CUST-06202,Male,0,Yes,No,31,No,No phone service,Fiber optic,No,Yes,Yes,No,Yes,Yes,Two year,No,Bank transfer (automatic),104.53,3208.02,Yes
CUST-06203,Female,0,No,Yes,32,Yes,No,Fiber optic,No,No,Yes,Yes,No,No,One year,Yes,Mailed check,37.69,1234.66,No
CUST-06204,Female,0,Yes,No,48,Yes,No,Fiber optic,No,No,No,No,No,No,Month-to-month,No,Credit card (automatic),69.3,3456.81,No
CUST-06205,Female,0,Yes,Yes,8,Yes,Yes,DSL,No,Yes,No,Yes,No,Yes,Month-to-month,No,Electronic check,74.16,573.72,No
CUST-06206,Male,0,No,No,26,Yes,No,Fiber optic,No,No,Yes,No,No,Yes,Month-to-month,No,Bank transfer (automatic),104.58,2684.25,Yes
CUST-06207,Male,0,No,No,11,Yes,No,Fiber optic,No,Yes,No,No,No,No,Two year,No,Electronic check,50.93,552.34,Yes
CUST-06208,Male,1,No,Yes,15,Yes,No,Fiber optic,Yes,No,No,No,No,Yes,Month-to-month,Yes,Electronic check,108.32,1656.86,Yes
CUST-06209,Female,0,Yes,No,52,Yes,No,No,No internet service,No internet service,No internet service,No internet service,No internet service,No internet service,Month-to-month,No,Electronic check,75.69,3982.45,No
CUST-06210,Male,0,No,Yes,13,Yes,No,No,No internet service,No internet service,No internet service,No internet service,No internet service,No internet service,Month-to-month,No,Credit card (automatic),47.71,562.55,Yes
CUST-06211,Female,1,No,No,15,Yes,No,Fiber optic,No,No,No,Yes,Yes,No,Month-to-month,Yes,Electronic check,68.94,1113.53,Yes
CUST-06212,Male,0,No,No,42,Yes,Yes,Fiber optic,No,Yes,Yes,No,No,No,Month-to-month,No,Bank transfer (automatic),99.66,4211.66,No
CUST-06213,Male,0,Yes,No,26,Yes,Yes,Fiber optic,No,Yes,No,No,No,Yes,Two year,No,Bank transfer (automatic),63.51,1615.16,No
CUST-06214,Female,0,No,No,9,Yes,No,No,No internet service,No internet service,No internet service,No internet service,No internet service,No internet service,Month-to-month,Yes,Bank transfer (automatic),62.82,554.93,No
CUST-06215,Male,0,Yes,No,69,Yes,No,Fiber optic,No,No,No,Yes,Yes,No,One year,Yes,Mailed check,71.17,4931.86,No
CUST-06216,Male,0,No,Yes,67,Yes,No,Fiber optic,Yes,Yes,No,No,No,No,Two year,Yes,Mailed check,32.8,2197.81,No
CUST-06217,Female,0,No,No,42,Yes,No,Fiber optic,No,No,Yes,No,Yes,Yes,Two year,Yes,Mailed check,66.02,2766.17,No
CUST-06218,Female,0,Yes,No,38,Yes,No,No,No internet service,No internet service,No internet service,No internet service,No internet service,No internet service,Month-to-month,Yes,Electronic check,65.86,2596.09,No
CUST-06219,Female,0,Yes,No,59,Yes,Yes,Fiber optic,No,No,No,No,Yes,No,One year,No,Electronic check,82.3,4879.61,Yes
CUST-06220,Male,0,No,No,71,Yes,No,DSL,No,Yes,No,Yes,No,Yes,One year,Yes,Mailed check,90.97,6438.42,No
CUST-06221,Female,0,No,No,8,Yes,No,Fiber optic,No,No,No,No,Yes,No,Month-to-month,Yes,Mailed check,57.32,442.7,Yes
CUST-06222,Female,0,Yes,Yes,8,Yes,No,DSL,No,No,No,No,No,Yes,Two year,Yes,Electronic check,97.84,860.4,Yes
CUST-06223,Male,0,Yes,Yes,24,Yes,No,DSL,Yes,No,No,No,Yes,Yes,Month-to-month,Yes,Mailed check,61.38,1489.27,No
CUST-06224,Female,0,No,No,22,No,No phone service,Fiber optic,Yes,No,No,No,No,Yes,Month-to-month,No,Electronic check,82.57,1768.44,Yes
CUST-06225,Female,0,Yes,Yes,65,Yes,No,Fiber optic,No,Yes,Yes,No,Yes,No,Month-to-month,Yes,Electronic check,36.46,2359.44,No
CUST-06226,Male,1,No,Yes,37,Yes,Yes,No,No internet service,No internet service,No internet service,No internet service,No internet service,No internet service,One year,Yes,Electronic check,38.24,1413.73,No
CUST-06227,Male,0,No,No,59,Yes,No,No,No internet service,No internet service,No internet service,No internet service,No internet service,No internet service,Month-to-month,No,Mailed check,100.63,5890.88,No
CUST-06228,Male,0,Yes,No,49,Yes,No,Fiber optic,Yes,Yes,No,No,Yes,No,Two year,Yes,Bank transfer (automatic),53.28,2684.61,No
CUST-06229,Female,1,No,No,53,Yes,No,DSL,No,Yes,Yes,No,Yes,No,Two year,No,Electronic check,39.05,2013.38,No
CUST-06230,Female,1,No,No,69,Yes,No,DSL,No,No,No,Yes,Yes,No,One year,Yes,Electronic check,71.75,5024.97,No
CUST-06231,Female,0,No,No,43,Yes,No,No,No internet service,No internet service,No internet service,No internet service,No internet service,No internet service,One year,No,Electronic check,90.2,3825.67,No
CUST-06232,Male,0,No,Yes,56,No,No phone service,Fiber optic,No,No,No,No,No,No,Month-to-month,No,Electronic check,80.53,4523.2,Yes
CUST-06233,Female,0,Yes,No,20,Yes,No,Fiber optic,No,Yes,No,No,No,No,One year,No,Credit card (automatic),30.25,660.96,No
CUST-06234,Female,0,Yes,No,19,Yes,No,Fiber optic,No,No,No,No,Yes,Yes,Month-to-month,Yes,Credit card (automatic),43.22,814.73,Yes
CUST-06235,Male,0,No,No,43,Yes,Yes,DSL,No,No,Yes,No,Yes,No,One year,Yes,Credit card (automatic),110.07,4695.99,No
CUST-06236,Male,0,Yes,No,65,Yes,Yes,Fiber optic,Yes,No,No,Yes,No,No,Month-to-month,No,Mailed check,104.02,6768.14,No
CUST-06237,Male,0,Yes,Yes,4,Yes,No,No,No internet service,No internet service,No internet service,No internet service,No internet service,No internet service,One year,Yes,Bank transfer (automatic),21.36,103.35,No
CUST-06238,Female,0,Yes,No,37,Yes,No,Fiber optic,No,Yes,No,Yes,No,Yes,One year,Yes,Mailed check,73.5,2780.5,No
CUST-06239,Male,1,No,Yes,15,Yes,No,Fiber optic,Yes,No,No,No,Yes,No,Two year,No,Bank transfer (automatic),125.0,1821.27,No
CUST-06240,Female,0,Yes,Yes,64,Yes,No,DSL,Yes,Yes,No,No,No,No,Month-to-month,No,Credit card (automatic),72.8,4617.83,No
CUST-06241,Male,0,No,No,38,Yes,No,DSL,No,No,Yes,Yes,Yes,No,Two year,No,Electronic check,48.23,1925.04,No
CUST-06242,Female,0,No,Yes,4,Yes,No,DSL,No,No,Yes,Yes,No,Yes,One year,No,Electronic check,26.72,116.84,No
CUST-06243,Male,0,Yes,Yes,1,No,No phone service,Fiber optic,Yes,No,No,No,Yes,No,Month-to-month,Yes,Mailed check,71.87,90.53,Yes
CUST-06244,Female,0,No,No,47,Yes,Yes,DSL,No,No,Yes,No,No,No,Month-to-month,No,Electronic check,96.75,4580.39,No
CUST-06245,Male,0,Yes,No,17,Yes,No,Fiber optic,Yes,No,No,Yes,No,No,Two year,Yes,Credit card (automatic),125.0,2130.56,Yes
CUST-06246,Female,0,No,No,3,Yes,No,Fiber optic,No,No,No,No,Yes,No,Month-to-month,Yes,Bank transfer (automatic),124.02,428.23,Yes
CUST-06247,Male,0,No,Yes,11,Yes,No,Fiber optic,Yes,No,Yes,No,Yes,Yes,Two year,Yes,Mailed check,95.59,1081.33,Yes
CUST-06248,Female,0,No,No,12,Yes,Yes,DSL,No,No,No,No,Yes,No,One year,No,Bank transfer (automatic),66.85,804.88,No
CUST-06249,Female,0,No,No,25,Yes,No,Fiber optic,No,No,Yes,Yes,No,Yes,Month-to-month,No,Electronic check,51.7,1225.12,No
CUST-06250,Female,0,No,No,52,Yes,No,Fiber optic,Yes,No,No,Yes,No,Yes,Month-to-month,No,Bank transfer (automatic),77.55,4078.71,No
CUST-06251,Male,0,No,No,62,Yes,Yes,DSL,No,No,No,No,No,No,Month-to-month,Yes,Mailed check,21.25,1402.06,No
CUST-06252,Female,0,No,No,39,Yes,No,Fiber optic,No,Yes,No,No,No,Yes,One year,Yes,Credit card (automatic),107.8,4258.82,No
CUST-06253,Female,0,Yes,Yes,69,Yes,No,Fiber optic,No,No,No,Yes,No,Yes,Two year,Yes,Electronic check,87.54,5940.73,No
CUST-06254,Male,0,No,No,57,Yes,Yes,Fiber optic,Yes,No,No,No,No,Yes,Month-to-month,Yes,Bank transfer (automatic),81.55,4704.34,No
CUST-06255,Female,0,No,No,12,Yes,No,No,No internet service,No internet service,No internet service,No internet service,No internet service,No internet service,One year,Yes,Bank transfer (automatic),27.41,359.31,No
CUST-06256,Female,0,Yes,No,53,Yes,Yes,No,No internet service,No internet service,No internet service,No internet service,No internet service,No internet service,One year,Yes,Electronic check,79.72,4227.84,No
CUST-06257,Male,0,No,No,17,Yes,No,Fiber optic,No,No,No,No,No,No,Two year,Yes,Electronic check,74.32,1204.34,Yes
CUST-06258,Male,0,No,No,70,Yes,Yes,No,No internet service,No internet service,No internet service,No internet service,No internet service,No internet service,Month-to-month,No,Mailed check,86.22,6001.06,No
CUST-06259,Male,0,No,No,61,Yes,No,No,No internet service,No internet service,No internet service,No internet service,No internet service,No internet service,Month-to-month,Yes,Electronic check,71.79,4399.96,No
CUST-06260,Male,0,Yes,Yes,5,Yes,Yes,No,No internet service,No internet service,No internet service,No internet service,No internet service,No internet service,Month-to-month,Yes,Electronic check,103.36,497.15,Yes
CUST-06261,Female,0,No,Yes,13,Yes,No,Fiber optic,No,Yes,Yes,No,Yes,Yes,Month-to-month,Yes,Electronic check,33.25,524.9,Yes
CUST-06262,Female,0,No,No,32,Yes,Yes,No,No internet service,No internet service,No internet service,No internet service,No internet service,No internet service,One year,No,Electronic check,77.21,2398.79,No
CUST-06263,Female,0,Yes,No,54,Yes,Yes,DSL,No,Yes,Yes,No,Yes,Yes,Two year,Yes,Electronic check,95.98,5178.7,No
CUST-06264,Male,0,No,No,40,Yes,No,No,No internet service,No internet service,No internet service,No internet service,No internet service,No internet service,Month-to-month,Yes,Electronic check,79.14,3092.7,No
CUST-06265,Male,0,No,No,7,Yes,Yes,DSL,No,No,No,No,No,Yes,One year,Yes,Credit card (automatic),69.19,410.46,No
CUST-06266,Female,0,Yes,Yes,46,Yes,Yes,DSL,No,Yes,Yes,Yes,No,No,One year,Yes,Electronic check,111.01,5055.4,No
CUST-06267,Male,0,No,No,47,Yes,Yes,DSL,No,Yes,No,Yes,No,Yes,Month-to-month,No,Credit card (automatic),37.51,1682.89,No
CUST-06268,Female,1,Yes,No,67,Yes,No,Fiber optic,No,No,No,No,No,No,Month-to-month,Yes,Bank transfer (automatic),47.75,3224.13,No
CUST-06269,Female,0,No,No,20,Yes,Yes,Fiber optic,No,No,No,No,No,Yes,Month-to-month,Yes,Credit card (automatic),84.97,1663.33,No
CUST-06270,Male,0,No,No,3,No,No phone service,Fiber optic,No,Yes,No,Yes,No,No,Month-to-month,Yes,Credit card (automatic),108.27,275.54,Yes
CUST-06271,Male,0,No,No,54,Yes,No,Fiber optic,No,Yes,Yes,No,No,No,Two year,Yes,Credit card (automatic),90.88,4905.95,No
CUST-06272,Male,0,No,No,51,Yes,Yes,Fiber optic,Yes,Yes,No,No,No,Yes,Two year,No,Bank transfer (automatic),119.3,6074.86,No
CUST-06273,Male,0,Yes,No,38,Yes,Yes,No,No internet service,No internet service,No internet service,No internet service,No internet service,No internet service,One year,Yes,Bank transfer (automatic),118.75,4501.23,No
CUST-06274,Male,0,Yes,Yes,50,Yes,Yes,Fiber optic,Yes,No,Yes,No,Yes,No,Two year,Yes,Electronic check,68.16,3389.36,No
CUST-06275,Male,0,No,Yes,13,Yes,No,Fiber optic,No,Yes,No,No,No,Yes,Month-to-month,No,Credit card (automatic),104.22,1371.6,Yes
CUST-06276,Female,0,Yes,No,10,Yes,Yes,No,No internet service,No internet service,No internet service,No internet service,No internet service,No internet service,Month-to-month,Yes,Electronic check,93.86,966.27,Yes
CUST-06277,Female,0,Yes,No,29,Yes,No,DSL,No,No,Yes,Yes,Yes,Yes,Month-to-month,No,Bank transfer (automatic),91.74,2613.99,Yes
CUST-06278,Male,0,Yes,No,65,Yes,No,Fiber optic,No,Yes,No,No,Yes,No,Month-to-month,Yes,Electronic check,69.88,4616.13,No
CUST-06279,Female,0,No,No,38,Yes,Yes,DSL,No,No,No,Yes,Yes,Yes,One year,Yes,Electronic check,55.85,2121.61,No
CUST-06280,Female,0,No,No,47,Yes,Yes,Fiber optic,Yes,No,No,No,No,No,One year,Yes,Bank transfer (automatic),78.97,3763.74,No
CUST-06281,Female,0,Yes,No,72,Yes,No,No,No internet service,No internet service,No internet service,No internet service,No internet service,No internet service,Month-to-month,No,Mailed check,103.56,7460.81,No
CUST-06282,Female,0,Yes,Yes,22,Yes,No,DSL,No,No,No,No,Yes,Yes,Two year,No,Bank transfer (automatic),21.63,513.0,No
CUST-06283,Male,0,Yes,No,35,Yes,Yes,DSL,No,No,No,No,No,No,Month-to-month,Yes,Credit card (automatic),89.42,3061.9,No
CUST-06284,Female,1,Yes,Yes,50,Yes,No,Fiber optic,No,Yes,No,No,No,No,Month-to-month,No,Electronic check,57.23,2809.54,No
CUST-06285,Female,0,Yes,No,11,Yes,No,Fiber optic,No,No,No,Yes,Yes,No,Month-to-month,No,Credit card (automatic),103.35,1109.47,Yes
CUST-06286,Male,0,No,No,29,Yes,Yes,Fiber optic,Yes,Yes,No,No,Yes,No,Month-to-month,Yes,Electronic check,73.61,2076.88,No
CUST-06287,Female,0,No,No,40,Yes,No,Fiber optic,No,Yes,No,No,No,No,One year,Yes,Credit card (automatic),102.02,4093.01,Yes
CUST-06288,Female,0,Yes,No,22,Yes,No,DSL,No,No,Yes,No,Yes,No,One year,Yes,Bank transfer (automatic),102.76,2259.66,No
CUST-06289,Female,0,No,No,16,Yes,No,DSL,No,Yes,No,Yes,No,Yes,One year,No,Mailed check,18.25,246.65,No
CUST-06290,Male,0,No,No,32,No,No phone service,Fiber optic,No,No,Yes,No,Yes,No,Month-to-month,Yes,Mailed check,60.97,1975.14,No
CUST-06291,Female,0,Yes,Yes,64,No,No phone service,Fiber optic,No,Yes,Yes,No,No,No,Month-to-month,Yes,Electronic check,84.95,5472.1,No
CUST-06292,Male,0,Yes,Yes,30,Yes,No,No,No internet service,No internet service,No internet service,No internet service,No internet service,No internet service,Month-to-month,No,Mailed check,57.35,1626.2,No
CUST-06293,Female,1,No,Yes,61,Yes,Yes,Fiber optic,No,Yes,Yes,No,Yes,Yes,Two year,Yes,Electronic check,31.57,1971.89,No
CUST-06294,Male,0,Yes,Yes,49,Yes,No,DSL,Yes,No,Yes,Yes,No,No,Month-to-month,Yes,Bank transfer (automatic),75.98,3751.38,No
CUST-06295,Female,0,No,Yes,10,Yes,Yes,DSL,Yes,No,No,No,No,No,Month-to-month,Yes,Bank transfer (automatic),31.51,243.68,No
CUST-06296,Male,0,No,No,66,No,No phone service,No,No internet service,No internet service,No internet service,No internet service,No internet service,No internet service,Two year,No,Credit card (automatic),107.84,7085.84,No
CUST-06297,Female,0,No,No,43,No,No phone service,Fiber optic,No,No,No,Yes,No,No,Month-to-month,Yes,Bank transfer (automatic),70.15,2986.26,No
CUST-06298,Male,1,Yes,Yes,41,Yes,No,Fiber optic,Yes,No,Yes,No,No,No,Two year,Yes,Credit card (automatic),67.62,2728.79,No
CUST-06299,Female,0,Yes,No,51,Yes,No,Fiber optic,Yes,No,No,No,No,No,Two year,No,Electronic check,115.41,5954.44,Yes
CUST-06300,Female,1,No,No,4,Yes,No,DSL,Yes,Yes,No,No,No,Yes,Two year,Yes,Bank transfer (automatic),32.04,104.88,No
CUST-06301,Female,0,Yes,No,19,Yes,No,No,No internet service,No internet service,No internet service,No internet service,No internet service,No internet service,Month-to-month,No,Electronic check,36.01,580.29,No
CUST-06302,Female,0,Yes,No,58,Yes,Yes,Fiber optic,Yes,No,Yes,Yes,No,Yes,Two year,No,Electronic check,79.2,,No
CUST-06303,Female,0,No,No,46,Yes,Yes,DSL,Yes,Yes,No,Yes,No,Yes,One year,Yes,Mailed check,82.74,3778.49,No
CUST-06304,Male,0,Yes,No,29,Yes,Yes,Fiber optic,No,Yes,Yes,No,Yes,No,Two year,No,Mailed check,59.28,1686.68,No
CUST-06305,Female,1,No,No,34,Yes,Yes,Fiber optic,No,Yes,Yes,Yes,No,No,Month-to-month,Yes,Credit card (automatic),33.25,1144.8,No
CUST-06306,Female,0,No,No,45,Yes,No,Fiber optic,No,No,Yes,No,No,No,Month-to-month,No,Bank transfer (automatic),81.73,3613.99,No
CUST-06307,Male,0,No,Yes,35,Yes,No,Fiber optic,No,Yes,No,No,Yes,No,One year,Yes,Mailed check,77.78,2802.21,No
CUST-06308,Female,0,Yes,No,33,Yes,No,Fiber optic,No,No,Yes,Yes,No,Yes,Month-to-month,Yes,Bank transfer (automatic),72.5,2386.75,No
CUST-06309,Female,0,No,Yes,40,Yes,Yes,No,No internet service,No internet service,No internet service,No internet service,No internet service,No internet service,One year,Yes,Electronic check,70.06,2803.85,No
CUST-06310,Female,0,No,No,21,Yes,Yes,No,No internet service,No internet service,No internet service,No internet service,No internet service,No internet service,Two year,Yes,Credit card (automatic),97.29,2023.06,No
CUST-06311,Female,0,Yes,Yes,42,Yes,Yes,Fiber optic,No,No,No,No,Yes,No,Two year,Yes,Electronic check,80.57,3453.92,No
CUST-06312,Female,0,No,No,50,No,No phone service,DSL,No,Yes,No,No,No,Yes,Month-to-month,Yes,Electronic check,82.96,4116.86,No
CUST-06313,Female,1,Yes,Yes,52,Yes,No,Fiber optic,No,Yes,Yes,No,No,No,Month-to-month,No,Mailed check,95.07,4953.12,No
CUST-06314,Female,0,Yes,No,45,Yes,No,No,No internet service,No internet service,No internet service,No internet service,No internet service,No internet service,One year,No,Mailed check,76.14,3442.18,No
CUST-06315,Male,0,No,No,33,Yes,Yes,DSL,No,No,Yes,No,Yes,No,Month-to-month,No,Bank transfer (automatic),60.62,1990.33,No
CUST-06316,Female,0,Yes,No,48,Yes,No,DSL,No,Yes,No,Yes,Yes,No,Month-to-month,Yes,Bank transfer (automatic),78.87,3811.22,No
CUST-06317,Male,1,Yes,No,53,Yes,No,No,No internet service,No internet service,No internet service,No internet service,No internet service,No internet service,Month-to-month,No,Electronic check,104.6,5582.96,Yes
CUST-06318,Male,1,No,No,23,Yes,Yes,No,No internet service,No internet service,No internet service,No internet service,No internet service,No internet service,Month-to-month,No,Bank transfer (automatic),51.63,1220.39,No
CUST-06319,Female,0,Yes,No,35,Yes,No,No,No internet service,No internet service,No internet service,No internet service,No internet service,No internet service,Month-to-month,No,Electronic check,30.03,1046.36,No
CUST-06320,Female,0,No,No,49,Yes,No,Fiber optic,No,Yes,No,No,No,No,Month-to-month,No,Bank transfer (automatic),104.12,5090.19,Yes
CUST-06321,Male,0,Yes,No,48,Yes,Yes,DSL,Yes,No,No,Yes,No,Yes,Two year,Yes,Mailed check,48.75,2345.98,No
CUST-06322,Male,0,No,No,36,Yes,Yes,DSL,Yes,No,No,No,No,No,Two year,No,Electronic check,86.15,3083.15,No
CUST-06323,Female,0,No,No,19,Yes,No,Fiber optic,No,No,No,No,No,No,Month-to-month,Yes,Electronic check,38.78,689.49,No
CUST-06324,Male,0,Yes,No,66,Yes,No,No,No internet service,No internet service,No internet service,No internet service,No internet service,No internet service,One year,Yes,Credit card (automatic),48.81,3228.52,No
CUST-06325,Male,0,No,No,40,Yes,No,Fiber optic,Yes,No,Yes,No,No,No,Two year,No,Credit card (automatic),89.79,3657.84,No
CUST-06326,Female,0,Yes,No,39,Yes,Yes,Fiber optic,Yes,Yes,No,No,No,No,Month-to-month,Yes,Credit card (automatic),73.44,2886.99,No
CUST-06327,Female,0,Yes,No,34,Yes,No,No,No internet service,No internet service,No internet service,No internet service,No internet service,No internet service,Month-to-month,Yes,Bank transfer (automatic),85.03,2831.21,No
CUST-06328,Male,0,Yes,No,55,Yes,No,DSL,No,Yes,No,Yes,No,Yes,Month-to-month,No,Electronic check,95.46,5254.22,No
CUST-06329,Female,0,Yes,No,22,Yes,No,DSL,No,No,No,Yes,Yes,No,One year,Yes,Electronic check,63.47,1437.62,Yes
CUST-06330,Male,0,Yes,No,68,No,No phone service,No,No internet service,No internet service,No internet service,No internet service,No internet service,No internet service,Month-to-month,No,Mailed check,66.33,4502.77,No
CUST-06331,Female,0,No,No,5,Yes,No,Fiber optic,Yes,Yes,No,No,Yes,No,Month-to-month,Yes,Mailed check,74.7,381.49,No
CUST-06332,Male,0,No,No,1,Yes,No,Fiber optic,No,Yes,No,Yes,Yes,No,Month-to-month,Yes,Credit card (automatic),74.51,234.47,Yes
CUST-06333,Female,0,No,No,37,Yes,No,No,No internet service,No internet service,No internet service,No internet service,No internet service,No internet service,Two year,No,Electronic check,94.74,3589.52,No
CUST-06334,Female,0,No,No,62,Yes,Yes,No,No internet service,No internet service,No internet service,No internet service,No internet service,No internet service,Two year,Yes,Mailed check,82.42,5110.6,No
CUST-06335,Female,0,Yes,Yes,1,Yes,Yes,Fiber optic,No,No,Yes,No,No,Yes,One year,Yes,Mailed check,65.52,98.82,Yes
CUST-06336,Female,0,Yes,Yes,49,Yes,Yes,Fiber optic,Yes,Yes,No,Yes,No,No,Month-to-month,No,Mailed check,125.0,6115.61,No
CUST-06337,Male,0,Yes,No,29,Yes,No,Fiber optic,No,No,No,Yes,No,No,One year,Yes,Mailed check,125.0,3612.47,No
CUST-06338,Female,0,No,Yes,2,Yes,No,No,No internet service,No internet service,No internet service,No internet service,No internet service,No internet service,One year,Yes,Credit card (automatic),69.19,182.86,No
CUST-06339,Male,0,No,Yes,27,No,No phone service,DSL,No,Yes,No,No,No,No,One year,No,Mailed check,36.26,1022.53,No
CUST-06340,Male,0,Yes,No,47,Yes,No,Fiber optic,No,No,No,Yes,No,No,Month-to-month,Yes,Credit card (automatic),68.48,3249.91,No
CUST-06341,Female,0,Yes,Yes,46,Yes,No,No,No internet service,No internet service,No internet service,No internet service,No internet service,No internet service,Month-to-month,Yes,Electronic check,65.78,3017.61,Yes
CUST-06342,Male,1,Yes,No,62,No,No phone service,Fiber optic,No,No,No,Yes,No,No,One year,No,Mailed check,89.45,5630.41,No
CUST-06343,Male,0,No,Yes,72,Yes,Yes,Fiber optic,Yes,No,Yes,Yes,No,No,Month-to-month,Yes,Mailed check,125.0,8952.33,No
CUST-06344,Male,0,Yes,Yes,4,Yes,Yes,DSL,Yes,No,Yes,Yes,Yes,No,Month-to-month,Yes,Electronic check,117.68,476.98,Yes
CUST-06345,Female,0,No,No,62,No,No phone service,DSL,No,No,Yes,Yes,No,No,Two year,No,Credit card (automatic),78.34,4807.1,No
CUST-06346,Male,0,Yes,No,1,Yes,No,DSL,Yes,Yes,No,No,No,No,One year,Yes,Bank transfer (automatic),18.25,25.21,No
CUST-06347,Male,0,Yes,No,71,Yes,Yes,Fiber optic,No,Yes,Yes,No,No,No,Two year,Yes,Mailed check,44.22,3128.32,No
CUST-06348,Male,1,Yes,No,56,Yes,No,DSL,No,No,No,Yes,No,Yes,Month-to-month,Yes,Electronic check,32.12,1862.1,No
CUST-06349,Female,0,No,No,69,Yes,Yes,Fiber optic,No,No,Yes,No,Yes,No,Month-to-month,Yes,Credit card (automatic),121.98,8418.47,No
CUST-06350,Male,0,No,No,5,No,No phone service,Fiber optic,No,No,No,No,Yes,No,Month-to-month,No,Mailed check,51.56,322.63,Yes
CUST-06351,Female,0,Yes,No,6,Yes,No,DSL,No,No,No,No,No,No,Month-to-month,Yes,Electronic check,21.25,121.25,Yes
CUST-06352,Female,0,Yes,Yes,71,Yes,Yes,DSL,No,Yes,No,No,Yes,No,Month-to-month,Yes,Electronic check,121.75,8624.42,No
CUST-06353,Female,0,Yes,Yes,21,Yes,Yes,Fiber optic,Yes,No,No,Yes,Yes,Yes,Two year,Yes,Credit card (automatic),67.72,1443.36,No
CUST-06354,Male,0,Yes,No,28,Yes,No,Fiber optic,No,Yes,No,Yes,No,No,Two year,Yes,Mailed check,85.95,2314.09,Yes
CUST-06355,Male,0,Yes,No,22,Yes,No,Fiber optic,No,Yes,Yes,Yes,No,No,Month-to-month,Yes,Bank transfer (automatic),93.97,2054.13,No
CUST-06356,Female,1,Yes,No,12,No,No phone service,No,No internet service,No internet service,No internet service,No internet service,No internet service,No internet service,Month-to-month,Yes,Mailed check,93.06,1128.68,Yes
CUST-06357,Male,0,No,No,6,Yes,No,No,No internet service,No internet service,No internet service,No internet service,No internet service,No internet service,Month-to-month,No,Credit card (automatic),23.63,246.19,No
CUST-06358,Female,0,No,No,10,Yes,No,Fiber optic,No,Yes,No,Yes,Yes,No,Two year,Yes,Electronic check,41.71,448.12,Yes
CUST-06359,Female,0,No,No,61,Yes,No,Fiber optic,No,No,No,No,Yes,Yes,One year,Yes,Credit card (automatic),125.0,7546.0,Yes
CUST-06360,Male,0,No,No,2,Yes,No,Fiber optic,No,No,Yes,No,Yes,No,Two year,No,Bank transfer (automatic),49.55,70.84,No
CUST-06361,Male,0,No,No,65,Yes,Yes,Fiber optic,No,No,No,Yes,Yes,No,Two year,Yes,Credit card (automatic),76.83,4945.51,No
CUST-06362,Male,0,No,Yes,16,No,No phone service,DSL,Yes,No,No,Yes,Yes,No,Month-to-month,No,Mailed check,121.75,1970.84,Yes
CUST-06363,Male,0,Yes,No,44,No,No phone service,No,No internet service,No internet service,No internet service,No internet service,No internet service,No internet service,Month-to-month,Yes,Electronic check,121.56,5392.81,No
CUST-06364,Female,1,Yes,No,19,Yes,Yes,No,No internet service,No internet service,No internet service,No internet service,No internet service,No internet service,Month-to-month,Yes,Mailed check,88.37,1614.01,No
CUST-06365,Male,0,Yes,No,65,Yes,Yes,Fiber optic,No,Yes,Yes,No,No,No,Month-to-month,Yes,Bank transfer (automatic),66.97,4407.35,No
CUST-06366,Female,0,No,No,3,No,No phone service,Fiber optic,No,No,Yes,No,No,Yes,Two year,Yes,Mailed check,92.03,237.77,Yes
CUST-06367,Male,0,Yes,No,52,Yes,No,Fiber optic,No,No,Yes,No,No,No,One year,No,Credit card (automatic),50.2,2573.02,No
CUST-06368,Female,1,Yes,Yes,68,Yes,Yes,DSL,Yes,No,No,No,No,No,Month-to-month,Yes,Credit card (automatic),93.31,6292.78,No
CUST-06369,Female,0,No,No,32,Yes,No,DSL,Yes,No,Yes,No,Yes,No,Month-to-month,No,Credit card (automatic),92.87,2948.12,No
CUST-06370,Female,0,No,Yes,33,Yes,No,DSL,Yes,No,Yes,No,Yes,No,Two year,Yes,Mailed check,32.2,1065.65,No
CUST-06371,Male,0,No,Yes,11,No,No phone service,No,No internet service,No internet service,No internet service,No internet service,No internet service,No internet service,Month-to-month,No,Mailed check,121.75,1395.01,Yes
CUST-06372,Female,1,No,No,64,Yes,No,Fiber optic,No,Yes,No,No,No,No,Month-to-month,No,Mailed check,105.21,6677.62,No
CUST-06373,Male,0,No,Yes,70,Yes,Yes,Fiber optic,Yes,Yes,No,Yes,No,No,Two year,Yes,Mailed check,61.96,4283.52,No
CUST-06374,Male,0,No,No,36,Yes,No,DSL,Yes,Yes,No,No,No,No,Month-to-month,Yes,Electronic check,118.89,4322.48,Yes
CUST-06375,Female,0,Yes,No,50,Yes,Yes,No,No internet service,No internet service,No internet service,No internet service,No internet service,No internet service,Month-to-month,Yes,Electronic check,74.42,3708.24,No
CUST-06376,Male,0,No,No,55,No,No phone service,No,No internet service,No internet service,No internet service,No internet service,No internet service,No internet service,Two year,No,Mailed check,67.05,3659.07,No
CUST-06377,Female,0,No,No,26,Yes,Yes,No,No internet service,No internet service,No internet service,No internet service,No internet service,No internet service,Two year,No,Bank transfer (automatic),51.35,1347.35,No
CUST-06378,Female,1,Yes,No,1,Yes,No,Fiber optic,No,Yes,Yes,No,Yes,No,Two year,No,Credit card (automatic),109.56,86.64,Yes
CUST-06379,Male,0,No,No,10,No,No phone service,Fiber optic,No,Yes,Yes,Yes,No,Yes,Month-to-month,Yes,Bank transfer (automatic),125.0,1209.77,Yes
CUST-06380,Female,0,No,Yes,65,Yes,Yes,Fiber optic,No,No,No,No,No,No,Two year,No,Mailed check,77.0,4993.13,No
CUST-06381,Female,0,No,No,58,Yes,Yes,DSL,No,No,Yes,No,No,Yes,One year,Yes,Electronic check,74.64,4341.38,No
CUST-06382,Female,0,No,No,7,Yes,No,Fiber optic,Yes,No,Yes,Yes,No,No,Month-to-month,Yes,Credit card (automatic),62.31,387.58,No
CUST-06383,Male,0,Yes,No,58,Yes,Yes,Fiber optic,No,No,Yes,No,No,Yes,Month-to-month,No,Electronic check,75.71,4437.98,Yes
CUST-06384,Female,0,Yes,No,64,Yes,Yes,Fiber optic,Yes,No,Yes,No,Yes,Yes,Two year,Yes,Credit card (automatic),102.28,,No
CUST-06385,Female,0,Yes,No,40,Yes,Yes,Fiber optic,No,Yes,No,No,No,No,Month-to-month,Yes,Electronic check,114.72,4581.8,Yes
CUST-06386,Male,0,No,No,33,Yes,Yes,DSL,No,No,No,No,Yes,Yes,Month-to-month,No,Mailed check,68.59,2238.27,No
CUST-06387,Female,0,No,No,72,Yes,Yes,Fiber optic,Yes,No,Yes,No,No,No,Month-to-month,No,Bank transfer (automatic),79.27,5690.0,No
CUST-06388,Male,1,No,Yes,63,No,No phone service,Fiber optic,No,No,No,Yes,No,No,Month-to-month,Yes,Electronic check,83.98,5257.5,No
CUST-06389,Female,0,No,No,28,Yes,Yes,Fiber optic,No,No,Yes,No,Yes,No,Month-to-month,Yes,Electronic check,67.01,1928.05,Yes
CUST-06390,Male,0,No,No,35,Yes,No,No,No internet service,No internet service,No internet service,No internet service,No internet service,No internet service,Month-to-month,No,Electronic check,97.3,3413.25,No
CUST-06391,Male,1,Yes,No,68,Yes,No,DSL,No,No,No,No,No,Yes,Month-to-month,No,Credit card (automatic),81.97,5552.71,No
CUST-06392,Female,0,Yes,No,67,Yes,Yes,Fiber optic,Yes,No,Yes,Yes,Yes,Yes,Month-to-month,No,Mailed check,99.83,6650.95,No
CUST-06393,Female,0,Yes,No,46,Yes,No,Fiber optic,No,No,No,No,Yes,Yes,Two year,No,Electronic check,50.7,2311.6,No
CUST-06394,Male,0,No,No,47,Yes,Yes,Fiber optic,Yes,Yes,No,Yes,Yes,No,One year,Yes,Mailed check,111.65,5269.83,No
CUST-06395,Male,0,Yes,Yes,54,Yes,No,No,No internet service,No internet service,No internet service,No internet service,No internet service,No internet service,Month-to-month,Yes,Credit card (automatic),52.54,2821.36,No
CUST-06396,Female,0,No,Yes,21,Yes,Yes,Fiber optic,Yes,No,Yes,No,Yes,No,One year,Yes,Electronic check,70.43,1469.17,No
CUST-06397,Male,0,No,No,67,Yes,Yes,No,No internet service,No internet service,No internet service,No internet service,No internet service,No internet service,Two year,Yes,Electronic check,43.77,2938.16,No
CUST-06398,Female,1,Yes,No,22,Yes,No,DSL,No,No,No,No,Yes,No,Month-to-month,Yes,Mailed check,55.19,1189.13,No
CUST-06399,Male,0,No,Yes,60,Yes,No,No,No internet service,No internet service,No internet service,No internet service,No internet service,No internet service,One year,No,Bank transfer (automatic),65.6,3931.48,No
CUST-06400,Male,0,No,No,60,Yes,No,No,No internet service,No internet service,No internet service,No internet service,No internet service,No internet service,Month-to-month,No,Electronic check,65.18,4003.38,No
CUST-06401,Male,0,No,Yes,21,Yes,No,DSL,No,No,Yes,No,No,Yes,One year,No,Electronic check,52.88,1118.88,No
CUST-06402,Male,0,Yes,No,59,Yes,No,Fiber optic,No,Yes,No,No,Yes,No,One year,No,Bank transfer (automatic),124.44,7351.97,No
CUST-06403,Female,0,Yes,No,63,Yes,Yes,Fiber optic,No,No,Yes,No,No,No,Month-to-month,No,Credit card (automatic),109.86,6888.13,Yes
CUST-06404,Male,1,Yes,No,36,Yes,Yes,No,No internet service,No internet service,No internet service,No internet service,No internet service,No internet service,One year,Yes,Electronic check,88.2,3214.26,No
CUST-06405,Male,0,No,No,39,Yes,No,DSL,Yes,Yes,Yes,No,Yes,Yes,Month-to-month,Yes,Mailed check,108.24,4192.37,No
CUST-06406,Male,0,No,Yes,37,Yes,Yes,Fiber optic,Yes,No,No,No,No,Yes,Two year,Yes,Electronic check,70.12,2609.27,No
CUST-06407,Male,0,No,No,4,Yes,No,Fiber optic,No,Yes,Yes,Yes,No,No,Month-to-month,Yes,Credit card (automatic),92.59,277.16,Yes
CUST-06408,Male,0,No,No,39,Yes,Yes,DSL,Yes,No,No,Yes,No,No,Month-to-month,Yes,Electronic check,73.27,2821.72,No
CUST-06409,Male,0,Yes,No,49,Yes,No,No,No internet service,No internet service,No internet service,No internet service,No internet service,No internet service,Two year,No,Mailed check,18.25,869.22,No
CUST-06410,Male,0,No,Yes,41,No,No phone service,Fiber optic,No,Yes,Yes,No,Yes,No,Month-to-month,Yes,Electronic check,107.19,4380.98,No
CUST-06411,Male,0,Yes,Yes,36,Yes,Yes,Fiber optic,Yes,Yes,Yes,Yes,No,Yes,One year,Yes,Mailed check,71.38,2551.09,No
CUST-06412,Female,0,Yes,Yes,37,Yes,No,No,No internet service,No internet service,No internet service,No internet service,No internet service,No internet service,Month-to-month,Yes,Credit card (automatic),76.3,2877.71,No
CUST-06413,Female,1,No,No,39,Yes,No,No,No internet service,No internet service,No internet service,No internet service,No internet service,No internet service,Month-to-month,No,Bank transfer (automatic),53.39,2079.22,No
CUST-06414,Female,0,No,Yes,67,Yes,No,No,No internet service,No internet service,No internet service,No internet service,No internet service,No internet service,Two year,No,Electronic check,68.28,4629.76,No
CUST-06415,Female,0,No,No,30,Yes,Yes,DSL,No,No,No,Yes,No,No,Month-to-month,Yes,Credit card (automatic),121.75,3610.36,Yes
CUST-06416,Female,0,No,No,17,Yes,No,No,No internet service,No internet service,No internet service,No internet service,No internet service,No internet service,Month-to-month,Yes,Mailed check,21.25,306.51,No
CUST-06417,Female,0,Yes,No,5,Yes,Yes,DSL,No,No,No,Yes,No,No,Two year,Yes,Bank transfer (automatic),97.61,555.38,No
CUST-06418,Female,0,Yes,No,63,Yes,No,Fiber optic,Yes,No,Yes,Yes,Yes,Yes,One year,No,Mailed check,125.0,7834.29,No
CUST-06419,Male,1,Yes,No,13,Yes,Yes,No,No internet service,No internet service,No internet service,No internet service,No internet service,No internet service,Month-to-month,No,Electronic check,21.25,289.02,Yes
CUST-06420,Female,0,No,No,31,No,No phone service,DSL,No,Yes,No,Yes,No,No,Month-to-month,No,Credit card (automatic),53.1,1634.44,No
CUST-06421,Male,0,No,No,55,Yes,No,DSL,No,No,No,No,No,No,Month-to-month,Yes,Credit card (automatic),90.07,4902.8,No
CUST-06422,Female,0,Yes,No,13,Yes,Yes,No,No internet service,No internet service,No internet service,No internet service,No internet service,No internet service,Month-to-month,Yes,Electronic check,60.71,727.63,No
CUST-06423,Female,0,Yes,No,17,Yes,Yes,DSL,No,No,No,Yes,Yes,Yes,Month-to-month,Yes,Electronic check,54.45,888.58,Yes
CUST-06424,Male,0,No,No,46,Yes,No,DSL,No,No,No,No,No,Yes,Month-to-month,No,Mailed check,93.82,4296.05,No
CUST-06425,Male,0,No,No,46,Yes,No,DSL,Yes,Yes,No,No,Yes,Yes,Month-to-month,Yes,Credit card (automatic),21.25,996.06,No
CUST-06426,Male,0,Yes,No,18,Yes,No,Fiber optic,No,Yes,No,Yes,No,Yes,Two year,Yes,Electronic check,104.79,1889.38,No
CUST-06427,Male,0,Yes,No,40,Yes,Yes,Fiber optic,Yes,No,No,Yes,No,No,Two year,Yes,Bank transfer (automatic),106.09,4228.28,No
CUST-06428,Male,0,No,Yes,51,Yes,Yes,Fiber optic,No,Yes,No,No,No,Yes,Month-to-month,Yes,Electronic check,118.33,6081.36,No
CUST-06429,Male,0,No,Yes,16,Yes,Yes,No,No internet service,No internet service,No internet service,No internet service,No internet service,No internet service,Month-to-month,No,Credit card (automatic),88.49,1475.37,No
CUST-06430,Female,1,Yes,No,32,No,No phone service,Fiber optic,No,No,No,No,Yes,No,One year,Yes,Bank transfer (automatic),108.18,3468.84,No
CUST-06431,Male,0,Yes,No,21,Yes,No,Fiber optic,Yes,No,No,No,No,Yes,Month-to-month,Yes,Mailed check,85.32,1770.17,Yes
CUST-06432,Male,0,No,Yes,68,Yes,Yes,Fiber optic,No,Yes,No,Yes,Yes,Yes,Month-to-month,No,Mailed check,33.25,2260.27,No
CUST-06433,Female,0,No,No,28,Yes,No,No,No internet service,No internet service,No internet service,No internet service,No internet service,No internet service,Month-to-month,No,Bank transfer (automatic),58.69,1654.84,Yes
CUST-06434,Female,0,Yes,No,62,Yes,Yes,DSL,Yes,No,Yes,Yes,No,Yes,Two year,Yes,Electronic check,63.43,3867.1,No
CUST-06435,Male,0,No,No,64,Yes,No,No,No internet service,No internet service,No internet service,No internet service,No internet service,No internet service,Month-to-month,No,Credit card (automatic),65.46,4186.38,No
CUST-06436,Female,0,No,Yes,13,Yes,Yes,DSL,Yes,No,No,No,Yes,No,Month-to-month,Yes,Bank transfer (automatic),51.25,667.81,No
CUST-06437,Male,0,Yes,No,68,Yes,No,No,No internet service,No internet service,No internet service,No internet service,No internet service,No internet service,Month-to-month,No,Mailed check,58.14,3908.5,No
CUST-06438,Female,0,Yes,Yes,4,Yes,No,No,No internet service,No internet service,No internet service,No internet service,No internet service,No internet service,Month-to-month,Yes,Credit card (automatic),92.8,346.15,No
CUST-06439,Female,0,No,No,28,Yes,Yes,DSL,No,No,No,No,Yes,No,One year,No,Bank transfer (automatic),77.57,2138.15,No
CUST-06440,Female,0,No,Yes,12,Yes,No,DSL,No,No,No,Yes,No,No,Month-to-month,No,Credit card (automatic),46.76,615.55,No
CUST-06441,Male,0,Yes,No,4,Yes,No,DSL,No,Yes,No,No,No,No,One year,No,Electronic check,88.93,300.49,Yes
CUST-06442,Female,1,No,Yes,40,Yes,No,Fiber optic,No,Yes,No,No,No,No,Two year,No,Electronic check,87.23,3506.24,No
CUST-06443,Male,0,Yes,Yes,44,Yes,Yes,Fiber optic,No,No,No,Yes,No,Yes,Two year,No,Electronic check,36.74,1689.75,No
CUST-06444,Male,0,No,No,42,No,No phone service,DSL,Yes,Yes,Yes,No,Yes,No,One year,Yes,Credit card (automatic),73.8,3095.38,No
CUST-06445,Female,0,Yes,No,31,Yes,Yes,DSL,Yes,No,No,No,No,Yes,Month-to-month,No,Bank transfer (automatic),89.52,2837.6,No
CUST-06446,Male,0,Yes,Yes,57,Yes,No,Fiber optic,No,Yes,No,No,Yes,Yes,Two year,No,Credit card (automatic),55.9,3190.86,No
CUST-06447,Female,0,Yes,No,36,Yes,Yes,DSL,Yes,No,No,No,Yes,Yes,Two year,Yes,Electronic check,73.95,2684.08,No
CUST-06448,Male,0,No,Yes,39,Yes,No,Fiber optic,Yes,Yes,Yes,No,No,No,Month-to-month,Yes,Mailed check,54.35,2057.5,No
CUST-06449,Female,0,No,Yes,32,Yes,No,DSL,Yes,Yes,Yes,Yes,Yes,No,One year,No,Electronic check,49.31,1635.65,No
CUST-06450,Female,0,No,Yes,15,Yes,No,DSL,Yes,Yes,No,No,Yes,Yes,Month-to-month,Yes,Credit card (automatic),82.48,1223.69,No
CUST-06451,Male,1,Yes,No,48,Yes,No,DSL,No,Yes,No,No,No,No,One year,No,Credit card (automatic),112.6,5401.55,No
CUST-06452,Male,0,No,No,60,Yes,No,DSL,Yes,No,No,Yes,No,No,Two year,Yes,Credit card (automatic),84.73,5067.88,No
CUST-06453,Male,0,No,Yes,22,Yes,Yes,DSL,Yes,Yes,Yes,No,No,No,Month-to-month,Yes,Electronic check,49.0,1043.85,No
CUST-06454,Male,0,No,No,34,Yes,No,DSL,No,Yes,No,Yes,No,No,Month-to-month,Yes,Mailed check,89.62,3083.67,No
CUST-06455,Female,0,Yes,Yes,65,Yes,No,DSL,Yes,No,No,No,No,Yes,Month-to-month,No,Credit card (automatic),68.67,4446.73,No
CUST-06456,Female,1,No,Yes,15,Yes,No,Fiber optic,Yes,No,No,No,No,No,Month-to-month,Yes,Bank transfer (automatic),116.28,1708.37,Yes
CUST-06457,Female,0,Yes,No,31,Yes,Yes,Fiber optic,No,No,No,Yes,No,Yes,Month-to-month,Yes,Electronic check,92.45,2832.7,No
CUST-06458,Male,0,Yes,No,20,Yes,No,Fiber optic,No,Yes,Yes,No,No,No,Two year,Yes,Credit card (automatic),47.85,914.2,No
CUST-06459,Female,0,No,No,25,Yes,No,No,No internet service,No internet service,No internet service,No internet service,No internet service,No internet service,Month-to-month,Yes,Mailed check,73.03,1893.15,No
CUST-06460,Female,0,Yes,Yes,34,Yes,No,Fiber optic,Yes,No,Yes,No,Yes,No,Month-to-month,No,Electronic check,83.84,2856.32,No
CUST-06461,Female,1,Yes,Yes,67,No,No phone service,DSL,No,No,Yes,Yes,No,No,Month-to-month,Yes,Mailed check,21.25,1387.83,No
CUST-06462,Female,0,No,No,1,Yes,No,Fiber optic,No,No,Yes,No,No,No,Month-to-month,Yes,Electronic check,94.67,57.73,Yes
CUST-06463,Female,0,Yes,No,26,Yes,No,Fiber optic,No,No,No,Yes,Yes,No,Month-to-month,Yes,Electronic check,125.0,3296.53,No
CUST-06464,Female,1,No,No,63,Yes,No,Fiber optic,No,No,Yes,Yes,No,No,Two year,No,Mailed check,65.65,4148.02,No
CUST-06465,Female,0,No,Yes,6,Yes,Yes,DSL,Yes,No,No,No,No,No,Month-to-month,No,Credit card (automatic),21.25,60.32,Yes
CUST-06466,Male,0,No,No,37,Yes,No,No,No internet service,No internet service,No internet service,No internet service,No internet service,No internet service,Month-to-month,Yes,Electronic check,58.76,2039.49,No
CUST-06467,Female,0,Yes,Yes,12,No,No phone service,DSL,No,No,Yes,No,No,No,Two year,No,Mailed check,118.75,1431.38,No
CUST-06468,Female,0,No,No,41,Yes,No,Fiber optic,No,No,No,No,Yes,No,Two year,Yes,Bank transfer (automatic),50.03,2112.84,No
CUST-06469,Male,0,No,No,52,Yes,Yes,Fiber optic,No,No,No,No,No,No,One year,No,Credit card (automatic),118.19,6110.77,No
CUST-06470,Female,0,Yes,Yes,46,Yes,No,No,No internet service,No internet service,No internet service,No internet service,No internet service,No internet service,Month-to-month,No,Bank transfer (automatic),50.75,2361.97,No
CUST-06471,Female,0,No,No,41,Yes,Yes,No,No internet service,No internet service,No internet service,No internet service,No internet service,No internet service,Two year,No,Mailed check,79.11,3323.57,Yes
CUST-06472,Female,0,No,No,54,Yes,Yes,No,No internet service,No internet service,No internet service,No internet service,No internet service,No internet service,Month-to-month,Yes,Mailed check,71.02,3776.24,No
CUST-06473,Female,0,Yes,No,39,No,No phone service,Fiber optic,Yes,Yes,No,No,No,No,Month-to-month,Yes,Mailed check,56.72,2168.54,Yes
CUST-06474,Male,0,Yes,No,45,Yes,Yes,Fiber optic,No,Yes,No,No,No,Yes,Two year,Yes,Bank transfer (automatic),53.07,2372.34,No
CUST-06475,Female,0,No,No,6,Yes,Yes,DSL,Yes,No,No,Yes,Yes,Yes,One year,Yes,Credit card (automatic),103.45,637.85,No
CUST-06476,Female,0,Yes,Yes,2,Yes,No,Fiber optic,Yes,No,No,Yes,No,Yes,Month-to-month,No,Mailed check,124.86,265.09,Yes
CUST-06477,Female,0,No,No,12,Yes,No,No,No internet service,No internet service,No internet service,No internet service,No internet service,No internet service,Month-to-month,No,Electronic check,83.17,992.52,No
CUST-06478,Female,0,Yes,No,39,Yes,Yes,DSL,No,No,No,No,No,No,Month-to-month,No,Mailed check,46.4,1925.56,No
CUST-06479,Male,0,Yes,No,29,No,No phone service,DSL,No,No,No,Yes,No,No,Two year,Yes,Bank transfer (automatic),67.0,1979.97,No
CUST-06480,Female,0,No,No,27,Yes,No,No,No internet service,No internet service,No internet service,No internet service,No internet service,No internet service,Two year,Yes,Electronic check,63.57,1701.18,No
CUST-06481,Male,0,No,Yes,33,Yes,No,DSL,No,No,No,Yes,No,Yes,Two year,No,Bank transfer (automatic),83.58,2749.66,No
CUST-06482,Male,0,Yes,Yes,72,Yes,No,DSL,No,Yes,Yes,No,No,No,Month-to-month,Yes,Credit card (automatic),70.1,5030.45,No
CUST-06483,Male,0,No,Yes,28,Yes,No,No,No internet service,No internet service,No internet service,No internet service,No internet service,No internet service,Two year,No,Bank transfer (automatic),53.95,1566.91,No
CUST-06484,Male,0,Yes,No,32,Yes,No,Fiber optic,Yes,No,No,Yes,No,No,Month-to-month,Yes,Credit card (automatic),69.47,2154.78,No
CUST-06485,Male,0,Yes,No,37,Yes,No,No,No internet service,No internet service,No internet service,No internet service,No internet service,No internet service,Month-to-month,Yes,Electronic check,68.43,2521.24,No
CUST-06486,Male,1,No,No,56,No,No phone service,DSL,No,Yes,No,No,Yes,Yes,Two year,Yes,Mailed check,114.24,6312.51,No
CUST-06487,Male,0,Yes,No,53,Yes,No,DSL,No,Yes,No,No,Yes,No,Two year,Yes,Electronic check,118.75,6307.57,No
CUST-06488,Female,0,No,No,71,Yes,No,DSL,No,Yes,No,Yes,Yes,No,Two year,No,Bank transfer (automatic),84.44,6018.23,No
CUST-06489,Female,0,Yes,No,46,Yes,Yes,DSL,Yes,No,No,No,No,Yes,Month-to-month,No,Bank transfer (automatic),80.63,3644.73,No
CUST-06490,Female,0,No,No,69,Yes,Yes,Fiber optic,No,Yes,No,No,No,No,Two year,Yes,Electronic check,57.83,3918.32,No
CUST-06491,Male,0,Yes,No,45,Yes,No,Fiber optic,Yes,Yes,No,No,No,No,One year,Yes,Electronic check,73.59,3312.57,No
CUST-06492,Male,0,No,No,39,Yes,Yes,Fiber optic,No,No,No,No,No,No,One year,No,Credit card (automatic),83.04,3254.38,No
CUST-06493,Female,1,No,No,41,Yes,No,Fiber optic,No,No,No,Yes,No,No,Month-to-month,Yes,Credit card (automatic),114.1,4612.83,No
CUST-06494,Female,0,Yes,No,35,Yes,Yes,DSL,No,No,No,No,No,Yes,Month-to-month,Yes,Electronic check,66.39,2311.44,No
CUST-06495,Female,0,Yes,No,15,Yes,Yes,Fiber optic,No,No,Yes,Yes,No,Yes,Month-to-month,Yes,Mailed check,64.35,995.03,Yes
CUST-06496,Male,0,No,No,27,Yes,Yes,DSL,Yes,No,No,Yes,No,Yes,One year,Yes,Electronic check,66.49,1816.92,No
CUST-06497,Male,0,Yes,No,44,Yes,No,DSL,No,Yes,Yes,No,Yes,No,Two year,No,Electronic check,99.92,4377.75,No
CUST-06498,Male,0,No,No,44,Yes,No,No,No internet service,No internet service,No internet service,No internet service,No internet service,No internet service,One year,Yes,Electronic check,90.47,3949.47,No
CUST-06499,Female,0,No,Yes,12,Yes,No,No,No internet service,No internet service,No internet service,No internet service,No internet service,No internet service,One year,No,Mailed check,79.82,846.35,No
CUST-06500,Female,0,No,No,58,Yes,Yes,DSL,Yes,No,No,No,Yes,No,Month-to-month,Yes,Electronic check,73.74,4242.4,No
CUST-06501,Female,0,Yes,No,52,Yes,No,DSL,Yes,No,No,Yes,No,No,Month-to-month,No,Credit card (automatic),54.31,2838.84,No
CUST-06502,Male,1,Yes,Yes,38,Yes,Yes,Fiber optic,Yes,No,No,Yes,No,Yes,Two year,Yes,Electronic check,75.97,2884.89,No
CUST-06503,Male,0,Yes,No,33,Yes,Yes,Fiber optic,Yes,No,No,No,No,No,Month-to-month,Yes,Bank transfer (automatic),70.52,2360.92,No
CUST-06504,Male,0,Yes,Yes,41,Yes,Yes,No,No internet service,No internet service,No internet service,No internet service,No internet service,No internet service,One year,Yes,Electronic check,46.33,,No
CUST-06505,Female,1,Yes,No,42,No,No phone service,Fiber optic,Yes,Yes,No,No,No,Yes,Month-to-month,Yes,Credit card (automatic),65.12,2735.03,Yes
CUST-06506,Female,0,No,Yes,31,Yes,No,DSL,No,Yes,Yes,No,Yes,No,One year,Yes,Electronic check,64.99,1922.3,No
CUST-06507,Male,1,Yes,Yes,63,Yes,No,Fiber optic,Yes,No,No,Yes,Yes,No,Month-to-month,No,Credit card (automatic),98.93,6209.92,No
CUST-06508,Female,0,Yes,No,12,Yes,Yes,DSL,No,Yes,Yes,No,No,Yes,Month-to-month,Yes,Electronic check,75.17,953.93,Yes
CUST-06509,Male,0,Yes,Yes,27,Yes,No,Fiber optic,No,No,No,Yes,Yes,Yes,Month-to-month,No,Credit card (automatic),81.6,2257.92,Yes
CUST-06510,Female,0,Yes,No,29,Yes,Yes,Fiber optic,No,Yes,Yes,Yes,No,No,Two year,No,Mailed check,92.9,2619.59,No
CUST-06511,Female,0,No,No,8,Yes,Yes,No,No internet service,No internet service,No internet service,No internet service,No internet service,No internet service,Month-to-month,Yes,Electronic check,39.33,275.69,No
CUST-06512,Male,0,Yes,No,7,Yes,No,DSL,Yes,No,Yes,Yes,No,No,Two year,No,Electronic check,18.25,118.21,No
CUST-06513,Female,1,No,Yes,65,Yes,No,Fiber optic,Yes,No,No,Yes,No,No,Month-to-month,No,Bank transfer (automatic),42.92,2830.85,No
CUST-06514,Female,1,No,Yes,56,Yes,No,DSL,Yes,No,No,Yes,Yes,No,Two year,Yes,Mailed check,86.49,4803.11,No
CUST-06515,Male,1,Yes,Yes,27,Yes,Yes,No,No internet service,No internet service,No internet service,No internet service,No internet service,No internet service,Month-to-month,No,Credit card (automatic),121.75,3313.55,Yes
CUST-06516,Female,0,No,No,20,Yes,Yes,DSL,No,No,No,Yes,Yes,No,Two year,Yes,Mailed check,60.73,1091.15,No
CUST-06517,Female,0,Yes,No,30,Yes,No,DSL,No,No,No,Yes,No,Yes,Month-to-month,Yes,Credit card (automatic),89.54,2679.12,No
CUST-06518,Male,0,Yes,Yes,51,Yes,No,DSL,No,Yes,No,Yes,No,Yes,Month-to-month,Yes,Electronic check,28.24,1386.41,No
CUST-06519,Female,0,No,Yes,22,Yes,No,No,No internet service,No internet service,No internet service,No internet service,No internet service,No internet service,One year,Yes,Electronic check,27.0,580.9,No
CUST-06520,Female,0,No,Yes,5,Yes,Yes,DSL,Yes,No,No,No,No,No,Two year,No,Mailed check,69.52,278.2,Yes
CUST-06521,Female,0,Yes,Yes,31,Yes,Yes,Fiber optic,No,No,No,Yes,No,No,Two year,Yes,Electronic check,125.0,3876.03,No
CUST-06522,Female,0,No,Yes,44,Yes,No,DSL,Yes,No,No,No,No,No,Two year,Yes,Electronic check,71.6,3175.26,No
CUST-06523,Female,0,Yes,No,38,Yes,No,Fiber optic,No,No,No,Yes,No,Yes,Two year,Yes,Electronic check,35.56,1360.86,No
CUST-06524,Male,0,No,Yes,13,Yes,No,No,No internet service,No internet service,No internet service,No internet service,No internet service,No internet service,Two year,No,Credit card (automatic),55.67,773.95,Yes
CUST-06525,Female,0,No,No,61,Yes,No,DSL,No,Yes,No,No,Yes,No,One year,Yes,Bank transfer (automatic),30.91,1890.95,No
CUST-06526,Female,0,Yes,Yes,46,Yes,No,Fiber optic,No,No,No,Yes,No,Yes,Month-to-month,No,Electronic check,94.67,4362.01,No
CUST-06527,Female,1,No,No,52,Yes,No,Fiber optic,No,Yes,Yes,Yes,Yes,No,Month-to-month,No,Electronic check,56.68,2920.66,No
CUST-06528,Female,0,No,No,69,Yes,Yes,Fiber optic,No,No,Yes,No,Yes,No,Month-to-month,Yes,Credit card (automatic),117.05,8094.99,No
CUST-06529,Male,0,Yes,Yes,37,No,No phone service,DSL,No,No,Yes,Yes,Yes,No,Two year,No,Mailed check,41.01,1493.61,No
CUST-06530,Female,0,No,No,42,No,No phone service,DSL,Yes,No,No,No,No,No,Month-to-month,Yes,Electronic check,45.26,1886.37,No
CUST-06531,Female,0,No,Yes,55,Yes,No,No,No internet service,No internet service,No internet service,No internet service,No internet service,No internet service,Two year,No,Mailed check,118.75,6579.51,No
CUST-06532,Female,0,Yes,No,56,Yes,Yes,Fiber optic,No,No,Yes,Yes,No,No,Two year,Yes,Credit card (automatic),39.12,2267.49,No
CUST-06533,Female,0,No,No,62,Yes,Yes,DSL,Yes,No,No,Yes,No,Yes,Month-to-month,No,Bank transfer (automatic),108.78,6729.24,Yes
CUST-06534,Female,0,No,No,51,Yes,No,DSL,No,No,No,Yes,No,No,Month-to-month,Yes,Bank transfer (automatic),45.93,2360.24,No
CUST-06535,Male,0,No,No,5,Yes,No,Fiber optic,Yes,No,No,No,No,Yes,One year,No,Bank transfer (automatic),51.23,221.88,Yes
CUST-06536,Male,0,Yes,Yes,26,Yes,No,No,No internet service,No internet service,No internet service,No internet service,No internet service,No internet service,Month-to-month,Yes,Credit card (automatic),99.55,2558.97,No
CUST-06537,Female,0,No,No,43,Yes,Yes,No,No internet service,No internet service,No internet service,No internet service,No internet service,No internet service,One year,Yes,Bank transfer (automatic),71.01,2942.45,No
CUST-06538,Male,1,No,No,33,Yes,No,Fiber optic,No,Yes,No,Yes,No,No,Month-to-month,Yes,Bank transfer (automatic),53.08,1776.96,Yes
CUST-06539,Female,1,No,No,4,Yes,No,No,No internet service,No internet service,No internet service,No internet service,No internet service,No internet service,Month-to-month,No,Mailed check,55.82,202.76,Yes
CUST-06540,Female,0,Yes,No,20,No,No phone service,Fiber optic,Yes,No,Yes,Yes,No,No,Month-to-month,Yes,Bank transfer (automatic),36.95,814.02,No
CUST-06541,Male,0,No,Yes,23,Yes,No,Fiber optic,No,Yes,No,No,No,No,Two year,No,Bank transfer (automatic),37.05,818.99,No
CUST-06542,Male,0,No,No,3,Yes,No,Fiber optic,No,No,No,No,No,No,Two year,No,Mailed check,90.51,270.94,No
CUST-06543,Female,0,Yes,No,55,Yes,No,No,No internet service,No internet service,No internet service,No internet service,No internet service,No internet service,Month-to-month,Yes,Credit card (automatic),48.62,2707.26,No
CUST-06544,Male,1,Yes,Yes,28,Yes,No,DSL,No,No,No,Yes,No,No,Month-to-month,No,Electronic check,114.65,3322.71,No
CUST-06545,Female,0,No,No,57,No,No phone service,Fiber optic,No,Yes,No,Yes,No,Yes,One year,Yes,Credit card (automatic),57.87,3259.74,No
CUST-06546,Male,1,No,No,63,Yes,Yes,Fiber optic,Yes,No,Yes,No,No,No,Two year,Yes,Electronic check,47.06,2943.38,No
CUST-06547,Male,0,No,No,64,Yes,Yes,DSL,No,No,No,No,Yes,Yes,Two year,No,Credit card (automatic),63.14,4048.21,No
CUST-06548,Male,0,Yes,Yes,66,Yes,No,No,No internet service,No internet service,No internet service,No internet service,No internet service,No internet service,Two year,Yes,Mailed check,52.7,3463.89,No
CUST-06549,Male,0,No,No,36,Yes,Yes,No,No internet service,No internet service,No internet service,No internet service,No internet service,No internet service,Month-to-month,Yes,Bank transfer (automatic),58.92,2152.32,No
CUST-06550,Male,1,Yes,Yes,18,Yes,No,Fiber optic,No,No,No,No,No,No,Month-to-month,Yes,Electronic check,55.96,1014.69,No
CUST-06551,Male,0,No,No,7,Yes,Yes,No,No internet service,No internet service,No internet service,No internet service,No internet service,No internet service,Month-to-month,No,Mailed check,76.98,595.34,Yes
CUST-06552,Male,0,Yes,No,45,Yes,No,DSL,Yes,No,Yes,No,No,No,Month-to-month,Yes,Mailed check,64.66,2898.32,No
CUST-06553,Female,0,Yes,Yes,10,Yes,Yes,No,No internet service,No internet service,No internet service,No internet service,No internet service,No internet service,Month-to-month,No,Credit card (automatic),106.14,1099.83,Yes
CUST-06554,Female,0,No,Yes,18,Yes,No,DSL,Yes,No,Yes,Yes,Yes,No,Month-to-month,Yes,Bank transfer (automatic),121.75,2190.21,Yes
CUST-06555,Female,0,No,Yes,18,Yes,Yes,DSL,No,Yes,No,No,No,Yes,Two year,No,Mailed check,49.68,919.83,No
CUST-06556,Male,0,Yes,No,20,Yes,No,Fiber optic,No,Yes,No,Yes,No,No,One year,No,Credit card (automatic),76.89,1548.12,No
CUST-06557,Female,0,Yes,No,27,Yes,Yes,Fiber optic,No,No,Yes,No,No,No,Two year,No,Bank transfer (automatic),125.0,3372.01,No
CUST-06558,Female,0,No,Yes,24,Yes,Yes,Fiber optic,Yes,No,No,No,No,Yes,Two year,No,Credit card (automatic),30.3,694.08,No
CUST-06559,Male,0,No,No,38,Yes,No,Fiber optic,No,Yes,Yes,No,Yes,Yes,Month-to-month,Yes,Electronic check,125.0,4788.19,No
CUST-06560,Female,0,Yes,No,69,Yes,No,No,No internet service,No internet service,No internet service,No internet service,No internet service,No internet service,Month-to-month,Yes,Mailed check,93.48,6403.06,No
CUST-06561,Male,0,No,Yes,47,Yes,No,Fiber optic,Yes,Yes,No,No,No,Yes,Month-to-month,No,Bank transfer (automatic),33.25,1591.58,No
CUST-06562,Male,1,Yes,No,49,Yes,No,No,No internet service,No internet service,No internet service,No internet service,No internet service,No internet service,Two year,Yes,Credit card (automatic),52.7,2609.97,Yes
CUST-06563,Female,0,No,No,12,Yes,No,DSL,Yes,No,No,Yes,No,No,Month-to-month,No,Bank transfer (automatic),121.75,1560.24,Yes
CUST-06564,Female,0,Yes,No,9,Yes,Yes,No,No internet service,No internet service,No internet service,No internet service,No internet service,No internet service,One year,Yes,Mailed check,82.49,780.6,Yes
CUST-06565,Female,0,Yes,No,14,Yes,Yes,No,No internet service,No internet service,No internet service,No internet service,No internet service,No internet service,Month-to-month,No,Electronic check,54.02,672.14,No
CUST-06566,Female,0,No,Yes,62,Yes,Yes,No,No internet service,No internet service,No internet service,No internet service,No internet service,No internet service,Month-to-month,Yes,Bank transfer (automatic),41.59,2535.54,No
CUST-06567,Female,0,Yes,Yes,13,Yes,Yes,Fiber optic,No,No,No,Yes,No,No,Two year,No,Bank transfer (automatic),30.25,392.26,Yes
CUST-06568,Female,0,No,Yes,71,Yes,No,No,No internet service,No internet service,No internet service,No internet service,No internet service,No internet service,Month-to-month,Yes,Credit card (automatic),80.84,5721.2,No
CUST-06569,Female,0,Yes,Yes,55,No,No phone service,DSL,No,No,No,Yes,Yes,No,One year,No,Mailed check,104.03,5737.69,No
CUST-06570,Female,0,Yes,No,60,Yes,No,DSL,No,No,No,Yes,No,Yes,Month-to-month,No,Electronic check,90.08,5348.38,No
CUST-06571,Male,0,No,No,22,Yes,Yes,Fiber optic,No,No,No,No,No,No,Month-to-month,Yes,Electronic check,82.4,1732.27,Yes
CUST-06572,Male,0,No,No,12,Yes,No,No,No internet service,No internet service,No internet service,No internet service,No internet service,No internet service,One year,Yes,Credit card (automatic),80.2,919.68,No
CUST-06573,Female,1,Yes,No,13,Yes,No,No,No internet service,No internet service,No internet service,No internet service,No internet service,No internet service,Month-to-month,No,Electronic check,64.65,937.01,No
CUST-06574,Male,0,No,No,62,Yes,Yes,Fiber optic,No,Yes,No,Yes,No,Yes,Month-to-month,No,Mailed check,101.53,6343.71,No
CUST-06575,Female,0,Yes,Yes,32,Yes,Yes,Fiber optic,Yes,No,Yes,No,Yes,No,One year,No,Mailed check,33.71,1053.44,No
CUST-06576,Female,1,No,No,30,Yes,No,Fiber optic,No,Yes,Yes,No,No,Yes,Two year,No,Electronic check,42.89,1294.67,No
CUST-06577,Female,0,Yes,Yes,18,Yes,No,DSL,No,Yes,No,No,No,No,Month-to-month,Yes,Credit card (automatic),51.24,877.68,No
CUST-06578,Female,0,No,Yes,26,Yes,No,Fiber optic,No,Yes,Yes,No,Yes,No,Month-to-month,No,Electronic check,40.58,1093.21,No
CUST-06579,Female,1,Yes,No,27,No,No phone service,DSL,No,No,Yes,No,No,No,One year,Yes,Mailed check,117.25,3118.35,No
CUST-06580,Female,0,No,No,54,Yes,No,Fiber optic,No,No,Yes,Yes,No,No,Two year,Yes,Mailed check,69.49,3734.84,No
CUST-06581,Female,1,No,No,60,Yes,Yes,DSL,No,No,No,No,No,Yes,One year,No,Electronic check,67.21,3998.28,No
CUST-06582,Female,0,No,Yes,34,Yes,No,DSL,No,Yes,No,No,No,No,Month-to-month,No,Bank transfer (automatic),99.16,3360.59,No
CUST-06583,Male,0,Yes,No,25,No,No phone service,Fiber optic,No,No,No,No,Yes,No,Month-to-month,Yes,Mailed check,63.73,1606.2,No
CUST-06584,Male,0,Yes,Yes,33,Yes,Yes,Fiber optic,No,Yes,No,No,No,No,Month-to-month,Yes,Electronic check,38.14,1257.68,No
CUST-06585,Male,0,Yes,No,13,Yes,No,No,No internet service,No internet service,No internet service,No internet service,No internet service,No internet service,Two year,Yes,Bank transfer (automatic),44.05,617.24,Yes
CUST-06586,Male,1,No,No,5,Yes,Yes,Fiber optic,No,No,Yes,No,No,Yes,Month-to-month,Yes,Electronic check,67.95,294.87,No
CUST-06587,Male,1,Yes,No,17,Yes,No,DSL,Yes,No,No,No,No,No,One year,Yes,Credit card (automatic),76.89,1195.03,Yes
CUST-06588,Female,0,No,No,2,Yes,Yes,Fiber optic,No,Yes,Yes,No,No,No,One year,No,Electronic check,52.58,112.85,Yes
CUST-06589,Female,0,Yes,No,3,Yes,Yes,DSL,Yes,No,Yes,Yes,No,Yes,Two year,Yes,Mailed check,65.09,268.25,Yes
CUST-06590,Female,0,No,No,18,Yes,No,Fiber optic,No,No,No,No,Yes,Yes,Month-to-month,No,Electronic check,86.33,1508.12,Yes
CUST-06591,Female,0,No,Yes,65,Yes,No,Fiber optic,No,No,No,No,No,No,One year,No,Bank transfer (automatic),73.85,4826.25,No
CUST-06592,Male,1,No,Yes,14,Yes,Yes,DSL,Yes,No,No,Yes,No,Yes,One year,No,Credit card (automatic),117.2,1620.26,No
CUST-06593,Female,0,No,No,51,Yes,No,Fiber optic,No,Yes,Yes,No,No,No,Two year,Yes,Electronic check,92.6,4687.05,No
CUST-06594,Male,0,No,No,11,Yes,No,No,No internet service,No internet service,No internet service,No internet service,No internet service,No internet service,Two year,Yes,Electronic check,74.43,783.15,No
CUST-06595,Male,1,No,No,34,Yes,Yes,DSL,No,No,No,Yes,No,Yes,One year,No,Mailed check,104.08,3561.2,No
CUST-06596,Female,0,No,Yes,44,No,No phone service,No,No internet service,No internet service,No internet service,No internet service,No internet service,No internet service,One year,Yes,Electronic check,83.62,3739.98,No
CUST-06597,Male,0,No,Yes,41,Yes,No,Fiber optic,No,No,Yes,Yes,No,No,Month-to-month,Yes,Electronic check,33.25,1416.82,Yes
CUST-06598,Female,0,Yes,No,58,Yes,Yes,DSL,No,Yes,No,Yes,Yes,Yes,Month-to-month,Yes,Bank transfer (automatic),111.77,6521.39,No
CUST-06599,Female,0,Yes,No,19,Yes,Yes,Fiber optic,No,Yes,No,Yes,No,Yes,One year,Yes,Bank transfer (automatic),49.97,955.7,No
CUST-06600,Female,0,No,No,54,Yes,Yes,Fiber optic,No,No,No,Yes,No,No,Two year,No,Bank transfer (automatic),83.21,4464.36,No
CUST-06601,Female,0,No,Yes,30,Yes,No,Fiber optic,No,No,Yes,No,No,Yes,Month-to-month,No,Bank transfer (automatic),54.35,1672.47,No
CUST-06602,Male,0,Yes,Yes,33,Yes,Yes,DSL,No,No,No,No,Yes,No,Month-to-month,Yes,Credit card (automatic),81.3,2743.04,Yes
CUST-06603,Female,0,Yes,No,24,No,No phone service,No,No internet service,No internet service,No internet service,No internet service,No internet service,No internet service,Two year,Yes,Bank transfer (automatic),40.77,959.32,No
CUST-06604,Female,0,No,No,72,No,No phone service,No,No internet service,No internet service,No internet service,No internet service,No internet service,No internet service,Month-to-month,No,Bank transfer (automatic),72.77,5219.48,No
CUST-06605,Female,0,Yes,Yes,60,Yes,No,Fiber optic,No,No,No,No,Yes,Yes,One year,Yes,Credit card (automatic),107.26,6454.63,No
CUST-06606,Female,1,No,No,34,Yes,Yes,Fiber optic,No,Yes,No,No,No,No,Month-to-month,Yes,Credit card (automatic),48.44,1601.35,No
CUST-06607,Male,0,No,No,54,Yes,Yes,Fiber optic,No,No,No,No,No,Yes,Two year,Yes,Credit card (automatic),52.96,2870.0,No
CUST-06608,Male,0,Yes,Yes,66,Yes,Yes,Fiber optic,Yes,No,No,No,No,No,Two year,Yes,Bank transfer (automatic),37.43,2380.91,No
CUST-06609,Female,1,Yes,No,21,Yes,No,Fiber optic,No,No,No,No,No,Yes,One year,No,Electronic check,125.0,2671.36,Yes
CUST-06610,Male,0,Yes,No,24,No,No phone service,DSL,Yes,No,Yes,Yes,No,No,Month-to-month,No,Mailed check,65.58,1579.46,No
CUST-06611,Female,0,Yes,Yes,55,Yes,Yes,Fiber optic,Yes,No,No,Yes,No,No,One year,No,Mailed check,73.84,4067.09,No
CUST-06612,Female,1,No,No,21,Yes,No,DSL,No,No,No,Yes,No,No,Month-to-month,Yes,Bank transfer (automatic),43.92,946.06,No
CUST-06613,Male,0,No,Yes,7,Yes,Yes,No,No internet service,No internet service,No internet service,No internet service,No internet service,No internet service,Month-to-month,No,Bank transfer (automatic),52.49,345.88,No
CUST-06614,Female,0,No,No,43,Yes,Yes,DSL,No,Yes,Yes,No,No,Yes,One year,No,Mailed check,18.25,828.01,No
CUST-06615,Female,0,Yes,No,15,Yes,No,Fiber optic,No,Yes,Yes,No,No,No,Month-to-month,No,Electronic check,100.94,1567.42,Yes
CUST-06616,Female,0,No,No,43,Yes,Yes,DSL,No,No,No,No,No,No,Month-to-month,No,Electronic check,43.66,1911.06,No
CUST-06617,Female,0,Yes,No,8,Yes,Yes,No,No internet service,No internet service,No internet service,No internet service,No internet service,No internet service,Month-to-month,Yes,Electronic check,71.99,610.16,Yes
CUST-06618,Male,0,No,No,35,Yes,No,Fiber optic,No,Yes,Yes,No,No,No,Two year,Yes,Credit card (automatic),91.65,3351.26,No
CUST-06619,Female,0,Yes,No,18,Yes,No,Fiber optic,No,No,No,Yes,No,No,One year,No,Electronic check,125.0,2322.3,No
CUST-06620,Female,0,No,No,39,Yes,Yes,DSL,No,No,No,No,Yes,No,Month-to-month,No,Mailed check,31.88,1215.47,No
CUST-06621,Female,0,No,Yes,17,No,No phone service,Fiber optic,Yes,No,Yes,Yes,No,No,Month-to-month,Yes,Electronic check,87.05,1487.99,Yes
CUST-06622,Male,0,Yes,No,19,Yes,No,Fiber optic,No,Yes,Yes,No,No,No,Month-to-month,Yes,Mailed check,71.57,1283.69,Yes
CUST-06623,Male,0,No,Yes,65,Yes,No,No,No internet service,No internet service,No internet service,No internet service,No internet service,No internet service,Two year,Yes,Electronic check,18.25,1218.78,No
CUST-06624,Male,1,Yes,No,71,Yes,Yes,No,No internet service,No internet service,No internet service,No internet service,No internet service,No internet service,Month-to-month,Yes,Mailed check,121.75,8619.58,No
CUST-06625,Male,0,Yes,No,24,Yes,Yes,Fiber optic,No,Yes,No,Yes,No,No,One year,No,Bank transfer (automatic),50.31,1287.26,No
CUST-06626,Male,0,No,No,47,Yes,No,DSL,Yes,Yes,No,No,No,No,Two year,Yes,Bank transfer (automatic),71.31,3382.63,No
CUST-06627,Male,0,No,No,26,Yes,No,DSL,Yes,No,No,No,No,No,Month-to-month,No,Electronic check,71.26,1831.35,No
CUST-06628,Male,0,Yes,No,13,Yes,No,Fiber optic,Yes,Yes,Yes,Yes,No,No,Two year,Yes,Credit card (automatic),90.32,1178.12,No
CUST-06629,Female,0,Yes,No,8,Yes,No,Fiber optic,No,No,Yes,No,Yes,Yes,One year,Yes,Electronic check,125.0,1049.13,No
CUST-06630,Female,1,Yes,No,65,Yes,Yes,Fiber optic,Yes,No,No,Yes,Yes,No,One year,Yes,Electronic check,89.21,5834.71,No
CUST-06631,Female,0,No,No,5,Yes,No,Fiber optic,Yes,Yes,No,No,No,Yes,Month-to-month,Yes,Bank transfer (automatic),77.37,355.46,Yes
CUST-06632,Female,0,No,Yes,36,Yes,No,Fiber optic,Yes,Yes,Yes,No,No,No,Month-to-month,Yes,Credit card (automatic),95.49,3500.99,No
CUST-06633,Female,0,Yes,No,16,Yes,No,Fiber optic,No,Yes,No,No,No,No,Month-to-month,Yes,Mailed check,86.22,1279.57,Yes
CUST-06634,Male,0,Yes,Yes,55,No,No phone service,Fiber optic,Yes,No,No,No,No,No,Month-to-month,No,Credit card (automatic),114.73,6247.76,No
CUST-06635,Male,0,No,Yes,10,Yes,No,No,No internet service,No internet service,No internet service,No internet service,No internet service,No internet service,One year,Yes,Electronic check,101.36,1010.99,No
CUST-06636,Female,0,No,Yes,42,Yes,Yes,DSL,Yes,No,Yes,Yes,Yes,No,One year,No,Electronic check,70.22,2930.95,No
CUST-06637,Female,0,Yes,No,25,Yes,Yes,DSL,Yes,Yes,No,No,No,No,One year,Yes,Mailed check,87.58,2202.23,No
CUST-06638,Female,0,No,No,38,Yes,Yes,DSL,No,No,No,No,No,Yes,Month-to-month,No,Mailed check,115.35,4331.96,Yes
CUST-06639,Male,0,Yes,No,14,Yes,No,DSL,No,Yes,No,No,No,Yes,Month-to-month,No,Bank transfer (automatic),72.35,979.94,Yes
CUST-06640,Female,0,Yes,No,9,Yes,No,Fiber optic,No,Yes,No,No,Yes,No,Two year,Yes,Mailed check,110.82,948.7,Yes
CUST-06641,Female,0,No,No,13,Yes,No,No,No internet service,No internet service,No internet service,No internet service,No internet service,No internet service,Month-to-month,No,Credit card (automatic),63.34,771.36,Yes
CUST-06642,Female,0,No,Yes,42,Yes,Yes,Fiber optic,No,No,No,No,No,No,Month-to-month,Yes,Electronic check,97.3,4082.33,Yes
CUST-06643,Male,0,Yes,No,47,Yes,No,No,No internet service,No internet service,No internet service,No internet service,No internet service,No internet service,Month-to-month,Yes,Electronic check,36.85,1684.33,No
CUST-06644,Female,1,No,No,66,Yes,No,DSL,Yes,Yes,No,No,No,No,One year,Yes,Bank transfer (automatic),40.45,2648.13,No
CUST-06645,Male,1,No,No,68,Yes,No,DSL,Yes,No,No,Yes,Yes,No,Month-to-month,No,Mailed check,118.63,8046.9,No
CUST-06646,Male,0,No,No,55,Yes,No,DSL,No,No,Yes,No,No,No,Month-to-month,Yes,Mailed check,78.11,4295.24,No
CUST-06647,Female,1,No,No,1,Yes,Yes,Fiber optic,No,Yes,No,Yes,Yes,No,One year,Yes,Bank transfer (automatic),78.53,1.84,Yes
CUST-06648,Male,0,No,No,51,Yes,No,Fiber optic,No,No,Yes,No,Yes,Yes,Month-to-month,No,Electronic check,123.75,6329.47,No
CUST-06649,Male,0,No,No,51,Yes,Yes,DSL,No,Yes,Yes,Yes,No,No,Month-to-month,No,Credit card (automatic),92.4,4683.28,No
CUST-06650,Male,0,Yes,No,51,Yes,Yes,DSL,No,Yes,No,Yes,No,No,One year,Yes,Electronic check,66.23,3391.18,No
CUST-06651,Female,1,No,Yes,48,Yes,Yes,No,No internet service,No internet service,No internet service,No internet service,No internet service,No internet service,Month-to-month,No,Electronic check,59.98,2871.69,No
CUST-06652,Male,0,Yes,Yes,50,Yes,No,DSL,Yes,Yes,No,No,No,No,Month-to-month,No,Mailed check,91.14,4571.11,No
CUST-06653,Male,0,No,No,43,Yes,Yes,DSL,Yes,No,No,No,No,Yes,Month-to-month,Yes,Electronic check,91.2,3930.65,No
CUST-06654,Female,0,Yes,No,45,Yes,Yes,Fiber optic,Yes,No,No,No,No,Yes,Two year,Yes,Mailed check,91.13,4179.38,No
CUST-06655,Female,0,Yes,No,50,Yes,No,Fiber optic,No,No,Yes,No,Yes,No,Month-to-month,No,Electronic check,125.0,6183.19,No
CUST-06656,Male,0,No,No,4,Yes,Yes,Fiber optic,No,Yes,No,No,No,No,Month-to-month,No,Electronic check,61.77,324.46,No
CUST-06657,Male,0,Yes,No,37,Yes,No,Fiber optic,No,Yes,No,No,No,Yes,Month-to-month,Yes,Electronic check,96.64,3630.62,Yes
CUST-06658,Male,0,Yes,No,10,Yes,No,No,No internet service,No internet service,No internet service,No internet service,No internet service,No internet service,Month-to-month,Yes,Electronic check,65.09,635.21,No
CUST-06659,Male,1,Yes,No,67,Yes,No,No,No internet service,No internet service,No internet service,No internet service,No internet service,No internet service,Month-to-month,Yes,Bank transfer (automatic),56.22,3801.36,No
CUST-06660,Female,0,No,No,72,Yes,Yes,Fiber optic,No,No,Yes,No,No,No,Month-to-month,No,Electronic check,73.47,5388.4,No
CUST-06661,Female,0,Yes,No,12,Yes,Yes,No,No internet service,No internet service,No internet service,No internet service,No internet service,No internet service,One year,Yes,Electronic check,79.3,888.31,Yes
CUST-06662,Male,0,Yes,No,65,Yes,Yes,Fiber optic,No,No,No,Yes,Yes,No,Two year,Yes,Credit card (automatic),59.5,3877.56,No
CUST-06663,Female,0,No,No,35,Yes,No,No,No internet service,No internet service,No internet service,No internet service,No internet service,No internet service,Two year,No,Credit card (automatic),46.87,1589.64,No
CUST-06664,Female,0,No,Yes,49,Yes,Yes,Fiber optic,Yes,No,No,No,No,Yes,Two year,Yes,Electronic check,30.25,1498.92,No
CUST-06665,Male,0,No,Yes,48,Yes,No,DSL,Yes,No,No,No,No,No,Month-to-month,No,Electronic check,104.68,5068.79,No
CUST-06666,Female,0,Yes,No,9,Yes,No,Fiber optic,No,No,No,No,Yes,Yes,One year,Yes,Credit card (automatic),91.73,781.06,Yes
CUST-06667,Female,0,No,No,66,Yes,No,No,No internet service,No internet service,No internet service,No internet service,No internet service,No internet service,Month-to-month,No,Bank transfer (automatic),97.17,6388.25,No
CUST-06668,Female,0,No,No,47,No,No phone service,No,No internet service,No internet service,No internet service,No internet service,No internet service,No internet service,Month-to-month,No,Electronic check,41.9,1967.72,No
CUST-06669,Female,1,No,No,36,Yes,No,DSL,No,No,Yes,No,Yes,No,One year,Yes,Bank transfer (automatic),78.14,2855.2,No
CUST-06670,Female,0,No,No,45,Yes,Yes,Fiber optic,No,No,No,Yes,No,Yes,Month-to-month,Yes,Credit card (automatic),91.96,4187.15,No
CUST-06671,Female,0,Yes,No,71,Yes,No,No,No internet service,No internet service,No internet service,No internet service,No internet service,No internet service,Two year,Yes,Electronic check,76.06,5424.01,No
CUST-06672,Female,0,No,Yes,47,Yes,Yes,Fiber optic,No,No,No,No,No,No,One year,Yes,Mailed check,68.62,3239.68,Yes
CUST-06673,Female,0,No,Yes,48,Yes,No,Fiber optic,Yes,Yes,No,Yes,Yes,No,One year,Yes,Mailed check,55.26,2654.82,No
CUST-06674,Male,1,Yes,No,64,Yes,Yes,No,No internet service,No internet service,No internet service,No internet service,No internet service,No internet service,Two year,No,Electronic check,81.95,5287.93,No
CUST-06675,Male,0,Yes,No,51,Yes,No,Fiber optic,Yes,No,Yes,No,Yes,No,Month-to-month,Yes,Mailed check,78.5,4029.18,No
CUST-06676,Male,0,Yes,Yes,11,Yes,Yes,DSL,Yes,Yes,Yes,No,Yes,Yes,Two year,Yes,Electronic check,63.41,733.09,Yes
CUST-06677,Male,0,No,Yes,59,Yes,Yes,DSL,Yes,Yes,No,Yes,Yes,No,Month-to-month,No,Electronic check,44.2,2619.14,No
CUST-06678,Female,0,Yes,No,65,Yes,No,Fiber optic,No,No,No,No,No,Yes,Month-to-month,No,Electronic check,77.47,4979.91,No
CUST-06679,Male,0,No,No,53,Yes,Yes,Fiber optic,Yes,Yes,No,No,Yes,Yes,Two year,No,Bank transfer (automatic),119.17,6265.72,No
CUST-06680,Male,0,No,No,11,Yes,Yes,No,No internet service,No internet service,No internet service,No internet service,No internet service,No internet service,Two year,Yes,Credit card (automatic),94.55,1063.69,No
CUST-06681,Female,0,Yes,No,38,Yes,No,No,No internet service,No internet service,No internet service,No internet service,No internet service,No internet service,One year,Yes,Electronic check,74.63,2816.08,No
CUST-06682,Female,0,Yes,Yes,4,Yes,Yes,DSL,No,No,No,No,No,Yes,Month-to-month,No,Electronic check,85.27,363.92,Yes
CUST-06683,Male,0,Yes,No,56,Yes,No,No,No internet service,No internet service,No internet service,No internet service,No internet service,No internet service,Two year,Yes,Mailed check,24.8,1370.23,No
CUST-06684,Male,0,Yes,Yes,69,No,No phone service,DSL,Yes,No,No,No,No,No,Two year,Yes,Mailed check,118.75,8159.99,No
CUST-06685,Female,0,No,Yes,3,Yes,No,DSL,No,No,No,No,No,No,Month-to-month,Yes,Mailed check,121.75,398.41,No
CUST-06686,Female,0,No,No,8,Yes,No,Fiber optic,Yes,No,No,No,Yes,Yes,Month-to-month,Yes,Mailed check,53.19,367.23,Yes
CUST-06687,Female,0,No,No,68,Yes,No,Fiber optic,No,Yes,Yes,Yes,Yes,No,Month-to-month,No,Mailed check,75.88,5186.89,No
CUST-06688,Female,0,No,No,58,Yes,No,DSL,No,Yes,No,No,No,Yes,Two year,Yes,Credit card (automatic),80.21,4636.43,No
CUST-06689,Male,0,Yes,No,60,Yes,No,Fiber optic,Yes,No,No,No,No,No,Two year,No,Credit card (automatic),95.37,5689.03,No
CUST-06690,Male,0,No,No,16,No,No phone service,No,No internet service,No internet service,No internet service,No internet service,No internet service,No internet service,Month-to-month,No,Bank transfer (automatic),55.55,871.48,No
CUST-06691,Female,0,Yes,Yes,46,Yes,Yes,Fiber optic,Yes,Yes,No,Yes,No,No,One year,No,Electronic check,86.95,4006.71,No
CUST-06692,Male,0,No,No,60,Yes,No,Fiber optic,No,No,Yes,No,No,Yes,Month-to-month,Yes,Electronic check,99.68,6060.72,No
CUST-06693,Male,0,Yes,No,5,Yes,No,No,No internet service,No internet service,No internet service,No internet service,No internet service,No internet service,Month-to-month,Yes,Bank transfer (automatic),40.88,226.98,No
CUST-06694,Male,0,Yes,Yes,21,Yes,Yes,DSL,No,Yes,No,No,Yes,Yes,Month-to-month,Yes,Mailed check,63.53,1384.27,Yes
CUST-06695,Female,0,No,No,22,Yes,Yes,DSL,Yes,No,No,No,Yes,No,Month-to-month,No,Electronic check,100.29,2239.31,Yes
CUST-06696,Male,0,No,Yes,39,Yes,Yes,DSL,No,No,No,No,No,No,Month-to-month,Yes,Bank transfer (automatic),108.44,4238.8,No
CUST-06697,Male,0,Yes,Yes,19,Yes,Yes,DSL,No,No,No,Yes,No,No,Month-to-month,Yes,Mailed check,93.06,1750.37,No
CUST-06698,Male,0,Yes,Yes,25,Yes,Yes,DSL,No,No,No,Yes,Yes,Yes,One year,No,Electronic check,90.41,2242.36,No
CUST-06699,Female,0,No,Yes,19,Yes,No,DSL,No,Yes,No,Yes,No,Yes,Month-to-month,Yes,Bank transfer (automatic),66.52,1255.86,No
CUST-06700,Female,0,No,No,5,Yes,No,Fiber optic,Yes,No,No,Yes,Yes,No,Month-to-month,Yes,Bank transfer (automatic),77.9,437.29,Yes
CUST-06701,Male,0,No,No,49,Yes,No,DSL,No,No,No,No,Yes,Yes,Two year,Yes,Mailed check,74.91,3775.7,No
CUST-06702,Female,0,Yes,No,46,Yes,Yes,DSL,No,No,No,Yes,No,No,Month-to-month,Yes,Credit card (automatic),48.42,2213.01,No
CUST-06703,Male,0,Yes,No,64,Yes,No,Fiber optic,No,No,No,Yes,No,Yes,Month-to-month,Yes,Bank transfer (automatic),78.26,5018.97,Yes
CUST-06704,Female,0,No,No,42,Yes,No,Fiber optic,Yes,Yes,Yes,Yes,Yes,No,Month-to-month,No,Credit card (automatic),87.3,3670.91,No
CUST-06705,Male,0,No,No,50,Yes,No,Fiber optic,Yes,Yes,No,Yes,No,No,Two year,Yes,Mailed check,125.0,6232.3,No
CUST-06706,Female,0,Yes,No,26,Yes,No,DSL,Yes,No,Yes,No,Yes,No,Month-to-month,Yes,Mailed check,121.75,3077.2,Yes
CUST-06707,Female,0,Yes,No,28,Yes,No,Fiber optic,No,No,Yes,Yes,Yes,No,One year,Yes,Mailed check,125.0,3564.3,No
CUST-06708,Female,0,Yes,No,30,Yes,No,No,No internet service,No internet service,No internet service,No internet service,No internet service,No internet service,Two year,Yes,Electronic check,35.51,1090.32,No
CUST-06709,Female,0,No,No,70,Yes,Yes,DSL,Yes,No,No,No,No,No,Month-to-month,Yes,Credit card (automatic),115.57,8117.07,No
CUST-06710,Female,0,Yes,Yes,35,Yes,No,Fiber optic,No,Yes,No,No,No,No,Month-to-month,Yes,Bank transfer (automatic),91.92,3194.78,No
CUST-06711,Female,0,No,No,63,Yes,No,Fiber optic,No,Yes,No,No,Yes,Yes,One year,No,Electronic check,65.04,4127.78,No
CUST-06712,Female,0,No,Yes,24,Yes,No,Fiber optic,Yes,No,No,No,Yes,Yes,Month-to-month,No,Electronic check,76.65,1788.8,Yes
CUST-06713,Male,0,Yes,Yes,50,Yes,No,DSL,No,Yes,No,No,No,Yes,Month-to-month,Yes,Electronic check,32.53,1641.05,No
CUST-06714,Male,0,Yes,No,20,Yes,Yes,DSL,Yes,Yes,No,Yes,Yes,No,Month-to-month,Yes,Credit card (automatic),72.55,1405.77,No
CUST-06715,Male,0,Yes,No,29,Yes,Yes,Fiber optic,No,Yes,No,Yes,Yes,Yes,Two year,No,Mailed check,106.18,3035.85,Yes
CUST-06716,Female,0,Yes,Yes,62,Yes,No,Fiber optic,No,No,No,No,No,No,Month-to-month,Yes,Credit card (automatic),50.57,3133.46,No
CUST-06717,Male,0,No,No,50,No,No phone service,No,No internet service,No internet service,No internet service,No internet service,No internet service,No internet service,Two year,Yes,Electronic check,45.17,2244.79,No
CUST-06718,Male,0,No,No,36,Yes,Yes,DSL,No,Yes,No,No,No,No,Month-to-month,Yes,Electronic check,65.21,2420.74,No
CUST-06719,Female,0,Yes,Yes,30,Yes,No,DSL,Yes,No,No,Yes,No,No,Month-to-month,Yes,Credit card (automatic),120.45,3537.25,No
CUST-06720,Male,0,No,No,58,Yes,Yes,Fiber optic,No,No,Yes,Yes,No,Yes,Month-to-month,Yes,Bank transfer (automatic),33.25,1952.73,No
CUST-06721,Male,0,Yes,No,12,Yes,No,Fiber optic,Yes,No,Yes,Yes,Yes,No,One year,Yes,Credit card (automatic),99.02,1236.69,No
CUST-06722,Female,0,No,No,62,Yes,No,Fiber optic,Yes,No,No,No,No,No,One year,No,Bank transfer (automatic),91.83,5663.44,No
CUST-06723,Female,0,No,Yes,45,Yes,No,DSL,Yes,No,No,Yes,No,No,One year,Yes,Mailed check,85.93,3854.46,No
CUST-06724,Female,0,Yes,No,24,Yes,No,Fiber optic,No,No,No,No,Yes,No,Month-to-month,No,Bank transfer (automatic),33.25,830.7,Yes
CUST-06725,Female,0,No,No,51,Yes,Yes,No,No internet service,No internet service,No internet service,No internet service,No internet service,No internet service,Month-to-month,Yes,Credit card (automatic),49.23,2469.61,No
CUST-06726,Male,0,No,Yes,72,Yes,No,No,No internet service,No internet service,No internet service,No internet service,No internet service,No internet service,Two year,Yes,Credit card (automatic),53.83,3876.93,No
CUST-06727,Male,0,Yes,No,26,Yes,No,No,No internet service,No internet service,No internet service,No internet service,No internet service,No internet service,Month-to-month,Yes,Mailed check,26.15,674.31,No
CUST-06728,Male,1,No,No,29,Yes,No,Fiber optic,Yes,No,No,Yes,No,No,One year,Yes,Credit card (automatic),125.0,3642.25,No
CUST-06729,Female,0,Yes,Yes,67,Yes,No,No,No internet service,No internet service,No internet service,No internet service,No internet service,No internet service,One year,Yes,Electronic check,89.85,6027.47,No
CUST-06730,Female,1,Yes,No,25,Yes,Yes,Fiber optic,Yes,No,No,Yes,Yes,No,Two year,No,Bank transfer (automatic),110.71,2763.52,No
CUST-06731,Male,1,No,No,62,Yes,No,DSL,No,No,No,Yes,No,Yes,One year,Yes,Bank transfer (automatic),92.45,5730.32,No
CUST-06732,Female,0,Yes,No,65,Yes,Yes,No,No internet service,No internet service,No internet service,No internet service,No internet service,No internet service,Month-to-month,Yes,Electronic check,24.88,1597.57,No
CUST-06733,Male,0,Yes,No,42,Yes,No,DSL,No,No,No,No,Yes,No,Month-to-month,Yes,Bank transfer (automatic),24.57,1067.92,Yes
CUST-06734,Male,0,Yes,Yes,6,Yes,Yes,DSL,No,No,No,Yes,Yes,No,Two year,No,Mailed check,102.95,627.03,Yes
CUST-06735,Female,1,Yes,No,5,Yes,Yes,DSL,No,No,No,No,No,Yes,Month-to-month,Yes,Mailed check,38.37,197.91,Yes
CUST-06736,Male,0,Yes,No,21,Yes,No,Fiber optic,Yes,Yes,Yes,Yes,Yes,No,Month-to-month,Yes,Bank transfer (automatic),96.31,2091.9,Yes
CUST-06737,Female,0,Yes,Yes,2,Yes,No,Fiber optic,No,No,Yes,No,Yes,No,Two year,Yes,Bank transfer (automatic),50.17,137.44,Yes
CUST-06738,Female,1,No,No,55,Yes,No,Fiber optic,Yes,No,Yes,No,No,Yes,One year,No,Bank transfer (automatic),55.7,3040.24,No
CUST-06739,Female,0,Yes,No,47,Yes,No,DSL,No,No,No,No,No,No,Month-to-month,No,Mailed check,69.62,3370.8,No
CUST-06740,Female,1,No,No,33,Yes,No,DSL,No,Yes,Yes,Yes,No,Yes,One year,Yes,Electronic check,33.83,1099.21,Yes
CUST-06741,Female,0,No,Yes,59,Yes,No,DSL,Yes,Yes,No,No,Yes,No,Two year,No,Bank transfer (automatic),18.25,1194.2,No
CUST-06742,Male,0,Yes,No,10,Yes,Yes,DSL,Yes,No,No,Yes,No,No,Month-to-month,No,Credit card (automatic),75.0,595.71,No
CUST-06743,Male,0,No,No,37,Yes,Yes,DSL,Yes,Yes,No,No,Yes,No,Month-to-month,No,Bank transfer (automatic),121.75,4482.75,No
CUST-06744,Female,0,No,No,25,Yes,No,DSL,No,No,No,No,No,No,Two year,Yes,Electronic check,90.54,2258.93,Yes
CUST-06745,Male,0,No,No,2,Yes,Yes,No,No internet service,No internet service,No internet service,No internet service,No internet service,No internet service,One year,No,Mailed check,33.54,59.52,No
CUST-06746,Male,0,No,No,35,Yes,No,No,No internet service,No internet service,No internet service,No internet service,No internet service,No internet service,Two year,Yes,Mailed check,50.12,1741.55,No
CUST-06747,Female,0,Yes,No,11,Yes,No,Fiber optic,No,No,Yes,No,Yes,Yes,Month-to-month,No,Credit card (automatic),79.0,892.35,Yes
CUST-06748,Female,0,Yes,Yes,4,Yes,No,Fiber optic,No,No,No,No,No,No,Two year,Yes,Credit card (automatic),83.0,308.75,No
CUST-06749,Female,0,No,No,16,Yes,Yes,No,No internet service,No internet service,No internet service,No internet service,No internet service,No internet service,One year,Yes,Electronic check,42.24,679.99,Yes
CUST-06750,Male,1,No,No,15,Yes,No,Fiber optic,No,No,No,Yes,Yes,No,One year,Yes,Electronic check,118.48,1791.69,Yes
CUST-06751,Male,0,No,No,46,Yes,No,No,No internet service,No internet service,No internet service,No internet service,No internet service,No internet service,Month-to-month,Yes,Credit card (automatic),53.43,2603.03,No
CUST-06752,Female,0,No,Yes,58,Yes,No,No,No internet service,No internet service,No internet service,No internet service,No internet service,No internet service,Month-to-month,Yes,Bank transfer (automatic),76.07,4484.32,No
CUST-06753,Male,0,Yes,No,35,Yes,No,DSL,Yes,No,Yes,No,Yes,Yes,Month-to-month,Yes,Credit card (automatic),121.75,4289.56,No
CUST-06754,Female,0,Yes,No,47,Yes,No,DSL,No,Yes,No,No,No,No,Two year,No,Electronic check,64.03,3076.38,No
CUST-06755,Male,0,No,No,8,Yes,Yes,DSL,Yes,Yes,No,No,Yes,No,Month-to-month,No,Bank transfer (automatic),121.75,876.06,Yes
CUST-06756,Male,0,Yes,Yes,57,Yes,Yes,Fiber optic,No,No,No,Yes,No,No,Two year,Yes,Credit card (automatic),94.38,5313.45,No
CUST-06757,Male,0,No,No,37,Yes,No,No,No internet service,No internet service,No internet service,No internet service,No internet service,No internet service,Month-to-month,Yes,Mailed check,56.89,2095.88,No
CUST-06758,Female,1,No,Yes,31,Yes,Yes,DSL,No,Yes,No,No,Yes,No,Month-to-month,Yes,Bank transfer (automatic),64.38,1948.0,Yes
CUST-06759,Female,0,Yes,Yes,63,Yes,Yes,No,No internet service,No internet service,No internet service,No internet service,No internet service,No internet service,Month-to-month,No,Electronic check,54.41,3453.2,No
CUST-06760,Male,1,Yes,No,23,Yes,Yes,Fiber optic,No,No,No,Yes,No,No,Month-to-month,Yes,Credit card (automatic),38.56,927.45,No
CUST-06761,Female,0,No,No,32,Yes,No,Fiber optic,No,Yes,Yes,Yes,Yes,Yes,One year,Yes,Electronic check,30.25,959.08,No
CUST-06762,Female,1,No,No,67,Yes,No,Fiber optic,Yes,No,No,Yes,No,No,Two year,No,Mailed check,54.23,3598.98,No
CUST-06763,Female,0,No,Yes,11,Yes,No,Fiber optic,No,No,No,No,No,Yes,One year,No,Electronic check,30.25,395.39,Yes
CUST-06764,Male,0,Yes,Yes,38,Yes,Yes,Fiber optic,Yes,No,No,No,No,No,Month-to-month,No,Credit card (automatic),53.88,1963.94,Yes
CUST-06765,Female,1,Yes,No,42,No,No phone service,No,No internet service,No internet service,No internet service,No internet service,No internet service,No internet service,Month-to-month,No,Bank transfer (automatic),107.74,4512.23,No
CUST-06766,Male,1,Yes,Yes,51,Yes,Yes,Fiber optic,Yes,No,No,No,Yes,Yes,One year,Yes,Credit card (automatic),67.97,3421.58,No
CUST-06767,Male,0,Yes,No,67,Yes,No,DSL,No,Yes,Yes,No,Yes,No,One year,No,Bank transfer (automatic),118.75,7954.2,No
CUST-06768,Male,0,Yes,Yes,25,Yes,No,Fiber optic,No,No,Yes,Yes,Yes,No,Month-to-month,Yes,Mailed check,67.77,1678.77,Yes
CUST-06769,Male,0,No,Yes,9,Yes,Yes,Fiber optic,No,No,No,No,No,No,Month-to-month,No,Credit card (automatic),111.17,991.8,Yes
CUST-06770,Female,0,Yes,No,29,Yes,Yes,No,No internet service,No internet service,No internet service,No internet service,No internet service,No internet service,Two year,No,Electronic check,65.45,1910.85,No
CUST-06771,Male,1,No,Yes,12,Yes,Yes,DSL,No,No,No,No,No,Yes,One year,Yes,Credit card (automatic),56.67,767.38,No
CUST-06772,Male,0,No,No,53,Yes,No,DSL,No,No,Yes,No,No,Yes,Month-to-month,No,Electronic check,116.28,6211.87,No
CUST-06773,Male,0,No,No,41,No,No phone service,Fiber optic,Yes,No,No,Yes,No,Yes,Month-to-month,Yes,Mailed check,125.0,5111.62,No
CUST-06774,Male,0,No,Yes,55,Yes,No,No,No internet service,No internet service,No internet service,No internet service,No internet service,No internet service,Month-to-month,Yes,Credit card (automatic),60.08,3280.73,No
CUST-06775,Male,0,Yes,No,25,Yes,No,Fiber optic,No,No,Yes,No,Yes,Yes,One year,Yes,Bank transfer (automatic),48.41,1229.76,No
CUST-06776,Male,0,No,No,69,Yes,Yes,DSL,Yes,No,No,No,Yes,No,One year,No,Credit card (automatic),68.49,4657.15,No
CUST-06777,Male,0,Yes,No,65,Yes,No,Fiber optic,No,Yes,Yes,No,No,Yes,Month-to-month,Yes,Bank transfer (automatic),94.8,6066.52,Yes
CUST-06778,Female,1,Yes,Yes,66,Yes,No,Fiber optic,Yes,No,No,Yes,Yes,No,Two year,Yes,Mailed check,99.69,6586.28,No
CUST-06779,Female,0,No,No,52,Yes,Yes,Fiber optic,No,No,No,No,Yes,No,One year,Yes,Credit card (automatic),85.44,4438.49,No
CUST-06780,Female,0,Yes,No,14,Yes,No,Fiber optic,No,No,Yes,No,No,No,Month-to-month,Yes,Mailed check,58.32,880.34,No
CUST-06781,Male,0,Yes,Yes,11,Yes,No,Fiber optic,No,No,No,Yes,No,Yes,Two year,Yes,Bank transfer (automatic),125.0,1368.53,Yes
CUST-06782,Female,0,No,Yes,69,Yes,No,DSL,No,Yes,Yes,No,No,No,One year,No,Electronic check,43.27,3021.97,No
CUST-06783,Female,1,Yes,Yes,63,Yes,No,DSL,No,No,Yes,No,Yes,No,Month-to-month,Yes,Electronic check,67.43,4269.91,No
CUST-06784,Male,0,Yes,Yes,64,Yes,No,Fiber optic,No,No,No,No,No,Yes,Month-to-month,Yes,Credit card (automatic),119.49,7646.5,No
CUST-06785,Female,0,Yes,Yes,47,Yes,Yes,DSL,No,No,Yes,No,No,Yes,Month-to-month,Yes,Mailed check,41.59,1904.61,No
CUST-06786,Male,0,Yes,No,62,Yes,Yes,DSL,Yes,Yes,No,Yes,Yes,No,Two year,Yes,Bank transfer (automatic),69.4,4300.19,No
CUST-06787,Male,0,No,No,36,Yes,No,Fiber optic,No,No,No,No,No,Yes,Two year,No,Electronic check,99.69,3536.18,Yes
CUST-06788,Female,0,No,No,12,Yes,Yes,Fiber optic,No,No,No,No,Yes,No,Month-to-month,Yes,Electronic check,91.02,1060.76,Yes
CUST-06789,Female,0,Yes,Yes,19,Yes,No,Fiber optic,No,No,No,No,No,Yes,One year,No,Mailed check,95.96,1764.95,No
CUST-06790,Male,0,No,Yes,62,No,No phone service,No,No internet service,No internet service,No internet service,No internet service,No internet service,No internet service,Month-to-month,Yes,Electronic check,65.08,4089.76,No
CUST-06791,Male,0,No,No,47,Yes,Yes,DSL,Yes,No,No,No,No,Yes,Two year,No,Mailed check,78.5,3684.29,No
CUST-06792,Male,1,No,No,72,Yes,No,DSL,No,Yes,No,Yes,No,No,Month-to-month,Yes,Mailed check,50.79,3611.66,No
CUST-06793,Male,0,No,No,65,Yes,No,No,No internet service,No internet service,No internet service,No internet service,No internet service,No internet service,One year,No,Bank transfer (automatic),19.16,1189.72,No
CUST-06794,Female,1,No,Yes,55,Yes,Yes,DSL,Yes,No,Yes,No,No,No,Two year,No,Bank transfer (automatic),49.31,2756.58,No
CUST-06795,Male,0,No,Yes,3,No,No phone service,No,No internet service,No internet service,No internet service,No internet service,No internet service,No internet service,One year,Yes,Mailed check,70.52,245.7,No
CUST-06796,Female,0,No,No,14,Yes,Yes,DSL,No,No,No,Yes,Yes,No,Month-to-month,No,Bank transfer (automatic),89.75,1198.49,No
CUST-06797,Female,1,Yes,No,28,Yes,No,Fiber optic,No,No,Yes,No,Yes,No,One year,Yes,Electronic check,119.27,3365.64,No
CUST-06798,Male,0,Yes,Yes,3,Yes,No,Fiber optic,No,Yes,No,Yes,Yes,No,Month-to-month,No,Electronic check,125.0,346.94,No
CUST-06799,Female,0,Yes,No,68,No,No phone service,Fiber optic,No,No,Yes,No,Yes,No,One year,Yes,Credit card (automatic),36.82,2538.7,No
CUST-06800,Male,0,No,Yes,17,No,No phone service,Fiber optic,Yes,Yes,Yes,No,No,Yes,Month-to-month,Yes,Credit card (automatic),54.13,850.3,No
CUST-06801,Male,0,Yes,No,28,Yes,No,DSL,Yes,No,Yes,No,No,No,Month-to-month,Yes,Electronic check,58.87,1648.57,No
CUST-06802,Female,0,No,No,49,Yes,No,DSL,No,No,Yes,Yes,No,No,Two year,Yes,Credit card (automatic),79.45,3908.2,No
CUST-06803,Male,0,Yes,No,3,Yes,Yes,Fiber optic,No,No,Yes,No,No,No,Month-to-month,Yes,Credit card (automatic),82.43,316.22,Yes
CUST-06804,Male,0,No,No,46,Yes,Yes,No,No internet service,No internet service,No internet service,No internet service,No internet service,No internet service,Two year,Yes,Credit card (automatic),91.06,4156.37,No
CUST-06805,Female,0,Yes,No,8,Yes,No,Fiber optic,No,No,No,No,Yes,Yes,Month-to-month,No,Electronic check,95.57,719.78,No
CUST-06806,Male,0,Yes,No,65,Yes,No,Fiber optic,Yes,No,Yes,Yes,No,No,Month-to-month,Yes,Electronic check,106.06,6839.35,No
CUST-06807,Female,0,Yes,No,50,Yes,Yes,No,No internet service,No internet service,No internet service,No internet service,No internet service,No internet service,Two year,Yes,Mailed check,26.1,1264.17,No
CUST-06808,Male,1,No,No,25,Yes,No,Fiber optic,Yes,Yes,No,Yes,No,Yes,One year,No,Electronic check,84.98,2182.41,No
CUST-06809,Female,0,No,No,51,Yes,No,Fiber optic,No,No,No,No,Yes,No,Month-to-month,Yes,Bank transfer (automatic),90.52,4570.79,No
CUST-06810,Male,1,Yes,Yes,23,Yes,Yes,DSL,Yes,No,Yes,No,No,No,One year,No,Mailed check,76.19,1763.79,No
CUST-06811,Male,0,No,No,9,No,No phone service,No,No internet service,No internet service,No internet service,No internet service,No internet service,No internet service,Month-to-month,Yes,Mailed check,71.86,657.54,No
CUST-06812,Male,0,No,No,1,Yes,Yes,DSL,No,No,Yes,No,Yes,No,Two year,No,Bank transfer (automatic),118.68,65.89,No
CUST-06813,Female,0,No,No,16,Yes,Yes,DSL,Yes,Yes,No,No,Yes,No,Month-to-month,No,Mailed check,73.46,1198.43,No
CUST-06814,Male,1,No,No,51,Yes,Yes,DSL,No,No,No,No,Yes,Yes,Month-to-month,No,Electronic check,38.6,2009.09,No
CUST-06815,Female,0,No,No,41,Yes,No,DSL,No,No,No,No,Yes,Yes,Two year,Yes,Electronic check,35.65,1436.36,No
CUST-06816,Female,1,No,No,20,Yes,Yes,Fiber optic,Yes,Yes,No,Yes,Yes,No,Month-to-month,No,Bank transfer (automatic),68.46,1359.75,Yes
CUST-06817,Male,0,No,Yes,50,Yes,Yes,DSL,No,Yes,No,Yes,No,No,Two year,Yes,Electronic check,35.5,1757.26,No
CUST-06818,Male,0,No,No,28,No,No phone service,Fiber optic,No,Yes,Yes,Yes,No,No,Month-to-month,Yes,Credit card (automatic),125.0,3446.33,No
CUST-06819,Male,0,No,Yes,12,Yes,Yes,Fiber optic,No,Yes,Yes,Yes,No,No,Month-to-month,Yes,Mailed check,125.0,1518.07,No
CUST-06820,Female,1,Yes,No,49,Yes,No,DSL,No,No,No,No,Yes,No,Month-to-month,Yes,Credit card (automatic),56.15,2748.67,No
CUST-06821,Male,0,Yes,No,33,Yes,No,DSL,No,Yes,No,Yes,Yes,No,Month-to-month,No,Credit card (automatic),85.67,2835.8,Yes
CUST-06822,Male,1,No,No,48,Yes,No,DSL,No,No,No,No,No,Yes,Month-to-month,Yes,Bank transfer (automatic),63.18,2933.99,No
CUST-06823,Male,0,No,No,41,Yes,No,Fiber optic,No,Yes,Yes,Yes,Yes,No,Month-to-month,Yes,Credit card (automatic),77.99,3212.84,No
CUST-06824,Female,0,No,Yes,8,Yes,Yes,Fiber optic,No,No,No,No,No,No,Month-to-month,No,Electronic check,64.88,576.39,Yes
CUST-06825,Male,0,No,No,4,Yes,No,DSL,No,No,Yes,No,No,No,One year,No,Bank transfer (automatic),87.07,320.65,Yes
CUST-06826,Male,0,No,Yes,8,Yes,No,DSL,No,No,No,No,Yes,No,Month-to-month,No,Mailed check,67.66,500.9,No
CUST-06827,Male,0,Yes,Yes,17,Yes,Yes,DSL,Yes,No,No,Yes,Yes,Yes,Month-to-month,No,Bank transfer (automatic),61.23,1072.83,Yes
CUST-06828,Female,0,No,No,17,Yes,No,No,No internet service,No internet service,No internet service,No internet service,No internet service,No internet service,Month-to-month,No,Credit card (automatic),60.52,972.38,No
CUST-06829,Female,0,Yes,No,67,Yes,No,No,No internet service,No internet service,No internet service,No internet service,No internet service,No internet service,Month-to-month,Yes,Electronic check,105.0,6923.46,No
CUST-06830,Female,0,No,Yes,57,Yes,No,Fiber optic,No,Yes,Yes,Yes,No,No,Two year,No,Mailed check,55.94,3195.48,No
CUST-06831,Male,0,No,No,64,Yes,No,No,No internet service,No internet service,No internet service,No internet service,No internet service,No internet service,Month-to-month,No,Bank transfer (automatic),54.85,3482.92,No
CUST-06832,Female,0,Yes,Yes,35,Yes,Yes,DSL,Yes,Yes,No,No,Yes,Yes,Month-to-month,Yes,Electronic check,52.8,1875.87,Yes
CUST-06833,Female,0,No,No,24,Yes,No,Fiber optic,No,No,Yes,Yes,Yes,No,Month-to-month,Yes,Bank transfer (automatic),106.83,2566.31,Yes
CUST-06834,Male,0,No,Yes,30,Yes,No,Fiber optic,Yes,No,No,Yes,No,No,One year,Yes,Electronic check,125.0,3779.05,No
CUST-06835,Female,0,Yes,Yes,63,No,No phone service,Fiber optic,Yes,Yes,No,Yes,No,No,Month-to-month,Yes,Mailed check,64.19,4049.53,No
CUST-06836,Male,0,No,No,26,Yes,No,Fiber optic,Yes,No,No,Yes,No,Yes,Month-to-month,No,Credit card (automatic),125.0,3287.31,Yes
CUST-06837,Male,0,No,No,46,Yes,No,Fiber optic,No,No,No,Yes,No,Yes,Two year,No,Bank transfer (automatic),116.7,5509.14,No
CUST-06838,Female,0,No,No,11,Yes,No,No,No internet service,No internet service,No internet service,No internet service,No internet service,No internet service,Month-to-month,Yes,Mailed check,42.8,451.56,No
CUST-06839,Female,0,Yes,No,71,Yes,No,DSL,No,Yes,Yes,Yes,No,No,One year,Yes,Mailed check,76.56,5426.83,No
CUST-06840,Male,0,Yes,No,47,Yes,No,DSL,Yes,Yes,No,No,No,No,One year,Yes,Bank transfer (automatic),36.61,1670.02,No
CUST-06841,Female,0,No,No,70,Yes,Yes,Fiber optic,No,Yes,No,No,Yes,No,One year,Yes,Mailed check,71.53,4995.34,No
CUST-06842,Male,0,Yes,No,22,Yes,No,DSL,Yes,No,Yes,No,No,No,Month-to-month,No,Electronic check,29.79,655.07,Yes
CUST-06843,Female,0,Yes,No,45,Yes,No,DSL,Yes,No,Yes,Yes,No,Yes,Two year,No,Electronic check,56.94,2543.69,No
CUST-06844,Female,0,No,No,20,Yes,Yes,DSL,No,Yes,Yes,No,No,No,Month-to-month,Yes,Credit card (automatic),64.7,1297.65,No
CUST-06845,Female,0,No,Yes,34,Yes,Yes,Fiber optic,Yes,No,No,No,Yes,Yes,Month-to-month,No,Electronic check,55.87,1904.66,No
CUST-06846,Male,0,No,Yes,24,Yes,No,Fiber optic,Yes,No,No,No,No,Yes,Month-to-month,Yes,Electronic check,97.15,2341.99,No
CUST-06847,Female,0,No,No,11,Yes,Yes,Fiber optic,Yes,No,No,No,No,Yes,Two year,Yes,Electronic check,115.97,1256.46,Yes
CUST-06848,Female,1,Yes,No,32,Yes,No,Fiber optic,No,Yes,No,Yes,No,Yes,Two year,Yes,Bank transfer (automatic),97.43,3044.96,No
CUST-06849,Female,0,Yes,No,39,Yes,No,DSL,No,No,No,No,Yes,No,Two year,No,Bank transfer (automatic),31.26,1249.35,No
CUST-06850,Female,0,No,No,12,Yes,Yes,Fiber optic,No,No,No,Yes,Yes,No,Month-to-month,Yes,Electronic check,121.81,1446.63,Yes
CUST-06851,Female,0,Yes,No,29,Yes,No,DSL,Yes,Yes,No,Yes,Yes,No,Month-to-month,No,Bank transfer (automatic),78.42,2308.25,No
CUST-06852,Male,0,Yes,No,7,Yes,No,DSL,No,No,Yes,No,Yes,No,One year,Yes,Mailed check,44.97,297.16,No
CUST-06853,Male,0,No,No,47,Yes,Yes,Fiber optic,No,No,No,Yes,Yes,No,Two year,Yes,Mailed check,76.17,3516.27,No
CUST-06854,Female,0,Yes,Yes,23,Yes,Yes,DSL,Yes,Yes,No,No,No,Yes,Two year,Yes,Mailed check,107.98,2468.63,No
CUST-06855,Male,0,No,No,7,No,No phone service,DSL,Yes,No,No,No,No,Yes,Month-to-month,Yes,Credit card (automatic),72.15,419.19,No
CUST-06856,Male,0,No,Yes,37,No,No phone service,No,No internet service,No internet service,No internet service,No internet service,No internet service,No internet service,Two year,No,Electronic check,52.82,1910.3,No
CUST-06857,Male,0,No,Yes,61,Yes,Yes,Fiber optic,No,No,No,No,Yes,No,Month-to-month,Yes,Electronic check,81.08,4931.44,No
CUST-06858,Male,0,Yes,No,72,Yes,No,No,No internet service,No internet service,No internet service,No internet service,No internet service,No internet service,Month-to-month,No,Electronic check,31.24,2193.38,No
CUST-06859,Female,0,Yes,Yes,70,Yes,Yes,Fiber optic,No,No,Yes,No,No,Yes,Month-to-month,No,Credit card (automatic),60.01,4189.73,No
CUST-06860,Male,0,No,No,13,Yes,No,DSL,No,No,No,Yes,No,No,One year,No,Electronic check,88.24,1103.49,No
CUST-06861,Male,0,No,No,16,Yes,Yes,Fiber optic,No,No,No,Yes,No,No,Month-to-month,Yes,Electronic check,79.81,1301.82,Yes
CUST-06862,Male,0,No,No,65,Yes,Yes,No,No internet service,No internet service,No internet service,No internet service,No internet service,No internet service,One year,No,Credit card (automatic),58.6,3718.13,No
CUST-06863,Female,0,Yes,Yes,46,No,No phone service,No,No internet service,No internet service,No internet service,No internet service,No internet service,No internet service,Month-to-month,Yes,Credit card (automatic),71.77,3312.49,No
CUST-06864,Male,0,No,No,40,Yes,Yes,Fiber optic,No,No,Yes,Yes,No,No,Month-to-month,Yes,Bank transfer (automatic),107.07,4276.08,No
CUST-06865,Male,0,Yes,No,58,Yes,No,DSL,Yes,Yes,No,No,No,No,Two year,Yes,Bank transfer (automatic),118.75,6854.3,No
CUST-06866,Male,0,Yes,No,5,Yes,No,Fiber optic,Yes,Yes,No,No,No,Yes,Two year,Yes,Electronic check,30.25,142.1,No
CUST-06867,Female,0,Yes,No,40,Yes,No,DSL,No,No,Yes,Yes,Yes,No,One year,Yes,Electronic check,67.67,2722.54,No
CUST-06868,Female,0,Yes,No,42,Yes,No,DSL,No,No,No,No,No,No,Month-to-month,Yes,Mailed check,62.38,2510.86,No
CUST-06869,Male,0,Yes,No,68,Yes,Yes,DSL,No,No,No,No,No,No,Two year,Yes,Mailed check,107.47,7334.22,No
CUST-06870,Female,1,Yes,No,34,Yes,No,DSL,Yes,No,No,No,No,No,Month-to-month,No,Mailed check,68.3,2393.71,No
CUST-06871,Female,0,No,No,37,No,No phone service,Fiber optic,Yes,Yes,Yes,Yes,Yes,No,Month-to-month,No,Credit card (automatic),69.88,2523.36,No
CUST-06872,Male,0,No,No,58,Yes,No,No,No internet service,No internet service,No internet service,No internet service,No internet service,No internet service,Month-to-month,No,Mailed check,63.9,3785.46,No
CUST-06873,Male,0,Yes,No,20,Yes,No,Fiber optic,No,No,No,No,Yes,No,Month-to-month,No,Bank transfer (automatic),125.0,2540.31,Yes
CUST-06874,Female,0,Yes,No,6,No,No phone service,Fiber optic,Yes,Yes,No,Yes,No,No,One year,Yes,Mailed check,30.25,147.25,Yes
CUST-06875,Female,0,No,Yes,34,Yes,No,No,No internet service,No internet service,No internet service,No internet service,No internet service,No internet service,Month-to-month,No,Mailed check,80.3,2734.57,No
CUST-06876,Female,0,Yes,No,44,Yes,Yes,DSL,No,Yes,No,No,Yes,No,One year,Yes,Credit card (automatic),81.57,3561.67,No
CUST-06877,Female,1,Yes,No,36,No,No phone service,Fiber optic,No,Yes,No,Yes,Yes,Yes,Two year,Yes,Bank transfer (automatic),125.0,4506.04,No
CUST-06878,Female,0,No,No,51,Yes,Yes,Fiber optic,No,No,No,No,Yes,No,Month-to-month,No,Mailed check,46.61,2452.59,No
CUST-06879,Male,1,No,No,19,Yes,No,DSL,No,Yes,No,Yes,No,Yes,Month-to-month,Yes,Electronic check,55.23,1073.63,Yes
CUST-06880,Male,0,No,No,2,Yes,Yes,Fiber optic,No,No,No,Yes,No,No,One year,No,Credit card (automatic),95.54,176.83,Yes
CUST-06881,Female,0,Yes,No,57,Yes,Yes,Fiber optic,No,No,No,No,Yes,No,One year,Yes,Bank transfer (automatic),69.97,4005.72,No
CUST-06882,Female,0,Yes,Yes,62,Yes,No,No,No internet service,No internet service,No internet service,No internet service,No internet service,No internet service,One year,No,Bank transfer (automatic),20.72,1221.41,No
CUST-06883,Male,0,Yes,No,45,Yes,No,Fiber optic,Yes,No,Yes,No,Yes,No,Month-to-month,Yes,Mailed check,112.14,5117.73,No
CUST-06884,Female,0,No,Yes,23,Yes,Yes,Fiber optic,No,Yes,Yes,No,No,No,Month-to-month,Yes,Bank transfer (automatic),85.6,1958.5,Yes
CUST-06885,Female,0,Yes,No,27,Yes,Yes,Fiber optic,No,No,No,Yes,Yes,No,Two year,No,Mailed check,56.31,1509.49,No
CUST-06886,Female,0,Yes,No,35,Yes,No,No,No internet service,No internet service,No internet service,No internet service,No internet service,No internet service,Month-to-month,No,Electronic check,40.73,1435.12,No
CUST-06887,Male,0,Yes,No,31,Yes,No,No,No internet service,No internet service,No internet service,No internet service,No internet service,No internet service,Month-to-month,No,Bank transfer (automatic),82.3,2528.98,No
CUST-06888,Female,0,No,No,17,Yes,No,DSL,No,No,No,No,No,No,One year,Yes,Bank transfer (automatic),31.42,495.86,No
CUST-06889,Female,0,Yes,Yes,27,Yes,Yes,Fiber optic,No,No,No,No,No,No,Month-to-month,Yes,Electronic check,96.63,2623.76,Yes
CUST-06890,Male,0,Yes,Yes,22,Yes,No,No,No internet service,No internet service,No internet service,No internet service,No internet service,No internet service,Two year,No,Mailed check,118.75,2596.89,Yes
CUST-06891,Female,0,No,No,33,Yes,Yes,Fiber optic,Yes,No,Yes,No,No,No,One year,Yes,Credit card (automatic),45.41,1446.6,No
CUST-06892,Female,0,No,Yes,28,No,No phone service,Fiber optic,No,Yes,No,No,No,No,Two year,Yes,Mailed check,125.0,3544.49,No
CUST-06893,Female,0,No,No,39,Yes,No,Fiber optic,No,Yes,No,Yes,No,No,Two year,No,Mailed check,118.93,4526.93,No
CUST-06894,Male,1,No,No,59,Yes,No,Fiber optic,Yes,No,No,No,Yes,No,Month-to-month,Yes,Electronic check,67.44,3924.65,Yes
CUST-06895,Male,0,Yes,No,24,Yes,Yes,Fiber optic,Yes,No,Yes,No,Yes,Yes,One year,No,Bank transfer (automatic),71.94,1762.38,No
CUST-06896,Male,0,No,No,5,Yes,Yes,Fiber optic,No,No,No,No,No,No,Month-to-month,Yes,Electronic check,69.76,335.58,Yes
CUST-06897,Female,0,Yes,No,59,Yes,No,DSL,No,No,No,No,Yes,No,Month-to-month,Yes,Bank transfer (automatic),83.24,4966.17,No
CUST-06898,Female,0,No,No,14,Yes,No,Fiber optic,No,No,No,No,No,No,Month-to-month,Yes,Credit card (automatic),86.72,1265.17,No
CUST-06899,Male,0,Yes,No,67,Yes,Yes,Fiber optic,No,No,No,No,Yes,No,Two year,No,Mailed check,70.41,4760.15,No
CUST-06900,Male,0,No,Yes,39,No,No phone service,No,No internet service,No internet service,No internet service,No internet service,No internet service,No internet service,Month-to-month,No,Electronic check,51.81,2088.29,No
CUST-06901,Female,0,No,No,38,Yes,Yes,DSL,No,Yes,No,No,Yes,Yes,Two year,No,Credit card (automatic),47.99,1812.25,No
CUST-06902,Male,0,Yes,No,30,Yes,No,Fiber optic,No,Yes,No,Yes,No,Yes,Month-to-month,No,Electronic check,110.03,3295.11,No
CUST-06903,Male,0,Yes,No,52,Yes,No,DSL,No,No,No,Yes,No,No,Month-to-month,Yes,Electronic check,43.62,2269.85,No
CUST-06904,Male,0,No,No,48,Yes,Yes,Fiber optic,No,Yes,No,No,Yes,No,Two year,No,Electronic check,62.84,3061.57,No
CUST-06905,Male,0,Yes,No,67,Yes,No,No,No internet service,No internet service,No internet service,No internet service,No internet service,No internet service,Month-to-month,No,Mailed check,95.7,6386.38,No
CUST-06906,Female,0,No,No,2,Yes,Yes,No,No internet service,No internet service,No internet service,No internet service,No internet service,No internet service,Two year,Yes,Electronic check,57.26,155.2,No
CUST-06907,Female,0,Yes,No,14,Yes,No,Fiber optic,No,Yes,No,No,No,No,One year,Yes,Mailed check,60.4,849.14,Yes
CUST-06908,Female,0,No,No,20,Yes,No,DSL,No,No,Yes,Yes,No,Yes,Two year,Yes,Bank transfer (automatic),57.84,1202.01,Yes
CUST-06909,Female,0,No,No,14,Yes,No,No,No internet service,No internet service,No internet service,No internet service,No internet service,No internet service,One year,Yes,Bank transfer (automatic),118.75,1703.37,Yes
CUST-06910,Male,0,Yes,No,69,Yes,Yes,DSL,No,No,Yes,Yes,Yes,Yes,Month-to-month,Yes,Credit card (automatic),42.93,2955.8,No
CUST-06911,Male,0,No,No,6,Yes,No,DSL,Yes,No,No,No,No,No,One year,No,Credit card (automatic),106.03,710.24,Yes
CUST-06912,Male,0,No,No,9,Yes,No,DSL,Yes,No,Yes,No,Yes,No,One year,Yes,Bank transfer (automatic),51.31,503.82,No
CUST-06913,Female,0,No,Yes,32,Yes,No,Fiber optic,No,No,No,No,Yes,Yes,Month-to-month,Yes,Mailed check,96.22,2998.2,No
CUST-06914,Male,1,No,No,20,Yes,Yes,No,No internet service,No internet service,No internet service,No internet service,No internet service,No internet service,Month-to-month,No,Electronic check,56.53,1037.27,No
CUST-06915,Female,0,No,No,24,Yes,No,No,No internet service,No internet service,No internet service,No internet service,No internet service,No internet service,Month-to-month,No,Mailed check,99.28,2337.2,No
CUST-06916,Male,1,Yes,No,44,Yes,Yes,Fiber optic,No,No,No,No,No,No,Month-to-month,Yes,Mailed check,44.81,1970.48,No
CUST-06917,Female,1,Yes,No,41,Yes,No,Fiber optic,No,No,Yes,No,Yes,No,Month-to-month,Yes,Electronic check,59.6,2494.58,No
CUST-06918,Female,0,Yes,No,63,Yes,No,No,No internet service,No internet service,No internet service,No internet service,No internet service,No internet service,Two year,Yes,Electronic check,50.34,3156.14,No
CUST-06919,Female,0,No,Yes,33,Yes,Yes,Fiber optic,Yes,Yes,No,No,No,Yes,Two year,No,Mailed check,90.47,2970.76,No
CUST-06920,Male,0,No,No,68,Yes,No,Fiber optic,Yes,No,No,No,No,Yes,Month-to-month,Yes,Credit card (automatic),85.39,5819.26,No
CUST-06921,Female,1,Yes,No,14,Yes,Yes,No,No internet service,No internet service,No internet service,No internet service,No internet service,No internet service,Month-to-month,Yes,Mailed check,21.25,364.08,No
CUST-06922,Female,0,No,No,15,Yes,Yes,No,No internet service,No internet service,No internet service,No internet service,No internet service,No internet service,Month-to-month,Yes,Electronic check,41.22,634.88,Yes
CUST-06923,Female,0,Yes,No,29,Yes,Yes,Fiber optic,Yes,Yes,No,No,Yes,No,Month-to-month,Yes,Mailed check,125.0,3613.88,Yes
CUST-06924,Male,0,No,No,9,Yes,No,Fiber optic,No,No,No,No,No,No,One year,Yes,Credit card (automatic),82.23,689.51,No
CUST-06925,Female,1,No,No,3,Yes,Yes,No,No internet service,No internet service,No internet service,No internet service,No internet service,No internet service,Month-to-month,Yes,Credit card (automatic),21.25,6.6,No
CUST-06926,Female,0,No,No,27,Yes,No,Fiber optic,No,No,Yes,No,Yes,Yes,Month-to-month,Yes,Credit card (automatic),103.01,2714.03,Yes
CUST-06927,Female,0,No,No,39,Yes,No,DSL,No,No,No,Yes,No,Yes,Month-to-month,Yes,Credit card (automatic),74.44,2925.46,No
CUST-06928,Female,0,No,Yes,20,Yes,Yes,No,No internet service,No internet service,No internet service,No internet service,No internet service,No internet service,Month-to-month,No,Bank transfer (automatic),82.7,1668.51,No
CUST-06929,Male,0,Yes,No,20,Yes,No,Fiber optic,No,Yes,No,No,No,No,Two year,Yes,Mailed check,97.74,1981.58,No
CUST-06930,Male,1,No,No,8,Yes,No,Fiber optic,No,No,No,No,No,No,Two year,Yes,Electronic check,52.31,458.19,Yes
CUST-06931,Female,0,Yes,No,9,Yes,No,Fiber optic,No,No,Yes,No,No,No,Month-to-month,Yes,Credit card (automatic),97.31,883.37,No
CUST-06932,Male,0,No,No,64,Yes,Yes,DSL,No,No,No,No,No,Yes,Month-to-month,Yes,Mailed check,99.7,6338.21,No
CUST-06933,Female,0,No,Yes,5,Yes,Yes,DSL,No,Yes,Yes,No,No,No,Month-to-month,Yes,Bank transfer (automatic),63.51,287.64,No
CUST-06934,Male,0,Yes,No,51,Yes,No,DSL,No,Yes,Yes,No,Yes,No,Month-to-month,No,Mailed check,109.4,5584.51,No
CUST-06935,Female,0,Yes,No,52,Yes,Yes,Fiber optic,No,No,Yes,No,Yes,No,Month-to-month,No,Electronic check,33.25,1711.43,Yes
CUST-06936,Female,0,Yes,No,15,Yes,No,Fiber optic,No,No,No,No,Yes,Yes,One year,No,Bank transfer (automatic),101.45,1439.25,No
CUST-06937,Female,0,No,No,18,Yes,Yes,Fiber optic,No,No,No,No,Yes,No,Month-to-month,Yes,Bank transfer (automatic),51.84,901.12,Yes
CUST-06938,Female,0,Yes,No,27,Yes,No,Fiber optic,No,No,No,No,No,No,Two year,Yes,Credit card (automatic),30.25,879.98,No
CUST-06939,Male,1,No,Yes,48,Yes,Yes,DSL,Yes,No,No,No,Yes,No,Month-to-month,No,Credit card (automatic),33.7,1627.56,No
CUST-06940,Male,0,Yes,Yes,3,Yes,Yes,Fiber optic,Yes,No,No,No,No,No,Two year,No,Electronic check,30.25,95.75,Yes
CUST-06941,Male,0,No,No,59,Yes,No,No,No internet service,No internet service,No internet service,No internet service,No internet service,No internet service,One year,No,Credit card (automatic),112.37,6593.45,No
CUST-06942,Female,0,No,No,25,Yes,Yes,Fiber optic,Yes,No,No,No,No,No,Month-to-month,No,Credit card (automatic),61.26,1466.76,Yes
CUST-06943,Male,0,Yes,Yes,36,Yes,No,DSL,No,No,No,Yes,No,No,One year,No,Bank transfer (automatic),83.03,2991.97,No
CUST-06944,Female,1,No,Yes,66,No,No phone service,DSL,Yes,No,Yes,No,No,No,One year,Yes,Electronic check,52.01,3449.27,No
CUST-06945,Male,0,Yes,No,10,Yes,No,Fiber optic,No,No,Yes,No,No,No,Month-to-month,Yes,Credit card (automatic),125.0,1185.23,Yes
CUST-06946,Male,0,No,Yes,69,Yes,Yes,Fiber optic,No,No,Yes,No,No,No,Month-to-month,Yes,Bank transfer (automatic),68.43,4760.0,No
CUST-06947,Female,0,Yes,No,45,Yes,No,No,No internet service,No internet service,No internet service,No internet service,No internet service,No internet service,One year,Yes,Electronic check,77.93,3484.94,No
CUST-06948,Female,0,No,No,31,Yes,Yes,No,No internet service,No internet service,No internet service,No internet service,No internet service,No internet service,Month-to-month,Yes,Bank transfer (automatic),48.48,1518.53,No
CUST-06949,Female,0,Yes,Yes,6,Yes,Yes,Fiber optic,No,No,No,Yes,Yes,No,Month-to-month,No,Mailed check,105.96,637.69,Yes
CUST-06950,Male,0,No,Yes,5,No,No phone service,Fiber optic,Yes,No,Yes,No,No,Yes,Two year,No,Credit card (automatic),76.18,376.84,Yes
CUST-06951,Male,0,Yes,No,59,Yes,No,DSL,Yes,No,No,Yes,No,Yes,Two year,Yes,Electronic check,86.49,5222.3,No
CUST-06952,Female,0,No,Yes,29,Yes,Yes,Fiber optic,Yes,Yes,Yes,Yes,No,Yes,One year,Yes,Mailed check,35.21,1046.23,No
CUST-06953,Male,0,Yes,No,55,Yes,Yes,DSL,No,Yes,Yes,Yes,Yes,Yes,One year,Yes,Credit card (automatic),83.06,4569.67,No
CUST-06954,Male,0,Yes,Yes,60,Yes,Yes,DSL,Yes,No,No,No,Yes,No,One year,No,Bank transfer (automatic),72.03,4350.29,No
CUST-06955,Female,0,No,No,29,Yes,Yes,DSL,Yes,No,Yes,Yes,Yes,No,Month-to-month,Yes,Mailed check,22.88,645.53,No
CUST-06956,Male,0,Yes,No,23,Yes,No,DSL,Yes,Yes,No,No,No,No,Month-to-month,No,Electronic check,21.25,525.23,No
CUST-06957,Female,0,No,No,20,Yes,No,DSL,No,No,No,Yes,Yes,No,Month-to-month,Yes,Bank transfer (automatic),112.81,2268.49,No
CUST-06958,Male,1,No,Yes,46,Yes,No,No,No internet service,No internet service,No internet service,No internet service,No internet service,No internet service,Month-to-month,No,Mailed check,87.52,4019.35,No
CUST-06959,Female,1,Yes,No,52,Yes,Yes,Fiber optic,Yes,Yes,Yes,Yes,Yes,Yes,Month-to-month,No,Bank transfer (automatic),99.94,5184.12,No
CUST-06960,Male,0,No,No,26,Yes,No,Fiber optic,No,No,Yes,Yes,Yes,Yes,Month-to-month,Yes,Mailed check,125.0,3242.92,No
CUST-06961,Female,0,Yes,Yes,41,Yes,Yes,DSL,No,Yes,No,No,Yes,No,Month-to-month,Yes,Mailed check,97.92,4015.2,Yes
CUST-06962,Female,0,No,No,39,Yes,Yes,Fiber optic,No,Yes,Yes,Yes,No,No,Month-to-month,No,Electronic check,124.92,4926.11,Yes
CUST-06963,Female,0,No,No,11,Yes,Yes,No,No internet service,No internet service,No internet service,No internet service,No internet service,No internet service,Two year,No,Credit card (automatic),35.99,415.18,No
CUST-06964,Male,0,Yes,Yes,38,Yes,No,Fiber optic,No,Yes,No,No,Yes,No,Two year,Yes,Bank transfer (automatic),81.91,3018.06,No
CUST-06965,Female,0,Yes,No,55,Yes,No,No,No internet service,No internet service,No internet service,No internet service,No internet service,No internet service,Month-to-month,Yes,Credit card (automatic),121.75,6770.7,No
CUST-06966,Male,0,No,No,70,Yes,Yes,No,No internet service,No internet service,No internet service,No internet service,No internet service,No internet service,Month-to-month,Yes,Mailed check,92.18,6477.36,No
CUST-06967,Male,1,No,Yes,25,Yes,Yes,No,No internet service,No internet service,No internet service,No internet service,No internet service,No internet service,Month-to-month,No,Bank transfer (automatic),21.25,644.13,No
CUST-06968,Male,0,Yes,Yes,18,Yes,No,Fiber optic,No,No,No,No,Yes,No,Month-to-month,No,Electronic check,91.37,1642.1,Yes
CUST-06969,Male,0,Yes,No,65,Yes,Yes,DSL,Yes,No,Yes,No,Yes,No,Month-to-month,Yes,Mailed check,54.95,,No
CUST-06970,Male,0,Yes,No,67,Yes,No,DSL,No,Yes,No,No,Yes,Yes,Two year,Yes,Electronic check,42.22,2862.98,No
CUST-06971,Female,1,No,Yes,60,No,No phone service,Fiber optic,Yes,No,No,Yes,Yes,No,Month-to-month,Yes,Electronic check,120.18,7219.42,No
CUST-06972,Male,0,No,No,25,Yes,Yes,No,No internet service,No internet service,No internet service,No internet service,No internet service,No internet service,One year,Yes,Electronic check,55.47,1446.96,Yes
CUST-06973,Female,1,Yes,No,20,Yes,No,Fiber optic,No,Yes,No,Yes,No,No,Two year,Yes,Mailed check,90.44,1800.74,No
CUST-06974,Male,1,No,Yes,45,Yes,No,DSL,No,Yes,No,Yes,No,No,Month-to-month,Yes,Electronic check,50.6,2283.11,Yes
CUST-06975,Female,0,No,No,19,Yes,Yes,DSL,Yes,Yes,No,Yes,Yes,Yes,One year,Yes,Mailed check,78.54,1443.52,No
CUST-06976,Male,0,No,No,56,Yes,Yes,Fiber optic,Yes,No,Yes,No,No,Yes,Month-to-month,Yes,Credit card (automatic),104.29,5830.5,No
CUST-06977,Male,0,Yes,No,29,Yes,No,No,No internet service,No internet service,No internet service,No internet service,No internet service,No internet service,One year,Yes,Electronic check,79.56,2267.17,No
CUST-06978,Female,0,Yes,No,24,Yes,No,DSL,No,No,Yes,Yes,No,No,Month-to-month,Yes,Electronic check,62.29,1497.16,Yes
CUST-06979,Male,0,Yes,Yes,58,Yes,No,DSL,Yes,Yes,Yes,No,No,No,Month-to-month,Yes,Bank transfer (automatic),82.44,4809.52,Yes
CUST-06980,Female,0,No,Yes,26,Yes,No,Fiber optic,No,No,Yes,Yes,No,Yes,Month-to-month,No,Electronic check,125.0,3268.01,No
CUST-06981,Female,0,Yes,Yes,10,Yes,Yes,DSL,No,No,Yes,No,No,Yes,Two year,Yes,Electronic check,97.49,984.98,Yes
CUST-06982,Male,0,Yes,No,58,Yes,Yes,DSL,Yes,No,Yes,No,Yes,No,Month-to-month,No,Electronic check,63.78,3732.23,No
CUST-06983,Male,0,No,No,23,Yes,Yes,DSL,Yes,No,No,Yes,No,No,Two year,Yes,Credit card (automatic),37.47,972.2,No
CUST-06984,Female,0,No,Yes,48,Yes,Yes,Fiber optic,No,No,Yes,No,No,Yes,Month-to-month,No,Mailed check,33.25,1576.21,No
CUST-06985,Male,0,Yes,No,48,Yes,No,DSL,No,Yes,No,Yes,No,No,Month-to-month,Yes,Credit card (automatic),23.75,1249.7,No
CUST-06986,Male,0,Yes,No,6,Yes,Yes,DSL,Yes,No,No,Yes,No,No,Month-to-month,No,Electronic check,22.01,69.44,No
CUST-06987,Male,0,Yes,No,3,Yes,No,Fiber optic,Yes,Yes,No,No,No,Yes,Two year,Yes,Electronic check,33.19,0.0,Yes
CUST-06988,Male,0,Yes,No,60,No,No phone service,Fiber optic,No,No,Yes,No,No,No,One year,Yes,Bank transfer (automatic),94.64,5733.39,No
CUST-06989,Female,0,Yes,No,5,Yes,No,Fiber optic,No,Yes,Yes,No,No,Yes,Month-to-month,No,Credit card (automatic),114.8,577.86,No
CUST-06990,Female,0,Yes,No,24,Yes,No,Fiber optic,Yes,No,No,No,Yes,Yes,Two year,No,Bank transfer (automatic),67.14,1541.92,No
CUST-06991,Male,0,Yes,No,55,Yes,No,Fiber optic,No,No,No,Yes,No,Yes,Two year,No,Electronic check,84.22,4634.39,No
CUST-06992,Male,0,No,No,13,Yes,Yes,No,No internet service,No internet service,No internet service,No internet service,No internet service,No internet service,Month-to-month,Yes,Credit card (automatic),94.88,1215.05,Yes
CUST-06993,Female,1,No,No,38,Yes,No,DSL,Yes,Yes,No,No,Yes,No,Month-to-month,Yes,Credit card (automatic),90.28,3448.86,Yes
CUST-06994,Male,0,Yes,Yes,9,Yes,No,DSL,No,No,No,No,No,Yes,One year,Yes,Mailed check,83.29,738.48,No
CUST-06995,Male,0,No,No,41,Yes,No,Fiber optic,No,No,No,Yes,No,Yes,Month-to-month,No,Credit card (automatic),116.41,4831.45,Yes
CUST-06996,Male,0,Yes,No,52,Yes,No,DSL,No,Yes,No,No,No,Yes,Month-to-month,Yes,Credit card (automatic),90.92,4735.63,No
CUST-06997,Female,0,No,Yes,18,Yes,Yes,DSL,No,Yes,No,No,No,No,One year,No,Bank transfer (automatic),43.62,797.95,Yes
CUST-06998,Female,1,No,Yes,21,Yes,No,DSL,No,No,Yes,Yes,No,No,One year,No,Electronic check,78.58,1641.87,No
CUST-06999,Female,1,No,No,39,Yes,No,No,No internet service,No internet service,No internet service,No internet service,No internet service,No internet service,Month-to-month,Yes,Bank transfer (automatic),121.75,4779.63,No
CUST-07000,Male,0,No,Yes,57,Yes,Yes,No,No internet service,No internet service,No internet service,No internet service,No internet service,No internet service,Month-to-month,No,Credit card (automatic),66.07,3761.0,No
CUST-07001,Male,0,Yes,No,40,No,No phone service,DSL,No,No,Yes,No,Yes,Yes,Month-to-month,Yes,Electronic check,94.41,3821.89,No
CUST-07002,Female,0,Yes,Yes,51,Yes,Yes,DSL,Yes,No,No,No,Yes,No,One year,Yes,Electronic check,118.75,5993.82,No
CUST-07003,Male,1,No,Yes,30,Yes,No,DSL,Yes,Yes,Yes,No,No,No,Month-to-month,Yes,Mailed check,57.51,1730.9,No
CUST-07004,Male,0,Yes,No,10,Yes,No,DSL,No,Yes,No,Yes,No,No,Month-to-month,Yes,Bank transfer (automatic),33.78,311.69,Yes
CUST-07005,Female,1,No,Yes,70,Yes,No,DSL,No,Yes,No,No,Yes,Yes,Month-to-month,Yes,Mailed check,72.18,5008.37,No
CUST-07006,Female,0,Yes,Yes,58,Yes,No,DSL,No,Yes,No,No,No,No,Month-to-month,Yes,Credit card (automatic),56.53,3219.27,No
CUST-07007,Male,0,Yes,No,4,Yes,Yes,Fiber optic,Yes,No,No,No,No,Yes,One year,Yes,Credit card (automatic),83.85,296.72,No
CUST-07008,Male,0,No,No,20,Yes,No,No,No internet service,No internet service,No internet service,No internet service,No internet service,No internet service,Month-to-month,Yes,Credit card (automatic),36.22,740.75,No
CUST-07009,Male,0,No,No,30,Yes,Yes,DSL,Yes,Yes,No,No,No,No,One year,Yes,Electronic check,35.16,1075.27,No
CUST-07010,Male,0,No,No,6,No,No phone service,DSL,Yes,No,No,Yes,No,No,Month-to-month,No,Electronic check,67.93,443.83,No
CUST-07011,Female,0,No,Yes,62,Yes,No,Fiber optic,No,No,No,No,No,No,Month-to-month,Yes,Electronic check,70.74,4365.85,No
CUST-07012,Male,0,No,No,13,Yes,No,DSL,No,No,No,Yes,No,Yes,Month-to-month,No,Bank transfer (automatic),121.11,1620.66,No
CUST-07013,Male,0,Yes,No,15,No,No phone service,DSL,Yes,No,No,No,No,No,Two year,No,Bank transfer (automatic),48.81,729.44,No
CUST-07014,Female,0,No,Yes,23,Yes,No,DSL,No,No,Yes,Yes,No,No,Month-to-month,No,Mailed check,61.18,1437.31,No
CUST-07015,Female,0,Yes,Yes,68,Yes,No,Fiber optic,No,Yes,No,Yes,No,No,Month-to-month,Yes,Mailed check,99.55,6774.48,No
CUST-07016,Male,0,Yes,No,17,Yes,Yes,DSL,No,No,Yes,No,Yes,No,Month-to-month,Yes,Mailed check,121.75,2036.8,No
CUST-07017,Male,0,No,Yes,31,Yes,No,DSL,No,Yes,No,No,No,Yes,One year,Yes,Electronic check,63.5,1905.18,No
CUST-07018,Male,1,Yes,Yes,50,Yes,No,Fiber optic,No,No,No,No,No,No,One year,No,Mailed check,111.54,5523.29,No
CUST-07019,Female,1,Yes,No,12,Yes,No,Fiber optic,Yes,Yes,Yes,No,Yes,No,One year,Yes,Credit card (automatic),69.41,789.63,No
CUST-07020,Female,0,Yes,No,7,Yes,Yes,No,No internet service,No internet service,No internet service,No internet service,No internet service,No internet service,One year,Yes,Mailed check,30.87,193.98,No
CUST-07021,Male,0,No,No,7,Yes,Yes,Fiber optic,No,No,No,No,No,Yes,Month-to-month,No,Electronic check,61.15,457.13,Yes
CUST-07022,Male,0,No,Yes,14,Yes,No,DSL,Yes,Yes,Yes,No,No,No,Month-to-month,Yes,Mailed check,63.91,939.49,Yes
CUST-07023,Male,0,Yes,No,24,Yes,No,DSL,Yes,Yes,Yes,Yes,Yes,No,Month-to-month,No,Electronic check,121.75,2969.98,Yes
CUST-07024,Male,1,No,No,68,Yes,No,No,No internet service,No internet service,No internet service,No internet service,No internet service,No internet service,Month-to-month,No,Electronic check,98.94,6587.17,No
CUST-07025,Female,0,Yes,No,67,Yes,Yes,DSL,No,No,Yes,Yes,No,No,Month-to-month,No,Mailed check,96.06,6415.14,No
CUST-07026,Male,0,No,No,41,Yes,No,DSL,No,No,Yes,No,No,No,One year,Yes,Bank transfer (automatic),56.94,2322.64,No
CUST-07027,Female,0,No,No,68,No,No phone service,DSL,No,No,No,No,Yes,No,Two year,No,Electronic check,52.48,3549.89,No
CUST-07028,Male,0,Yes,Yes,3,Yes,No,No,No internet service,No internet service,No internet service,No internet service,No internet service,No internet service,Two year,No,Mailed check,42.57,50.48,No
CUST-07029,Female,1,No,No,41,Yes,Yes,No,No internet service,No internet service,No internet service,No internet service,No internet service,No internet service,Two year,No,Bank transfer (automatic),92.74,3848.51,No
CUST-07030,Male,0,No,No,32,Yes,Yes,Fiber optic,Yes,No,Yes,No,No,No,Month-to-month,Yes,Credit card (automatic),115.19,3767.99,No
CUST-07031,Male,1,Yes,No,9,Yes,No,DSL,Yes,Yes,Yes,Yes,Yes,No,Month-to-month,Yes,Electronic check,101.05,894.06,Yes
CUST-07032,Male,0,Yes,No,40,Yes,Yes,DSL,No,No,Yes,No,Yes,Yes,Month-to-month,Yes,Bank transfer (automatic),33.41,1435.98,No
CUST-07033,Male,0,No,No,33,Yes,Yes,DSL,No,Yes,No,No,No,No,Month-to-month,Yes,Credit card (automatic),47.66,1468.4,Yes
CUST-07034,Male,1,Yes,No,55,Yes,No,DSL,No,No,No,No,No,No,Month-to-month,No,Bank transfer (automatic),121.75,6646.57,No
CUST-07035,Male,0,Yes,Yes,31,Yes,No,No,No internet service,No internet service,No internet service,No internet service,No internet service,No internet service,One year,No,Bank transfer (automatic),91.89,2836.62,No
CUST-07036,Female,0,No,No,31,Yes,Yes,Fiber optic,No,Yes,No,No,No,Yes,Month-to-month,No,Electronic check,117.98,3686.54,No
CUST-07037,Female,0,Yes,No,17,Yes,No,DSL,No,No,Yes,Yes,No,No,Month-to-month,Yes,Bank transfer (automatic),69.02,1177.02,Yes
CUST-07038,Male,1,Yes,No,35,Yes,No,No,No internet service,No internet service,No internet service,No internet service,No internet service,No internet service,Two year,No,Bank transfer (automatic),96.08,3313.59,No
CUST-07039,Male,0,Yes,Yes,6,Yes,No,DSL,Yes,Yes,Yes,Yes,No,Yes,One year,Yes,Bank transfer (automatic),58.01,381.28,Yes
CUST-07040,Male,0,Yes,No,41,Yes,Yes,Fiber optic,Yes,No,No,No,No,No,One year,Yes,Electronic check,101.21,4175.82,No
CUST-07041,Male,0,No,No,28,Yes,No,DSL,Yes,No,No,Yes,No,No,Month-to-month,No,Mailed check,69.84,1931.2,No
CUST-07042,Male,0,No,No,20,Yes,No,Fiber optic,Yes,Yes,No,No,Yes,No,Month-to-month,Yes,Electronic check,81.97,1622.48,Yes
CUST-07043,Male,0,Yes,No,27,Yes,Yes,DSL,Yes,Yes,Yes,No,No,No,Month-to-month,Yes,Mailed check,73.47,1932.96,No
CUST-00101,Male,0,No,No,19,Yes,Yes,Fiber optic,No,No,No,Yes,No,Yes,One year,No,Electronic check,80.06,1541.55,Yes
CUST-00501,Female,0,Yes,No,21,Yes,Yes,No,No internet service,No internet service,No internet service,No internet service,No internet service,No internet service,Month-to-month,Yes,Mailed check,28.12,602.7,No
